Location,Crop,Soil_Type,pH,Nitrogen,Phosphorus,Potassium,Rainfall_mm,Temperature_C,Expected_Yield_ton_per_hectare
Ranchi,Pulses,Sandy Loam,6.98,Medium,Medium,High,849,24,1.11
Ranchi,Pulses,Sandy Loam,6.74,Medium,Medium,Medium,967,23,1.44
Ranchi,Pulses,Sandy Loam,6.44,High,High,High,877,24,1.49
Ranchi,Maize,Loamy,7.23,Medium,Medium,Low,918,19,2.97
Ranchi,Maize,Loamy,7.05,Low,High,Low,923,21,3.15
Ranchi,Pulses,Sandy Loam,6.4,High,Medium,Low,923,27,1.17
Ranchi,Maize,Loamy,6.73,Low,High,High,1062,26,2.25
Ranchi,Pulses,Loamy,7.15,High,Medium,Low,1035,27,1.61
Ranchi,Rice,Loamy,5.98,High,Low,High,1273,27,3.04
Ranchi,Rice,Loamy,6.3,High,Low,Medium,1557,31,2.79
Ranchi,Maize,Loamy,6.77,Low,High,Low,1066,18,3.61
Ranchi,Wheat,Loamy,7.28,Medium,Medium,Medium,1147,22,3.33
Ranchi,Maize,Loamy,7.49,Medium,High,High,1038,30,3.66
Ranchi,Maize,Sandy Loam,7.33,Medium,Low,Low,934,26,3.94
Ranchi,Rice,Loamy,6.69,Low,High,Low,1286,32,4.17
Ranchi,Maize,Loamy,6.28,Low,Low,Medium,1098,24,2.05
Ranchi,Pulses,Sandy Loam,6.2,Low,High,Low,931,24,1.91
Ranchi,Wheat,Loamy,6.32,High,Medium,Low,1080,23,1.94
Ranchi,Maize,Sandy Loam,7.18,Low,Low,Medium,1079,19,3.14
Ranchi,Pulses,Loamy,6.95,Low,Low,High,959,25,1.19
Ranchi,Rice,Loamy,5.81,Low,High,High,1517,32,3.29
Ranchi,Wheat,Clay Loam,6.25,Low,Low,High,1300,25,2.71
Ranchi,Pulses,Loamy,6.07,High,High,Low,1059,18,1.8
Ranchi,Rice,Clay Loam,6.66,Low,Medium,High,1201,24,4.47
Ranchi,Maize,Sandy Loam,7.23,Low,Low,Medium,1198,27,3.16
Ranchi,Wheat,Clay Loam,6.72,Low,High,High,1161,19,2.69
Ranchi,Rice,Loamy,5.98,High,High,High,1589,26,4.4
Ranchi,Rice,Loamy,5.61,Medium,Low,High,1426,25,3.81
Ranchi,Wheat,Clay Loam,7.3,Medium,Low,High,1210,25,1.93
Ranchi,Wheat,Clay Loam,7.24,High,High,Medium,1389,19,3.19
Ranchi,Rice,Loamy,5.53,Medium,Medium,Low,1450,31,3.97
Ranchi,Pulses,Sandy Loam,6.91,Low,High,Medium,1089,27,1.96
Ranchi,Pulses,Sandy Loam,6.22,Low,Medium,Low,931,21,1.85
Ranchi,Pulses,Loamy,7.21,Medium,Low,Medium,1059,22,1.99
Ranchi,Pulses,Sandy Loam,6.31,Medium,High,Low,880,18,1.48
Ranchi,Pulses,Sandy Loam,7.4,Low,Medium,Medium,1013,22,1.77
Ranchi,Pulses,Loamy,7.17,Medium,Low,Low,1027,27,1.37
Ranchi,Rice,Clay Loam,6.4,Medium,Medium,Medium,1600,31,3.59
Ranchi,Wheat,Clay Loam,6.09,Medium,Medium,Low,1228,22,2.49
Ranchi,Maize,Loamy,7.18,Medium,Low,Low,970,23,3.76
Ranchi,Rice,Loamy,6.01,Medium,High,High,1221,31,4.01
Ranchi,Pulses,Sandy Loam,7.2,Medium,Low,Medium,963,19,1.01
Ranchi,Pulses,Sandy Loam,6.28,Medium,High,Medium,1057,23,1.71
Ranchi,Rice,Clayey,6.82,Low,Low,Medium,1435,28,3.67
Ranchi,Maize,Loamy,6.97,Low,Low,Low,1077,30,3.88
Ranchi,Rice,Clayey,5.73,Medium,Low,Low,1535,28,2.76
Ranchi,Maize,Loamy,6.96,Medium,High,Low,1042,24,2.92
Ranchi,Maize,Loamy,7.11,Low,Low,High,1164,22,3.76
Ranchi,Wheat,Clay Loam,6.64,Low,Low,Low,1383,24,2.82
Ranchi,Rice,Clay Loam,5.74,Medium,Low,Medium,1279,27,4.47
Ranchi,Pulses,Sandy Loam,6.54,Low,High,Medium,928,27,1.72
Ranchi,Pulses,Sandy Loam,6.28,Low,Low,Low,1022,22,1.94
Ranchi,Wheat,Clay Loam,6.85,Low,High,Low,1388,22,2.81
Ranchi,Wheat,Clay Loam,6.35,High,Medium,Medium,995,20,3.34
Ranchi,Rice,Clay Loam,6.35,Medium,Medium,Low,1221,28,3.99
Ranchi,Wheat,Clay Loam,7.09,High,Medium,High,1027,20,2.02
Ranchi,Pulses,Loamy,6.47,Medium,Low,High,1082,23,1.17
Ranchi,Rice,Clayey,6.89,Medium,High,Medium,1401,32,2.88
Ranchi,Wheat,Loamy,7.49,Low,Medium,Medium,1301,19,2.65
Ranchi,Pulses,Loamy,7.19,Low,High,Low,824,28,1.09
Ranchi,Wheat,Loamy,6.01,Medium,Low,High,972,25,3.08
Ranchi,Maize,Loamy,6.81,High,Medium,High,1046,25,3.15
Ranchi,Pulses,Sandy Loam,6.04,Low,Low,Medium,1026,28,1.89
Ranchi,Wheat,Clay Loam,7.31,High,Low,Medium,999,23,3.32
Ranchi,Maize,Sandy Loam,6.17,Low,High,High,925,28,2.59
Ranchi,Maize,Loamy,7.32,Medium,Medium,Medium,1117,25,3.56
Ranchi,Rice,Clay Loam,6.06,Low,High,Medium,1463,31,2.57
Ranchi,Wheat,Clay Loam,6.37,Low,Medium,High,1164,18,3.29
Ranchi,Maize,Loamy,6.42,Medium,Medium,Low,1044,27,2.13
Ranchi,Maize,Sandy Loam,6.26,Medium,Medium,Medium,1065,26,2.83
Ranchi,Rice,Clay Loam,5.78,Medium,Medium,High,1501,31,3.22
Ranchi,Rice,Loamy,6.51,High,Medium,Medium,1441,31,2.77
Ranchi,Wheat,Loamy,6.4,High,High,Medium,1302,19,3.21
Ranchi,Rice,Clay Loam,6.58,Low,Low,Medium,1385,25,3.09
Ranchi,Pulses,Loamy,6.0,Medium,Low,Low,846,22,1.45
Ranchi,Pulses,Sandy Loam,6.15,High,Low,Low,1080,27,1.28
Ranchi,Rice,Clayey,6.37,Medium,High,Medium,1593,28,3.94
Ranchi,Pulses,Sandy Loam,6.95,High,High,High,991,19,1.49
Ranchi,Rice,Loamy,5.79,Low,Low,High,1593,28,4.39
Ranchi,Maize,Loamy,6.92,Low,Medium,Low,1036,29,2.33
Ranchi,Pulses,Loamy,6.33,High,Medium,High,845,21,1.62
Ranchi,Wheat,Clay Loam,6.69,Low,Low,High,1371,23,2.72
Ranchi,Pulses,Sandy Loam,6.67,Low,Low,Medium,810,20,1.68
Ranchi,Maize,Loamy,5.97,High,Low,High,1127,21,3.14
Ranchi,Rice,Clayey,6.09,Low,High,High,1381,25,4.34
Ranchi,Rice,Clayey,6.03,Medium,Medium,High,1592,24,3.97
Ranchi,Pulses,Sandy Loam,6.66,Low,Medium,Medium,868,23,1.78
Ranchi,Wheat,Loamy,6.52,High,Low,High,910,23,1.9
Ranchi,Pulses,Loamy,6.65,Medium,High,Medium,814,18,2.0
Ranchi,Pulses,Sandy Loam,6.48,High,Medium,Medium,1068,18,1.17
Ranchi,Rice,Clay Loam,6.76,Low,High,Medium,1216,26,3.24
Ranchi,Rice,Clay Loam,5.64,Low,High,High,1593,29,4.0
Ranchi,Rice,Loamy,6.34,High,High,High,1534,25,3.92
Ranchi,Rice,Clayey,6.58,Medium,High,Low,1256,28,3.29
Ranchi,Pulses,Loamy,6.38,High,Medium,Low,1051,20,1.59
Ranchi,Maize,Sandy Loam,7.34,Low,High,Low,908,27,3.34
Ranchi,Rice,Clayey,6.96,Low,Low,High,1591,31,2.81
Ranchi,Maize,Loamy,7.49,Medium,Medium,Medium,1151,27,2.88
Ranchi,Rice,Clayey,6.28,Low,Medium,Low,1346,27,3.12
Ranchi,Maize,Loamy,7.24,High,High,High,1062,30,3.87
Ranchi,Rice,Loamy,6.35,Medium,Medium,Medium,1466,30,3.66
Ranchi,Wheat,Clay Loam,7.0,High,High,Medium,1154,22,1.75
Ranchi,Wheat,Clay Loam,7.47,High,High,Low,1225,25,2.0
Ranchi,Wheat,Loamy,6.01,Low,Low,High,961,24,1.89
Ranchi,Wheat,Clay Loam,6.49,Low,Low,Medium,1176,25,3.37
Ranchi,Wheat,Loamy,6.21,High,Medium,Low,1184,23,3.39
Ranchi,Wheat,Loamy,6.42,Medium,High,Low,1260,19,3.34
Ranchi,Pulses,Loamy,7.26,Medium,Medium,Medium,827,18,1.21
Ranchi,Pulses,Loamy,6.3,Low,High,Medium,838,28,1.33
Ranchi,Pulses,Sandy Loam,6.47,High,High,Low,972,18,1.91
Ranchi,Wheat,Loamy,7.37,Low,High,High,1378,19,2.29
Ranchi,Rice,Loamy,6.1,Medium,High,Low,1368,32,3.39
Ranchi,Rice,Clay Loam,6.39,High,High,Medium,1425,22,2.55
Ranchi,Pulses,Loamy,6.84,Medium,High,High,865,28,1.38
Ranchi,Wheat,Clay Loam,7.39,Medium,High,Medium,1151,25,2.02
Ranchi,Rice,Clay Loam,6.23,Low,High,High,1244,32,4.4
Ranchi,Pulses,Loamy,7.0,Medium,High,Low,1025,23,1.81
Ranchi,Pulses,Loamy,7.3,High,Low,Medium,1004,18,1.43
Ranchi,Maize,Sandy Loam,5.89,High,High,Low,1050,29,2.01
Ranchi,Rice,Clay Loam,6.65,Medium,Low,Medium,1581,22,2.68
Ranchi,Pulses,Loamy,6.28,High,Low,High,1032,26,1.9
Ranchi,Rice,Clay Loam,6.4,Low,Low,Medium,1543,27,3.72
Ranchi,Wheat,Clay Loam,7.44,Medium,High,Medium,1326,24,2.74
Ranchi,Maize,Sandy Loam,6.13,High,Low,Medium,1053,28,2.76
Ranchi,Pulses,Loamy,7.29,High,Low,Low,1010,21,1.61
Ranchi,Maize,Sandy Loam,6.77,Medium,Low,Low,978,30,3.85
Ranchi,Maize,Sandy Loam,6.05,High,High,Low,903,20,2.93
Ranchi,Wheat,Loamy,6.67,Medium,Low,Medium,1176,21,2.09
Ranchi,Maize,Loamy,6.72,Medium,Low,Medium,1069,30,3.46
Ranchi,Maize,Loamy,6.56,High,Medium,Medium,1192,19,2.02
Ranchi,Wheat,Clay Loam,6.69,High,High,Low,1305,19,2.56
Ranchi,Maize,Sandy Loam,6.49,Low,Low,High,1186,19,2.9
Ranchi,Pulses,Sandy Loam,6.45,Low,Low,Low,906,28,1.35
Ranchi,Rice,Clay Loam,5.87,Low,Medium,Low,1357,31,3.36
Ranchi,Wheat,Clay Loam,7.34,Low,High,Low,942,20,2.6
Ranchi,Rice,Clay Loam,5.88,Low,Medium,High,1518,32,2.54
Ranchi,Maize,Loamy,6.1,Low,Medium,Medium,998,30,2.28
Ranchi,Maize,Loamy,6.24,Medium,High,Low,900,18,2.3
Ranchi,Pulses,Loamy,7.26,Low,High,Low,1002,20,1.51
Ranchi,Wheat,Loamy,7.07,High,Low,Medium,1128,23,2.33
Ranchi,Pulses,Sandy Loam,6.01,High,Medium,High,1090,19,1.72
Ranchi,Wheat,Loamy,6.51,Medium,High,Low,954,18,3.13
Ranchi,Pulses,Loamy,6.24,High,Medium,High,839,23,1.01
Ranchi,Maize,Sandy Loam,6.75,Low,Medium,High,925,23,2.13
Ranchi,Rice,Clay Loam,5.94,High,Medium,Medium,1459,32,4.13
Ranchi,Maize,Loamy,7.08,Low,Low,Medium,1098,26,3.95
Ranchi,Wheat,Loamy,6.67,Low,Medium,Low,1186,21,1.91
Ranchi,Wheat,Clay Loam,7.04,Low,Medium,Low,1032,25,2.39
Ranchi,Maize,Loamy,7.49,Low,Medium,Medium,1164,26,2.59
Ranchi,Rice,Clay Loam,6.87,Low,Low,High,1593,29,3.76
Ranchi,Rice,Clay Loam,5.79,Medium,High,Medium,1269,23,3.22
Ranchi,Maize,Sandy Loam,5.92,High,Medium,Medium,1095,29,3.19
Ranchi,Pulses,Loamy,6.09,High,Low,High,1031,28,1.87
Ranchi,Maize,Sandy Loam,7.08,Low,Medium,Medium,996,30,3.05
Ranchi,Maize,Sandy Loam,6.1,Medium,High,High,1194,23,3.59
Ranchi,Maize,Loamy,6.48,Medium,High,Low,1076,28,3.04
Ranchi,Rice,Clay Loam,5.64,Medium,Low,High,1221,22,3.85
Ranchi,Rice,Loamy,6.88,Low,Medium,Low,1267,30,2.9
Ranchi,Rice,Clayey,6.66,Medium,Medium,High,1586,27,2.83
Ranchi,Rice,Loamy,6.81,High,Low,Medium,1371,27,3.97
Ranchi,Rice,Loamy,6.32,High,Medium,High,1418,31,2.93
Ranchi,Wheat,Clay Loam,6.25,High,Low,Low,1162,20,1.93
Ranchi,Maize,Sandy Loam,6.38,Low,Low,Medium,1111,26,2.66
Ranchi,Wheat,Clay Loam,7.47,High,Medium,Medium,945,23,2.46
Ranchi,Wheat,Loamy,7.32,Low,Medium,High,1105,19,3.21
Ranchi,Rice,Loamy,6.16,Medium,High,Low,1445,26,3.36
Ranchi,Wheat,Clay Loam,6.3,Low,High,Medium,941,21,2.93
Ranchi,Wheat,Clay Loam,6.97,Medium,Low,Low,1142,22,2.46
Ranchi,Rice,Clay Loam,6.05,Medium,Low,High,1496,32,3.07
Ranchi,Pulses,Sandy Loam,7.12,High,High,High,978,22,1.28
Ranchi,Maize,Loamy,7.43,High,Low,Medium,1002,18,3.94
Ranchi,Pulses,Sandy Loam,7.03,Low,High,Medium,800,19,1.96
Ranchi,Wheat,Clay Loam,6.05,Medium,Medium,Medium,904,18,2.53
Ranchi,Rice,Clayey,5.76,High,High,Low,1356,27,3.65
Ranchi,Pulses,Sandy Loam,7.28,Low,High,Medium,1081,20,1.25
Ranchi,Maize,Loamy,6.87,Low,Medium,Low,988,21,2.25
Ranchi,Maize,Loamy,6.25,High,High,Medium,1193,21,2.57
Ranchi,Wheat,Clay Loam,7.49,Low,Medium,Low,1315,21,2.76
Ranchi,Wheat,Loamy,6.53,Medium,Medium,Medium,1167,22,3.33
Ranchi,Wheat,Clay Loam,7.0,Medium,Medium,High,1214,21,3.24
Ranchi,Rice,Loamy,6.68,Medium,Low,Medium,1552,24,3.48
Ranchi,Rice,Loamy,6.68,Medium,Medium,Medium,1254,29,4.21
Ranchi,Rice,Loamy,6.14,High,Low,Low,1260,26,2.7
Ranchi,Pulses,Sandy Loam,6.53,Medium,Low,Low,898,28,1.48
Ranchi,Rice,Loamy,5.66,High,High,Low,1255,30,3.59
Ranchi,Maize,Sandy Loam,7.46,Medium,Low,Medium,921,21,2.02
Ranchi,Maize,Loamy,6.4,Low,High,Low,948,22,3.8
Ranchi,Rice,Loamy,5.59,High,Low,High,1413,28,2.76
Ranchi,Maize,Loamy,5.97,Medium,High,High,1194,24,2.64
Ranchi,Wheat,Clay Loam,7.06,Low,High,High,1335,21,2.17
Ranchi,Maize,Sandy Loam,6.6,Low,Medium,Medium,1182,30,2.29
Ranchi,Pulses,Sandy Loam,6.11,High,Low,High,1099,26,1.16
Ranchi,Rice,Clayey,6.08,Medium,High,Low,1231,26,4.46
Ranchi,Rice,Clay Loam,5.75,Low,Low,High,1372,25,4.19
Ranchi,Pulses,Sandy Loam,6.78,Medium,Low,Medium,802,20,1.74
Ranchi,Maize,Sandy Loam,6.6,Medium,Medium,Medium,923,29,3.75
Ranchi,Rice,Loamy,6.86,High,High,High,1222,22,3.87
Ranchi,Rice,Loamy,5.62,Low,Low,Low,1415,28,3.94
Ranchi,Maize,Loamy,6.3,Low,Low,High,1016,22,3.84
Ranchi,Wheat,Loamy,6.67,Medium,Medium,High,1242,20,2.35
Ranchi,Pulses,Sandy Loam,6.52,High,Low,High,871,25,2.0
Ranchi,Pulses,Sandy Loam,7.02,High,Low,Medium,1061,23,1.31
Ranchi,Rice,Clayey,5.95,Medium,High,Medium,1207,27,3.09
Ranchi,Pulses,Loamy,6.07,Medium,High,Medium,841,24,1.46
Ranchi,Pulses,Sandy Loam,6.73,High,Medium,High,911,22,1.04
Ranchi,Rice,Clayey,5.71,Medium,High,Medium,1417,25,4.05
Ranchi,Maize,Loamy,7.44,High,Low,Medium,1093,29,2.28
Ranchi,Maize,Sandy Loam,6.55,Low,Low,Low,1174,20,2.23
Ranchi,Wheat,Loamy,6.5,High,Low,Low,1098,20,3.38
Ranchi,Rice,Clayey,5.83,Low,Medium,High,1541,23,2.89
Ranchi,Rice,Loamy,6.94,Medium,Low,Low,1523,29,4.32
Ranchi,Rice,Loamy,6.79,High,High,Low,1223,26,3.89
Ranchi,Wheat,Clay Loam,7.07,High,High,Medium,1146,18,2.26
Ranchi,Maize,Loamy,5.88,Medium,High,High,1133,25,2.79
Ranchi,Rice,Clayey,5.69,Medium,Medium,Low,1237,31,3.46
Ranchi,Wheat,Clay Loam,6.92,Medium,High,High,1001,24,2.15
Ranchi,Maize,Loamy,7.41,High,Low,High,971,29,2.64
Ranchi,Maize,Sandy Loam,7.29,Low,Low,Medium,1152,28,2.41
Ranchi,Pulses,Sandy Loam,7.29,Low,High,Low,891,19,1.1
Ranchi,Pulses,Sandy Loam,6.72,Medium,Low,Low,916,27,1.61
Ranchi,Pulses,Loamy,6.76,Medium,Low,Medium,907,21,1.04
Ranchi,Maize,Sandy Loam,7.0,Medium,Low,Low,1102,28,3.99
Ranchi,Rice,Clay Loam,5.62,Medium,Medium,Medium,1521,26,4.35
Ranchi,Maize,Sandy Loam,5.91,Low,High,Medium,1173,29,2.02
Ranchi,Maize,Loamy,7.04,Low,Medium,High,1097,24,2.31
Ranchi,Maize,Sandy Loam,5.87,High,Medium,Medium,941,23,3.64
Ranchi,Wheat,Loamy,6.63,Low,Low,Low,952,22,1.86
Ranchi,Maize,Sandy Loam,7.06,High,Low,Medium,971,30,3.61
Ranchi,Maize,Loamy,6.67,High,Low,Medium,1076,19,2.08
Ranchi,Maize,Sandy Loam,6.77,Low,Medium,High,976,18,3.98
Ranchi,Pulses,Loamy,6.41,Low,Medium,Medium,817,27,1.15
Ranchi,Maize,Loamy,5.99,Medium,High,Low,994,30,2.46
Ranchi,Wheat,Clay Loam,6.56,Medium,High,Low,1113,20,2.98
Ranchi,Wheat,Loamy,6.44,Medium,Low,High,1186,20,1.7
Ranchi,Maize,Sandy Loam,5.93,High,Medium,Medium,1044,27,3.2
Ranchi,Rice,Loamy,5.61,Low,Medium,High,1406,25,4.28
Ranchi,Rice,Loamy,6.16,Low,Medium,Medium,1390,23,3.38
Ranchi,Maize,Sandy Loam,7.14,Low,Medium,Low,1195,25,2.47
Ranchi,Wheat,Clay Loam,6.05,Low,Medium,Low,1181,18,3.27
Ranchi,Pulses,Sandy Loam,6.67,High,High,Medium,897,19,1.07
Ranchi,Maize,Loamy,7.04,High,Medium,Low,936,18,3.15
Ranchi,Pulses,Sandy Loam,6.35,High,Medium,Low,1037,25,1.13
Ranchi,Maize,Loamy,6.93,Low,Medium,Medium,1047,25,3.06
Ranchi,Rice,Clayey,6.39,Low,High,High,1444,24,3.07
Ranchi,Maize,Sandy Loam,6.95,Low,Medium,Medium,941,24,2.36
Ranchi,Rice,Clayey,6.98,Low,Medium,Low,1385,25,2.83
Ranchi,Rice,Loamy,6.47,Medium,Low,High,1593,26,3.09
Ranchi,Wheat,Clay Loam,6.02,Low,Low,Low,1274,18,2.18
Ranchi,Pulses,Loamy,7.3,Low,Medium,Medium,863,27,1.77
Ranchi,Wheat,Clay Loam,7.32,Low,High,Medium,1220,25,2.42
Ranchi,Wheat,Loamy,6.27,High,High,Medium,906,21,2.84
Ranchi,Pulses,Sandy Loam,6.42,Medium,Medium,Low,933,21,1.87
Ranchi,Wheat,Clay Loam,6.7,Low,Medium,Medium,1095,19,2.75
Ranchi,Wheat,Clay Loam,6.98,High,High,High,1321,21,3.18
Ranchi,Rice,Loamy,6.47,High,High,High,1564,28,3.96
Ranchi,Pulses,Sandy Loam,6.43,Low,Low,Low,996,25,1.05
Ranchi,Pulses,Sandy Loam,6.19,High,Low,High,824,18,1.32
Ranchi,Rice,Clay Loam,6.96,High,Low,Low,1595,31,4.46
Ranchi,Wheat,Loamy,7.33,Medium,Medium,Medium,921,19,2.94
Ranchi,Wheat,Loamy,7.15,High,High,Medium,1000,20,3.12
Ranchi,Pulses,Sandy Loam,6.99,Medium,Low,Medium,1008,18,1.41
Ranchi,Wheat,Clay Loam,7.32,Medium,Medium,High,1199,18,2.24
Ranchi,Pulses,Sandy Loam,6.29,Low,Low,High,865,25,1.39
Ranchi,Maize,Sandy Loam,6.41,Low,Medium,High,1179,22,2.12
Ranchi,Wheat,Clay Loam,6.72,Low,Medium,High,1023,22,2.07
Ranchi,Wheat,Clay Loam,6.77,High,Low,Medium,1270,24,2.61
Ranchi,Rice,Clay Loam,5.98,Medium,Low,High,1592,28,3.84
Ranchi,Pulses,Loamy,7.15,Low,Low,Low,1042,26,1.28
Ranchi,Wheat,Loamy,6.13,High,High,Medium,1306,23,2.57
Ranchi,Pulses,Loamy,6.22,High,Medium,High,1035,18,1.39
Ranchi,Pulses,Sandy Loam,6.98,Medium,Medium,Low,841,24,1.86
Ranchi,Maize,Loamy,6.09,Medium,High,Low,1089,27,3.2
Ranchi,Rice,Loamy,5.61,Low,Medium,Medium,1433,31,3.52
Ranchi,Wheat,Clay Loam,6.55,High,Medium,Low,1276,23,2.93
Ranchi,Wheat,Loamy,6.42,Low,Low,Low,1272,24,2.58
Ranchi,Pulses,Loamy,7.25,Medium,Medium,Medium,833,27,1.8
Ranchi,Wheat,Clay Loam,7.05,High,Low,High,1115,23,3.18
Ranchi,Rice,Loamy,6.73,Medium,Medium,High,1540,28,4.25
Ranchi,Wheat,Clay Loam,6.14,Medium,Low,Medium,1166,25,2.08
Ranchi,Rice,Clay Loam,6.34,Low,Medium,Medium,1343,23,3.96
Ranchi,Rice,Clay Loam,6.36,High,High,Medium,1586,24,3.4
Ranchi,Pulses,Sandy Loam,6.36,High,Low,Medium,876,23,1.59
Ranchi,Wheat,Clay Loam,7.02,Medium,High,High,1311,21,2.46
Ranchi,Rice,Loamy,6.19,Medium,High,Low,1286,26,3.45
Ranchi,Wheat,Loamy,6.44,Medium,Medium,High,909,19,3.27
Ranchi,Pulses,Sandy Loam,6.94,Medium,Medium,Low,937,23,1.41
Ranchi,Rice,Clayey,6.14,High,Low,High,1519,30,3.68
Ranchi,Pulses,Loamy,6.3,Medium,Low,Medium,962,26,1.24
Ranchi,Maize,Sandy Loam,6.03,Medium,Low,High,1013,23,2.65
Ranchi,Wheat,Loamy,7.03,Medium,Low,Medium,1319,21,3.22
Ranchi,Maize,Loamy,5.94,High,Medium,Medium,1122,23,2.73
Ranchi,Pulses,Sandy Loam,6.05,High,Low,High,1015,19,1.51
Ranchi,Maize,Sandy Loam,7.28,High,High,Low,1044,18,2.76
Ranchi,Rice,Loamy,6.56,Low,Low,Medium,1436,24,3.61
Ranchi,Wheat,Clay Loam,6.37,Medium,Low,Low,999,23,3.1
Ranchi,Rice,Loamy,5.78,High,Low,Low,1225,32,3.91
Ranchi,Pulses,Sandy Loam,6.02,Low,High,Low,820,28,1.13
Ranchi,Pulses,Sandy Loam,7.24,Medium,High,Medium,1002,25,1.33
Ranchi,Maize,Loamy,6.4,High,Low,High,1066,22,2.39
Ranchi,Maize,Sandy Loam,6.37,High,Low,Medium,1162,22,2.0
Ranchi,Rice,Clayey,6.02,Low,High,High,1510,28,3.9
Ranchi,Rice,Clayey,6.3,Medium,Medium,High,1295,22,2.95
Ranchi,Maize,Sandy Loam,6.24,Medium,Low,High,916,28,3.98
Ranchi,Maize,Sandy Loam,5.87,High,High,Low,934,23,2.22
Ranchi,Rice,Clayey,6.87,Medium,Low,Low,1408,25,4.27
Ranchi,Rice,Clay Loam,6.14,Medium,Low,Medium,1201,27,4.48
Ranchi,Rice,Clayey,6.34,Low,Medium,Medium,1458,25,3.75
Ranchi,Wheat,Loamy,7.21,Low,Low,High,1249,24,2.32
Ranchi,Pulses,Sandy Loam,6.75,Medium,Low,Medium,851,27,1.3
Ranchi,Pulses,Sandy Loam,7.13,High,High,Low,943,27,1.75
Ranchi,Rice,Clayey,6.91,Medium,Low,Medium,1361,32,3.79
Ranchi,Pulses,Sandy Loam,7.44,High,High,Medium,1075,22,1.95
Ranchi,Wheat,Loamy,7.1,Low,Low,Medium,1171,21,2.91
Ranchi,Wheat,Loamy,7.05,High,High,High,1008,23,2.96
Ranchi,Maize,Loamy,6.21,Low,High,Low,1041,20,2.79
Ranchi,Wheat,Clay Loam,6.68,High,Medium,Low,974,25,2.22
Ranchi,Pulses,Loamy,7.29,Medium,High,Medium,965,26,1.92
Ranchi,Maize,Loamy,6.82,High,Medium,Low,1104,20,3.57
Ranchi,Pulses,Loamy,6.42,Low,Medium,High,963,27,1.61
Ranchi,Maize,Loamy,6.51,Low,Medium,Medium,1006,20,3.17
Ranchi,Pulses,Loamy,6.74,Low,High,Medium,1022,19,1.0
Ranchi,Wheat,Clay Loam,7.15,High,High,Medium,1306,21,1.87
Ranchi,Pulses,Sandy Loam,6.89,Low,Medium,Medium,1025,27,1.92
Ranchi,Pulses,Sandy Loam,7.46,Medium,Low,Medium,932,22,1.52
Ranchi,Pulses,Loamy,6.51,Medium,Low,Low,809,23,1.51
Ranchi,Rice,Clay Loam,5.93,High,Low,Low,1509,25,4.19
Ranchi,Maize,Sandy Loam,6.84,High,High,High,990,25,3.84
Ranchi,Pulses,Sandy Loam,6.33,High,High,Medium,846,23,1.31
Ranchi,Rice,Loamy,5.63,Medium,Low,Low,1425,27,3.82
Ranchi,Rice,Clay Loam,5.95,Medium,Low,Medium,1392,27,3.71
Ranchi,Rice,Loamy,5.51,Medium,Medium,High,1412,25,2.77
Ranchi,Wheat,Clay Loam,6.32,Medium,High,Medium,1133,18,2.7
Ranchi,Wheat,Clay Loam,6.36,High,Medium,Medium,920,18,3.1
Ranchi,Maize,Sandy Loam,6.47,High,Low,Medium,1110,22,3.19
Ranchi,Rice,Clay Loam,5.76,Medium,Low,High,1420,31,2.6
Ranchi,Wheat,Clay Loam,7.47,Medium,High,High,929,24,2.19
Ranchi,Wheat,Clay Loam,6.51,High,Medium,Medium,1046,24,2.0
Ranchi,Wheat,Loamy,7.42,Medium,High,High,1274,21,2.19
Ranchi,Wheat,Loamy,7.47,Medium,High,Low,1353,20,2.25
Ranchi,Wheat,Loamy,6.71,Low,Medium,Low,1160,25,1.85
Ranchi,Pulses,Sandy Loam,7.18,Medium,Medium,High,946,18,1.72
Ranchi,Maize,Sandy Loam,6.06,Medium,High,Medium,951,19,2.71
Ranchi,Maize,Sandy Loam,5.85,High,Low,Low,1044,26,3.13
Ranchi,Rice,Clayey,6.93,Medium,High,High,1276,22,3.14
Ranchi,Rice,Loamy,5.58,High,Medium,Low,1518,30,4.46
Ranchi,Maize,Loamy,6.97,High,High,High,1149,21,3.82
Ranchi,Pulses,Loamy,6.63,Medium,High,Medium,841,26,1.21
Ranchi,Maize,Sandy Loam,6.84,Low,Low,Medium,1132,18,3.27
Ranchi,Maize,Loamy,5.86,Low,High,High,1189,18,3.81
Ranchi,Rice,Clay Loam,6.77,Medium,Medium,Low,1530,24,4.46
Ranchi,Maize,Loamy,6.38,High,Low,Medium,928,28,2.41
Ranchi,Rice,Loamy,6.75,High,High,Medium,1379,26,4.05
Ranchi,Wheat,Clay Loam,6.76,Medium,Medium,Medium,961,25,1.81
Ranchi,Rice,Loamy,6.28,Low,High,Medium,1369,26,2.51
Ranchi,Pulses,Loamy,6.31,Medium,Low,Medium,851,27,1.87
Ranchi,Wheat,Clay Loam,7.23,High,Medium,Low,1305,18,3.31
Ranchi,Rice,Loamy,6.81,High,High,Medium,1265,23,2.51
Ranchi,Pulses,Sandy Loam,7.08,Low,High,Low,1080,28,1.7
Ranchi,Wheat,Clay Loam,7.19,Low,High,High,1018,19,2.22
Ranchi,Maize,Loamy,7.48,Low,Medium,High,1106,21,3.78
Ranchi,Wheat,Loamy,6.69,High,High,High,958,20,2.85
Ranchi,Wheat,Loamy,6.64,Low,Low,Medium,1344,22,3.23
Ranchi,Rice,Clayey,6.26,Low,High,Medium,1585,31,4.02
Ranchi,Maize,Sandy Loam,6.35,Medium,Low,High,1119,22,2.32
Ranchi,Pulses,Loamy,6.72,High,High,Medium,967,28,1.15
Ranchi,Rice,Clay Loam,6.21,High,Medium,High,1425,29,3.28
Ranchi,Pulses,Sandy Loam,6.17,Low,Medium,Low,1016,19,1.93
Ranchi,Rice,Loamy,6.57,Medium,Medium,High,1303,24,3.87
Ranchi,Maize,Loamy,6.08,Low,Low,Medium,988,29,3.07
Ranchi,Maize,Sandy Loam,6.23,High,Medium,Medium,997,18,2.25
Ranchi,Wheat,Clay Loam,7.44,High,Medium,Low,1341,23,1.86
Ranchi,Pulses,Loamy,6.19,High,High,Low,911,19,1.5
Ranchi,Rice,Clayey,6.68,Low,Medium,High,1245,23,3.73
Ranchi,Rice,Clay Loam,5.51,High,High,Medium,1349,32,3.09
Ranchi,Pulses,Sandy Loam,6.29,High,Low,High,962,22,1.11
Ranchi,Rice,Clay Loam,6.35,High,Low,Low,1397,29,3.65
Ranchi,Pulses,Sandy Loam,7.14,Medium,Medium,High,986,28,1.29
Ranchi,Maize,Sandy Loam,6.92,Low,Low,Low,1049,28,3.59
Ranchi,Wheat,Loamy,7.17,High,High,Low,1004,20,2.37
Ranchi,Pulses,Sandy Loam,6.94,High,Low,Medium,1035,24,1.72
Ranchi,Maize,Loamy,7.41,High,High,Low,1193,22,2.35
Ranchi,Wheat,Clay Loam,6.44,Low,Low,High,922,25,1.96
Ranchi,Rice,Loamy,5.68,Low,High,Medium,1502,25,4.48
Ranchi,Wheat,Clay Loam,6.96,Low,Low,Low,1311,24,2.15
Ranchi,Rice,Loamy,6.08,Low,High,Medium,1451,23,3.33
Ranchi,Rice,Clayey,6.99,Low,Medium,Low,1225,22,3.49
Ranchi,Rice,Loamy,6.3,High,Low,Low,1525,22,4.16
Ranchi,Rice,Clay Loam,6.89,Low,High,High,1327,31,3.31
Ranchi,Rice,Clay Loam,5.74,Low,Low,Low,1477,24,2.96
Ranchi,Rice,Loamy,6.67,High,Medium,High,1524,23,3.38
Ranchi,Maize,Sandy Loam,7.32,Medium,Medium,Medium,983,20,2.03
Ranchi,Maize,Sandy Loam,6.02,Medium,Low,Medium,939,18,2.29
Ranchi,Maize,Sandy Loam,6.03,Medium,Medium,Low,1003,30,2.14
Ranchi,Rice,Clay Loam,6.37,Medium,Medium,Low,1513,29,4.33
Ranchi,Maize,Loamy,6.12,High,Medium,Medium,1083,23,3.33
Ranchi,Wheat,Loamy,6.71,Medium,Low,Low,1032,25,2.38
Ranchi,Maize,Loamy,6.76,High,Medium,High,986,26,2.4
Ranchi,Pulses,Sandy Loam,6.76,Medium,Low,High,989,28,1.62
Ranchi,Maize,Loamy,6.18,High,High,High,910,28,2.8
Ranchi,Pulses,Loamy,6.81,Medium,Low,Medium,890,22,1.95
Ranchi,Wheat,Loamy,6.69,Low,Low,Medium,1246,23,2.63
Ranchi,Maize,Sandy Loam,6.64,High,High,Low,1025,18,2.4
Ranchi,Maize,Sandy Loam,5.85,Low,Medium,High,927,26,3.11
Ranchi,Wheat,Clay Loam,6.04,High,Low,Medium,1053,18,2.06
Ranchi,Pulses,Sandy Loam,6.14,Low,Low,Low,1017,22,1.12
Ranchi,Pulses,Loamy,6.58,Low,High,High,838,22,1.67
Ranchi,Maize,Loamy,7.45,Low,High,High,1106,18,3.89
Ranchi,Rice,Loamy,6.21,Medium,Medium,High,1289,25,4.4
Ranchi,Wheat,Clay Loam,6.09,Medium,High,Low,1225,24,2.84
Ranchi,Pulses,Loamy,6.93,High,High,Low,940,28,1.45
Ranchi,Wheat,Loamy,7.06,Low,Medium,High,1013,19,2.66
Ranchi,Pulses,Sandy Loam,7.25,High,High,High,806,26,1.98
Ranchi,Pulses,Loamy,6.34,Low,Low,Medium,1016,28,1.96
Ranchi,Wheat,Clay Loam,7.38,Medium,Low,Medium,907,21,2.01
Ranchi,Wheat,Clay Loam,6.19,Medium,Low,Medium,1374,18,3.34
Ranchi,Maize,Loamy,6.95,High,High,Medium,953,20,3.5
Ranchi,Wheat,Clay Loam,6.78,High,High,Medium,1089,25,1.97
Ranchi,Wheat,Loamy,6.63,Low,High,Low,993,25,2.14
Ranchi,Maize,Sandy Loam,7.43,Low,High,Medium,1118,29,3.41
Ranchi,Wheat,Loamy,6.45,Low,High,Low,955,24,2.42
Ranchi,Maize,Loamy,6.85,Low,High,Medium,964,30,2.91
Ranchi,Rice,Clayey,6.2,High,High,Medium,1218,32,3.76
Ranchi,Wheat,Loamy,6.99,Low,Low,Medium,1037,22,2.09
Ranchi,Pulses,Loamy,7.01,Low,Low,High,928,23,1.61
Ranchi,Pulses,Sandy Loam,6.8,Medium,Low,Low,1057,20,1.12
Ranchi,Maize,Sandy Loam,7.5,Medium,High,Medium,1161,18,3.05
Ranchi,Wheat,Clay Loam,6.62,Medium,Low,High,1035,21,2.68
Ranchi,Pulses,Loamy,7.34,High,Medium,High,909,18,1.65
Ranchi,Pulses,Loamy,7.42,Medium,Low,High,924,18,1.19
Ranchi,Maize,Sandy Loam,7.18,High,Medium,Low,1081,25,2.18
Ranchi,Maize,Sandy Loam,7.47,High,High,Medium,1035,21,3.73
Ranchi,Rice,Clayey,6.96,High,High,Medium,1336,28,4.47
Ranchi,Pulses,Sandy Loam,6.41,Low,Medium,High,1022,26,1.49
Ranchi,Pulses,Sandy Loam,6.6,High,Low,Low,807,22,1.79
Ranchi,Maize,Sandy Loam,6.42,Low,Low,Low,1064,22,3.53
Ranchi,Maize,Sandy Loam,5.92,Medium,Medium,High,1121,28,3.13
Ranchi,Wheat,Loamy,6.97,Low,High,Medium,1396,21,2.83
Ranchi,Pulses,Sandy Loam,6.12,Medium,Medium,High,1070,19,1.06
Ranchi,Pulses,Loamy,7.27,Low,Medium,Medium,917,19,1.19
Ranchi,Rice,Loamy,6.65,Medium,Low,High,1544,30,2.67
Ranchi,Rice,Loamy,6.78,Low,Medium,High,1257,29,3.12
Ranchi,Maize,Sandy Loam,6.8,Low,Medium,Low,944,29,3.58
Ranchi,Pulses,Sandy Loam,7.38,High,Low,Medium,981,22,1.77
Ranchi,Pulses,Sandy Loam,6.52,High,Low,High,935,26,1.05
Ranchi,Maize,Sandy Loam,6.22,High,Medium,Medium,981,28,3.56
Ranchi,Maize,Sandy Loam,6.47,Low,Low,Medium,1003,18,2.61
Ranchi,Maize,Sandy Loam,6.06,Medium,Low,Medium,1081,20,3.07
Ranchi,Pulses,Loamy,6.48,Low,Low,Medium,1025,27,1.79
Ranchi,Wheat,Loamy,7.4,Low,Medium,Medium,1375,20,2.69
Ranchi,Rice,Loamy,5.79,Medium,High,Medium,1485,24,2.76
Ranchi,Maize,Sandy Loam,5.83,Low,High,Medium,1188,29,2.61
Ranchi,Wheat,Loamy,7.02,Low,High,Low,1220,25,2.24
Ranchi,Rice,Clayey,6.44,Low,High,Medium,1204,32,3.69
Ranchi,Pulses,Loamy,6.49,High,High,Medium,823,27,1.11
Ranchi,Pulses,Loamy,7.47,Low,Medium,Low,950,23,1.36
Ranchi,Wheat,Loamy,6.43,High,Medium,Low,1389,21,2.07
Ranchi,Wheat,Clay Loam,6.67,High,Medium,Medium,1385,22,2.73
Ranchi,Rice,Clay Loam,6.59,High,Medium,Medium,1476,31,3.52
Ranchi,Maize,Sandy Loam,6.39,Low,Low,High,1067,22,2.37
Ranchi,Rice,Clayey,5.7,High,Medium,Low,1211,32,4.44
Ranchi,Wheat,Clay Loam,7.28,High,High,Medium,1192,19,3.32
Ranchi,Maize,Loamy,5.91,Medium,Medium,High,1031,19,2.33
Ranchi,Maize,Loamy,6.71,High,Medium,Low,946,21,2.93
Ranchi,Wheat,Loamy,6.81,High,Medium,Medium,1085,25,2.07
Ranchi,Pulses,Loamy,7.34,Medium,High,Medium,851,23,1.52
Ranchi,Pulses,Sandy Loam,6.96,High,Medium,Medium,816,23,1.83
Ranchi,Pulses,Sandy Loam,7.21,Low,Medium,High,1086,24,1.11
Ranchi,Wheat,Clay Loam,7.01,Low,Low,Low,1046,24,3.21
Ranchi,Pulses,Sandy Loam,6.97,Low,Medium,Low,886,27,1.84
Ranchi,Maize,Loamy,6.8,Medium,Low,High,1186,23,2.56
Ranchi,Wheat,Clay Loam,7.35,Low,Medium,High,1280,24,1.96
Ranchi,Rice,Loamy,5.77,Low,High,High,1507,27,3.81
Ranchi,Rice,Clay Loam,5.95,Low,Low,Medium,1580,24,2.62
Ranchi,Maize,Sandy Loam,6.78,Low,Low,Medium,1185,21,2.74
Ranchi,Wheat,Clay Loam,7.37,Medium,High,High,1354,20,2.8
Ranchi,Wheat,Loamy,6.47,High,Low,High,1175,25,2.28
Ranchi,Wheat,Clay Loam,6.16,Low,Medium,Medium,996,25,2.06
Ranchi,Wheat,Clay Loam,7.31,Medium,High,High,971,20,2.06
Ranchi,Maize,Sandy Loam,6.3,High,Low,Low,1110,21,3.59
Ranchi,Wheat,Clay Loam,7.47,Low,Medium,Low,905,22,3.32
Ranchi,Rice,Clayey,6.53,Medium,Medium,Medium,1461,32,3.81
Ranchi,Rice,Clay Loam,6.27,High,Low,High,1361,25,3.78
Ranchi,Wheat,Loamy,6.87,Medium,Medium,Medium,927,25,1.84
Ranchi,Pulses,Loamy,6.13,Medium,High,Medium,890,20,1.71
Ranchi,Pulses,Sandy Loam,6.26,High,Low,Low,842,24,1.84
Ranchi,Wheat,Loamy,6.82,Medium,Low,Medium,1000,19,2.98
Ranchi,Wheat,Clay Loam,6.22,Low,Low,Low,1090,20,2.43
Ranchi,Pulses,Loamy,7.09,Medium,Low,Low,1030,21,1.89
Ranchi,Rice,Clayey,6.68,Low,Medium,High,1422,26,4.07
Ranchi,Maize,Loamy,5.85,Medium,Low,Medium,961,23,3.28
Ranchi,Maize,Sandy Loam,6.05,High,Medium,High,1120,18,2.84
Ranchi,Maize,Loamy,7.16,High,High,Medium,1072,20,3.78
Ranchi,Rice,Clay Loam,6.35,High,Low,Low,1227,26,3.85
Ranchi,Maize,Loamy,7.33,Low,High,High,918,27,2.06
Ranchi,Pulses,Sandy Loam,6.14,Low,Low,High,1026,28,1.15
Ranchi,Maize,Loamy,6.82,Low,High,Low,1003,27,2.27
Ranchi,Wheat,Clay Loam,6.62,Low,Medium,High,1272,22,2.09
Ranchi,Pulses,Loamy,6.47,Low,High,Low,830,20,1.7
Ranchi,Rice,Loamy,5.5,High,Low,High,1236,31,2.88
Ranchi,Pulses,Sandy Loam,7.16,Medium,Medium,High,1000,26,1.55
Ranchi,Maize,Sandy Loam,6.29,High,High,High,1039,20,3.55
Ranchi,Maize,Sandy Loam,7.19,Low,Medium,Medium,1085,27,2.73
Ranchi,Pulses,Loamy,7.02,Low,Low,Low,1067,20,1.38
Ranchi,Wheat,Loamy,6.07,High,High,Medium,1108,21,2.7
Ranchi,Rice,Clay Loam,6.1,Low,Medium,Low,1350,24,3.96
Ranchi,Rice,Clayey,5.92,Medium,Low,Low,1511,30,2.82
Ranchi,Pulses,Sandy Loam,7.09,Low,High,Medium,865,28,1.23
Ranchi,Wheat,Clay Loam,6.31,Low,Low,Low,1174,22,2.4
Ranchi,Maize,Loamy,6.07,Low,High,Low,1128,28,3.85
Ranchi,Pulses,Loamy,6.87,High,Medium,Low,976,25,1.29
Ranchi,Pulses,Sandy Loam,6.97,Low,Low,High,1099,19,1.19
Ranchi,Wheat,Clay Loam,6.78,Low,Medium,Medium,1123,20,3.02
Ranchi,Pulses,Sandy Loam,7.42,Medium,Medium,Low,1097,22,1.95
Ranchi,Pulses,Loamy,6.79,Low,Low,Low,1082,20,1.42
Ranchi,Wheat,Clay Loam,6.41,High,Low,Low,1035,23,2.23
Ranchi,Pulses,Loamy,7.07,Low,High,High,959,25,1.68
Ranchi,Pulses,Sandy Loam,6.75,High,Medium,High,1058,20,1.23
Ranchi,Wheat,Clay Loam,6.15,High,Low,Medium,1399,21,2.35
Ranchi,Pulses,Loamy,6.71,Medium,Low,High,825,27,1.14
Ranchi,Pulses,Sandy Loam,6.64,Medium,Medium,Medium,820,28,1.53
Ranchi,Wheat,Clay Loam,7.49,High,Medium,High,938,24,3.22
Ranchi,Wheat,Clay Loam,7.2,High,Medium,Low,1086,21,3.15
Ranchi,Rice,Clayey,5.84,Medium,Medium,High,1436,26,4.15
Ranchi,Pulses,Sandy Loam,7.27,Medium,Medium,High,1021,24,1.34
Ranchi,Rice,Clay Loam,5.72,High,High,Low,1532,22,3.19
Ranchi,Maize,Sandy Loam,6.02,Low,Medium,High,974,21,3.98
Ranchi,Wheat,Clay Loam,6.39,High,High,Medium,1383,22,3.31
Ranchi,Wheat,Clay Loam,6.08,High,Low,Low,1136,19,1.78
Ranchi,Rice,Clay Loam,6.91,Low,Medium,Low,1528,28,3.46
Ranchi,Maize,Sandy Loam,7.42,Medium,Low,Medium,1195,27,3.88
Ranchi,Pulses,Sandy Loam,6.21,Low,High,High,1090,18,1.65
Ranchi,Rice,Clay Loam,6.01,High,Medium,Medium,1335,32,4.19
Ranchi,Rice,Clayey,5.94,Medium,High,High,1495,25,2.66
Ranchi,Pulses,Loamy,6.31,Low,High,Low,860,23,1.27
Ranchi,Rice,Loamy,6.81,Low,Low,Low,1585,23,2.85
Ranchi,Rice,Loamy,6.51,High,Low,Medium,1426,25,2.74
Ranchi,Rice,Loamy,6.11,High,Medium,Medium,1317,29,3.37
Ranchi,Pulses,Loamy,6.17,High,Low,Low,866,19,1.87
Ranchi,Rice,Clayey,6.92,Low,Medium,High,1532,29,2.55
Ranchi,Rice,Loamy,6.91,High,Low,Low,1314,22,3.26
Ranchi,Pulses,Sandy Loam,6.33,Low,Medium,High,917,20,1.45
Ranchi,Maize,Loamy,7.0,Low,Low,High,1156,25,2.82
Ranchi,Maize,Sandy Loam,5.94,Medium,Low,High,944,28,3.78
Ranchi,Rice,Clay Loam,6.87,Medium,Low,Low,1358,25,4.36
Ranchi,Pulses,Loamy,6.49,High,High,Low,811,28,1.41
Ranchi,Wheat,Clay Loam,6.38,Medium,High,Low,1174,22,2.36
Ranchi,Pulses,Sandy Loam,6.52,Low,High,High,1006,26,1.78
Ranchi,Maize,Sandy Loam,6.25,Low,High,Medium,1131,20,2.31
Ranchi,Wheat,Loamy,6.18,Medium,Medium,High,1194,22,2.2
Ranchi,Rice,Loamy,5.89,High,High,Low,1449,23,4.11
Ranchi,Pulses,Loamy,6.01,Medium,High,High,854,25,1.83
Ranchi,Rice,Loamy,6.12,Low,High,Medium,1575,27,4.37
Ranchi,Rice,Clayey,6.83,High,Low,Low,1593,23,3.41
Ranchi,Pulses,Loamy,6.19,High,Low,Low,1060,26,1.37
Ranchi,Pulses,Loamy,6.46,High,Medium,Medium,1048,27,1.67
Ranchi,Rice,Clay Loam,5.94,Low,High,Medium,1552,24,4.39
Ranchi,Wheat,Clay Loam,6.92,Low,Medium,Medium,1209,21,2.61
Ranchi,Pulses,Loamy,7.04,Low,High,High,1088,22,1.09
Ranchi,Pulses,Loamy,7.2,High,Medium,Medium,836,27,1.27
Ranchi,Maize,Sandy Loam,7.28,High,High,High,1035,18,3.48
Ranchi,Wheat,Clay Loam,6.82,Medium,Medium,Low,970,22,2.04
Ranchi,Pulses,Sandy Loam,7.27,High,Low,Medium,1054,25,1.19
Ranchi,Pulses,Sandy Loam,6.17,High,Medium,Medium,853,19,1.52
Ranchi,Maize,Sandy Loam,6.66,Medium,High,Low,1118,22,3.47
Ranchi,Rice,Clay Loam,6.86,High,Low,Low,1237,31,4.32
Ranchi,Wheat,Loamy,6.39,Low,High,High,985,25,1.98
Ranchi,Rice,Clay Loam,6.98,Low,High,Low,1475,32,4.35
Ranchi,Maize,Sandy Loam,6.19,Low,Low,Low,980,19,2.04
Ranchi,Maize,Loamy,7.25,High,Medium,High,949,26,3.67
Ranchi,Wheat,Clay Loam,6.53,High,High,Medium,1149,18,2.25
Ranchi,Wheat,Clay Loam,6.23,Low,Medium,High,928,20,1.75
Ranchi,Maize,Loamy,7.38,High,Medium,Low,1063,23,2.73
Ranchi,Pulses,Loamy,6.52,Low,Medium,Low,927,25,1.45
Ranchi,Wheat,Clay Loam,7.38,Low,High,Low,1061,18,2.89
Ranchi,Maize,Sandy Loam,6.35,Low,Low,High,1159,29,2.67
Ranchi,Wheat,Clay Loam,6.01,Low,High,Medium,1346,24,2.73
Ranchi,Pulses,Sandy Loam,6.65,Low,Medium,Low,827,19,1.99
Ranchi,Rice,Loamy,6.85,High,High,Low,1202,31,3.65
Ranchi,Rice,Clayey,6.7,Low,Medium,Low,1359,29,4.44
Ranchi,Wheat,Loamy,6.15,Low,Medium,Low,1222,22,3.12
Ranchi,Maize,Loamy,5.99,Medium,High,Medium,1140,19,2.33
Ranchi,Rice,Clay Loam,6.01,High,Low,Low,1545,30,4.14
Ranchi,Wheat,Loamy,6.13,Medium,Medium,High,1396,23,3.18
Ranchi,Pulses,Sandy Loam,7.08,High,High,Low,842,20,1.99
Ranchi,Rice,Loamy,5.58,Low,High,Medium,1469,22,4.01
Ranchi,Maize,Loamy,6.65,High,Low,Medium,918,25,2.92
Ranchi,Rice,Clayey,6.89,High,High,Low,1457,31,2.91
Ranchi,Maize,Loamy,5.95,Medium,High,High,906,21,3.72
Ranchi,Rice,Loamy,6.25,Low,Low,Low,1486,22,4.49
Ranchi,Rice,Clayey,6.73,Medium,High,Low,1600,32,4.31
Ranchi,Rice,Clayey,5.57,Medium,Medium,High,1580,30,3.33
Ranchi,Rice,Loamy,6.0,Medium,High,Medium,1475,29,3.02
Ranchi,Pulses,Loamy,6.13,High,Medium,Low,960,18,1.25
Ranchi,Pulses,Loamy,6.17,High,Medium,Medium,995,22,1.16
Ranchi,Wheat,Clay Loam,6.95,Low,Medium,High,1361,20,2.57
Ranchi,Wheat,Clay Loam,6.33,Medium,Low,Low,953,19,2.76
Ranchi,Rice,Loamy,6.27,High,Medium,Low,1322,22,4.0
Ranchi,Pulses,Loamy,6.88,Medium,High,High,918,27,1.98
Ranchi,Rice,Clay Loam,6.52,Medium,Medium,High,1547,23,4.08
Ranchi,Wheat,Clay Loam,7.07,Medium,High,Low,1190,21,3.08
Ranchi,Maize,Loamy,6.69,Low,Low,High,975,30,2.15
Ranchi,Maize,Sandy Loam,7.23,Medium,Low,Medium,1038,29,2.1
Ranchi,Pulses,Loamy,6.93,High,Medium,High,911,28,1.83
Ranchi,Pulses,Sandy Loam,6.26,Low,Low,Medium,934,26,1.6
Ranchi,Rice,Clayey,5.82,High,Low,High,1574,23,3.55
Ranchi,Wheat,Loamy,6.93,Low,Low,High,977,21,2.64
Ranchi,Maize,Sandy Loam,7.13,Low,Low,High,1001,25,3.99
Ranchi,Maize,Sandy Loam,6.59,High,Medium,Medium,1066,19,2.87
Ranchi,Rice,Clayey,6.86,High,High,Low,1563,27,3.62
Ranchi,Maize,Loamy,7.09,Medium,Low,High,1043,28,3.09
Ranchi,Wheat,Loamy,6.43,High,Medium,Medium,928,25,2.84
Ranchi,Pulses,Sandy Loam,7.32,Medium,Medium,Low,892,26,1.17
Ranchi,Pulses,Sandy Loam,7.09,High,Low,High,818,19,1.8
Ranchi,Pulses,Loamy,6.85,Low,High,High,1080,21,1.25
Ranchi,Wheat,Clay Loam,6.98,Low,Low,Medium,1235,20,3.38
Ranchi,Rice,Clayey,5.94,High,High,Low,1291,28,3.13
Ranchi,Maize,Sandy Loam,7.37,Low,High,High,1094,30,3.43
Ranchi,Pulses,Loamy,7.42,Low,Medium,Low,819,25,1.11
Ranchi,Wheat,Clay Loam,6.62,Medium,High,Low,1253,24,2.42
Ranchi,Rice,Clayey,6.52,Medium,Medium,High,1355,23,2.55
Ranchi,Wheat,Clay Loam,6.93,Medium,Medium,High,914,18,2.23
Ranchi,Maize,Sandy Loam,6.74,Medium,Low,High,1109,28,2.57
Ranchi,Pulses,Loamy,6.92,Low,High,Medium,991,20,1.11
Ranchi,Pulses,Sandy Loam,6.27,Low,High,Medium,1084,23,1.79
Ranchi,Maize,Sandy Loam,6.01,High,Medium,High,1028,26,3.29
Ranchi,Wheat,Loamy,6.38,Low,Medium,Medium,1182,25,1.78
Ranchi,Wheat,Loamy,7.23,Low,High,Low,1009,22,2.71
Ranchi,Maize,Sandy Loam,6.03,Low,Low,High,907,20,2.39
Ranchi,Rice,Clay Loam,5.99,High,Low,High,1544,25,4.42
Ranchi,Rice,Loamy,6.77,High,Medium,High,1470,22,2.54
Ranchi,Rice,Loamy,6.98,Medium,Low,Low,1549,25,2.71
Ranchi,Wheat,Clay Loam,6.03,Low,Low,Medium,1373,23,2.2
Ranchi,Rice,Clay Loam,6.85,Medium,High,High,1307,31,3.45
Ranchi,Maize,Sandy Loam,6.89,Medium,Low,Medium,964,30,2.96
Ranchi,Rice,Loamy,6.46,High,High,High,1375,28,2.81
Ranchi,Wheat,Clay Loam,6.0,High,High,Low,1187,21,1.73
Ranchi,Wheat,Loamy,6.15,Medium,Low,High,1325,22,2.72
Ranchi,Maize,Sandy Loam,7.31,High,Low,Medium,1159,26,3.46
Ranchi,Wheat,Loamy,6.52,Medium,High,Low,1171,22,3.12
Ranchi,Wheat,Loamy,7.14,Low,High,Low,1079,22,1.83
Ranchi,Pulses,Loamy,6.39,High,Low,High,865,23,1.03
Ranchi,Wheat,Loamy,6.81,Low,Medium,Medium,1264,24,3.22
Ranchi,Wheat,Loamy,7.33,High,Low,High,1373,18,2.07
Ranchi,Pulses,Loamy,6.88,High,Medium,High,996,24,1.22
Ranchi,Pulses,Sandy Loam,6.65,Medium,Low,Low,813,19,1.62
Ranchi,Rice,Clayey,6.19,High,High,Medium,1266,31,4.4
Ranchi,Maize,Sandy Loam,7.03,High,High,Low,1085,30,3.18
Ranchi,Pulses,Sandy Loam,7.19,High,Low,High,923,22,1.93
Ranchi,Pulses,Sandy Loam,7.31,Low,Low,High,1081,22,1.66
Ranchi,Maize,Loamy,6.18,Medium,Low,Low,1107,30,3.75
Ranchi,Pulses,Sandy Loam,6.39,Medium,Low,Low,994,19,1.79
Ranchi,Pulses,Sandy Loam,6.41,High,Medium,Medium,818,22,1.45
Ranchi,Maize,Sandy Loam,6.23,High,Medium,Low,909,26,3.49
Ranchi,Wheat,Loamy,6.52,Low,High,Low,1165,19,2.84
Ranchi,Rice,Clay Loam,6.47,High,Medium,Medium,1369,23,3.07
Ranchi,Wheat,Loamy,6.84,High,Medium,Medium,1243,20,3.19
Ranchi,Pulses,Loamy,6.75,Low,High,High,1002,26,1.68
Ranchi,Rice,Clay Loam,6.03,Low,High,Medium,1459,22,3.35
Ranchi,Rice,Loamy,6.72,Medium,Low,Medium,1248,22,3.11
Ranchi,Pulses,Sandy Loam,6.33,Low,Low,High,1000,20,1.73
Ranchi,Wheat,Clay Loam,6.47,Medium,High,Low,1309,24,2.72
Ranchi,Pulses,Sandy Loam,7.13,Low,High,Low,947,23,1.25
Ranchi,Wheat,Loamy,6.28,Low,Medium,High,1284,21,1.89
Ranchi,Wheat,Clay Loam,6.4,Medium,Low,Medium,1223,23,2.23
Ranchi,Pulses,Loamy,7.26,Medium,Low,High,928,24,1.42
Ranchi,Wheat,Loamy,7.01,High,High,Low,1209,24,3.0
Ranchi,Maize,Loamy,7.29,Low,Low,High,1086,23,2.14
Ranchi,Wheat,Clay Loam,6.86,Medium,Medium,Medium,1307,19,1.98
Ranchi,Pulses,Loamy,7.41,Medium,High,High,989,19,1.93
Ranchi,Rice,Loamy,6.71,Low,High,Medium,1548,23,3.21
Ranchi,Pulses,Sandy Loam,6.04,Low,Medium,High,1028,27,1.59
Ranchi,Maize,Sandy Loam,7.08,High,High,High,919,22,3.72
Ranchi,Rice,Loamy,5.58,High,Medium,High,1425,25,4.13
Ranchi,Wheat,Loamy,6.75,Medium,High,Medium,1175,19,2.28
Ranchi,Wheat,Clay Loam,6.58,Low,Low,Medium,994,18,1.79
Ranchi,Maize,Loamy,7.43,High,Low,Medium,1119,23,2.69
Ranchi,Pulses,Loamy,6.96,High,Medium,High,930,24,1.72
Ranchi,Rice,Loamy,6.48,Medium,High,Medium,1520,30,3.38
Ranchi,Maize,Loamy,5.97,Medium,Medium,Low,1030,24,3.57
Ranchi,Maize,Loamy,6.21,Medium,High,Low,943,30,3.96
Ranchi,Wheat,Clay Loam,6.75,Medium,Low,High,1010,21,2.38
Ranchi,Maize,Sandy Loam,6.37,Medium,Low,Medium,1196,19,2.27
Ranchi,Rice,Clayey,6.93,High,Medium,High,1209,23,4.23
Ranchi,Maize,Loamy,7.14,High,High,Low,1087,24,3.66
Ranchi,Maize,Sandy Loam,7.2,Medium,Low,High,982,30,2.16
Ranchi,Pulses,Loamy,6.76,High,Low,High,1065,24,1.68
Ranchi,Wheat,Loamy,6.4,Medium,Medium,Medium,1344,24,3.17
Ranchi,Wheat,Clay Loam,6.09,High,High,High,1400,22,2.16
Ranchi,Wheat,Clay Loam,6.67,Low,High,Low,1386,20,2.53
Ranchi,Rice,Clayey,6.0,Low,Low,Medium,1309,32,3.92
Ranchi,Maize,Loamy,6.18,High,Medium,Low,1068,23,2.09
Ranchi,Wheat,Loamy,6.29,Medium,High,Medium,1241,21,2.49
Ranchi,Rice,Loamy,6.74,Medium,Low,High,1450,26,3.34
Ranchi,Maize,Loamy,7.41,High,Medium,Medium,1041,23,2.55
Ranchi,Pulses,Sandy Loam,6.68,High,High,High,926,27,1.25
Ranchi,Pulses,Loamy,6.49,Medium,Low,High,874,28,1.05
Ranchi,Rice,Clay Loam,5.88,High,Medium,Medium,1442,32,3.65
Ranchi,Wheat,Loamy,6.58,High,Medium,Low,1244,23,1.91
Ranchi,Maize,Loamy,6.61,High,Low,Medium,1007,29,2.15
Ranchi,Wheat,Loamy,6.3,Low,Low,Medium,1046,24,3.3
Ranchi,Wheat,Clay Loam,6.8,Low,Low,High,987,23,1.82
Ranchi,Pulses,Sandy Loam,7.1,High,Low,Medium,1065,23,1.97
Ranchi,Wheat,Loamy,6.73,Low,Medium,High,1273,22,1.83
Ranchi,Maize,Loamy,7.5,Low,Medium,High,1022,18,3.42
Ranchi,Rice,Clayey,6.74,High,Low,Low,1319,26,3.7
Ranchi,Maize,Sandy Loam,6.81,Medium,Medium,Low,1117,27,2.47
Ranchi,Rice,Loamy,6.72,High,Low,Medium,1203,31,4.28
Ranchi,Wheat,Clay Loam,6.13,Medium,High,Low,1384,19,3.3
Ranchi,Pulses,Loamy,6.62,High,Medium,Medium,1076,27,1.85
Ranchi,Pulses,Loamy,6.49,Low,Medium,Medium,862,20,1.57
Ranchi,Maize,Loamy,7.01,High,High,Low,1052,29,3.27
Ranchi,Rice,Clayey,6.33,Low,Medium,Medium,1513,27,3.88
Ranchi,Maize,Sandy Loam,6.79,High,High,Low,1137,29,3.07
Ranchi,Pulses,Loamy,7.21,Medium,Medium,Medium,945,22,1.01
Ranchi,Maize,Sandy Loam,7.25,High,Low,Medium,944,27,2.57
Ranchi,Pulses,Loamy,7.07,Low,Low,Medium,863,20,1.41
Ranchi,Pulses,Loamy,7.0,Medium,Low,Low,911,23,1.77
Ranchi,Pulses,Sandy Loam,7.14,High,Low,Low,851,19,1.23
Ranchi,Wheat,Loamy,6.5,High,Medium,High,1351,22,1.9
Ranchi,Wheat,Clay Loam,6.72,Medium,Low,Medium,1181,18,1.78
Ranchi,Pulses,Loamy,7.08,Low,Low,Medium,986,23,1.59
Ranchi,Rice,Loamy,6.84,Medium,High,Low,1363,30,3.38
Ranchi,Wheat,Loamy,6.68,Low,Medium,Medium,1164,19,3.17
Ranchi,Rice,Clay Loam,6.99,Low,Low,Medium,1206,25,3.73
Ranchi,Rice,Clay Loam,6.02,Medium,High,Low,1492,23,2.92
Ranchi,Wheat,Loamy,7.44,Low,High,Low,1067,20,3.21
Ranchi,Wheat,Loamy,7.49,Medium,High,High,1117,24,2.34
Ranchi,Pulses,Loamy,7.17,Medium,Medium,Medium,939,24,1.21
Ranchi,Rice,Clay Loam,5.75,High,High,High,1504,30,4.22
Ranchi,Wheat,Clay Loam,6.42,Medium,High,Medium,1301,23,2.42
Ranchi,Maize,Sandy Loam,6.67,Medium,Low,High,1037,19,3.12
Ranchi,Wheat,Loamy,6.35,High,Medium,Low,1127,21,3.16
Ranchi,Wheat,Loamy,6.89,Medium,High,Low,1198,25,3.19
Ranchi,Maize,Sandy Loam,6.81,Medium,High,Low,900,30,3.16
Ranchi,Rice,Clay Loam,6.39,Low,High,Low,1596,31,2.65
Ranchi,Rice,Clayey,6.04,Low,Low,Medium,1219,25,3.95
Ranchi,Maize,Sandy Loam,6.49,Medium,High,High,1009,27,2.14
Ranchi,Wheat,Clay Loam,7.04,Low,Medium,Medium,1005,19,2.98
Ranchi,Wheat,Clay Loam,7.37,Medium,Medium,Low,918,21,3.24
Ranchi,Wheat,Loamy,7.15,High,Medium,Low,1261,20,2.87
Ranchi,Maize,Loamy,6.32,Low,Low,High,1172,30,3.76
Ranchi,Wheat,Clay Loam,6.1,High,High,High,1301,25,2.44
Ranchi,Wheat,Clay Loam,6.09,Medium,Medium,Low,937,24,2.02
Ranchi,Maize,Sandy Loam,6.49,High,Low,Low,1005,18,2.51
Ranchi,Maize,Sandy Loam,6.16,Low,Low,Medium,1091,29,3.08
Ranchi,Maize,Loamy,7.44,Low,Low,Low,1175,30,2.05
Ranchi,Rice,Clayey,6.48,Medium,Medium,Low,1322,30,4.36
Ranchi,Pulses,Loamy,7.09,High,High,Low,1091,22,1.46
Ranchi,Wheat,Loamy,6.17,Low,Medium,High,1151,25,3.0
Ranchi,Rice,Loamy,5.82,High,High,High,1431,27,2.96
Ranchi,Maize,Sandy Loam,6.92,High,Low,High,1026,29,3.5
Ranchi,Rice,Clay Loam,6.72,Medium,High,Low,1297,32,2.92
Ranchi,Maize,Sandy Loam,7.21,High,Low,Low,1122,25,3.73
Ranchi,Pulses,Sandy Loam,6.73,Low,Medium,Medium,1044,22,1.89
Ranchi,Maize,Loamy,6.66,High,High,Medium,1041,28,3.02
Ranchi,Rice,Clay Loam,6.18,Medium,Medium,High,1477,25,4.2
Ranchi,Rice,Loamy,6.18,Medium,High,Medium,1221,24,4.41
Ranchi,Maize,Loamy,7.4,High,High,High,1124,25,3.34
Ranchi,Pulses,Sandy Loam,7.18,High,High,High,828,27,1.76
Ranchi,Rice,Loamy,5.83,High,High,High,1369,26,3.73
Ranchi,Rice,Clay Loam,6.59,Medium,High,Medium,1539,25,2.76
Ranchi,Rice,Clayey,6.74,Medium,Medium,Medium,1539,27,3.39
Ranchi,Maize,Loamy,6.29,Low,Medium,Medium,1063,30,3.7
Ranchi,Maize,Loamy,7.49,High,Medium,Medium,1029,18,2.43
Ranchi,Pulses,Loamy,7.32,Medium,Low,Low,889,21,1.42
Ranchi,Pulses,Loamy,6.39,Medium,Medium,Low,1090,27,1.97
Ranchi,Maize,Loamy,7.29,Low,Medium,Medium,1055,28,2.15
Ranchi,Pulses,Sandy Loam,7.27,Medium,Medium,High,881,24,1.15
Ranchi,Rice,Clay Loam,6.91,Medium,High,High,1539,23,3.47
Ranchi,Rice,Clayey,6.14,Medium,High,Medium,1329,28,3.88
Ranchi,Rice,Clay Loam,6.49,Low,Medium,Low,1547,32,3.3
Ranchi,Maize,Loamy,6.36,High,High,High,1081,18,2.63
Ranchi,Maize,Sandy Loam,6.07,Low,Low,Medium,948,24,3.23
Ranchi,Maize,Sandy Loam,6.86,Medium,Medium,High,933,26,2.77
Ranchi,Maize,Loamy,6.69,Medium,High,High,1046,18,2.55
Ranchi,Pulses,Sandy Loam,7.26,High,Low,High,803,19,1.46
Ranchi,Wheat,Loamy,7.15,High,Medium,High,1055,20,1.72
Ranchi,Wheat,Clay Loam,7.01,Low,High,Medium,1099,22,3.3
Ranchi,Wheat,Loamy,7.21,Medium,High,Low,1389,18,2.15
Ranchi,Pulses,Sandy Loam,7.5,High,Medium,High,814,19,1.93
Ranchi,Maize,Loamy,6.51,Low,Medium,High,1134,29,2.73
Ranchi,Rice,Clayey,5.78,Low,Medium,Medium,1527,23,3.17
Ranchi,Pulses,Loamy,6.38,Medium,Medium,High,898,23,1.42
Ranchi,Pulses,Loamy,6.2,Low,High,Medium,836,26,1.77
Ranchi,Rice,Clayey,6.8,Low,Low,High,1434,31,3.14
Ranchi,Maize,Loamy,6.4,Low,High,Medium,1001,23,3.57
Ranchi,Maize,Loamy,6.34,Medium,Low,Medium,1097,28,2.35
Ranchi,Maize,Loamy,6.92,Medium,Medium,High,1143,28,3.72
Ranchi,Maize,Loamy,7.43,Medium,Low,High,1096,28,2.64
Ranchi,Pulses,Loamy,6.88,Low,Low,Medium,832,19,1.48
Ranchi,Maize,Loamy,6.66,Medium,Medium,Medium,959,23,3.68
Ranchi,Wheat,Loamy,6.54,Medium,High,High,1105,24,2.16
Ranchi,Rice,Clayey,5.75,Medium,High,High,1579,24,3.63
Ranchi,Wheat,Clay Loam,6.02,Medium,Low,Low,1021,22,2.64
Ranchi,Maize,Loamy,6.12,Low,High,High,977,18,3.49
Ranchi,Rice,Clayey,5.65,Low,Medium,Medium,1524,28,2.79
Ranchi,Pulses,Sandy Loam,6.21,Low,High,Medium,1065,23,1.33
Ranchi,Maize,Sandy Loam,6.65,Low,High,Low,952,24,3.04
Ranchi,Maize,Sandy Loam,6.14,High,Low,Low,1117,30,2.27
Ranchi,Wheat,Loamy,6.86,Medium,Medium,High,1058,21,3.35
Ranchi,Wheat,Loamy,6.22,High,High,Low,1038,20,2.77
Ranchi,Wheat,Clay Loam,7.29,Medium,High,Low,1074,23,3.27
Ranchi,Maize,Loamy,6.37,High,Medium,Medium,1045,25,3.15
Ranchi,Maize,Sandy Loam,6.85,Medium,Medium,Medium,1119,19,3.62
Ranchi,Pulses,Sandy Loam,6.77,Medium,Medium,Low,981,20,1.56
Ranchi,Wheat,Loamy,7.07,Medium,Low,Medium,1385,24,3.06
Ranchi,Wheat,Loamy,6.75,Medium,High,High,1369,19,3.24
Ranchi,Rice,Clayey,6.47,Medium,Low,Medium,1208,32,4.01
Ranchi,Maize,Sandy Loam,7.21,High,High,Low,1051,18,2.55
Ranchi,Pulses,Loamy,6.99,Low,Medium,High,992,26,1.22
Ranchi,Wheat,Loamy,7.2,High,High,Medium,957,18,2.43
Ranchi,Pulses,Sandy Loam,7.27,High,Medium,High,940,23,1.92
Ranchi,Rice,Loamy,5.6,Medium,Low,Low,1281,29,2.66
Ranchi,Maize,Loamy,5.81,Medium,Low,Low,970,25,3.29
Ranchi,Rice,Loamy,6.48,Low,Medium,Medium,1471,25,4.05
Ranchi,Rice,Clayey,6.66,Low,High,Low,1426,26,3.11
Ranchi,Wheat,Clay Loam,6.61,High,Medium,Medium,1327,21,3.23
Ranchi,Maize,Sandy Loam,7.47,Medium,Medium,Low,944,18,2.53
Ranchi,Pulses,Sandy Loam,6.05,High,High,Medium,1025,25,1.67
Ranchi,Pulses,Sandy Loam,6.55,Medium,High,Medium,1076,25,1.77
Ranchi,Rice,Loamy,5.52,Low,High,Low,1364,27,3.01
Ranchi,Pulses,Sandy Loam,7.04,Low,Medium,Medium,1078,19,1.8
Ranchi,Wheat,Loamy,6.73,High,Medium,High,962,20,1.86
Ranchi,Maize,Sandy Loam,6.89,Low,Medium,Medium,923,28,2.16
Ranchi,Pulses,Loamy,6.67,High,High,Low,913,26,1.51
Ranchi,Wheat,Loamy,6.02,Low,Low,Medium,1097,19,2.31
Ranchi,Rice,Loamy,5.9,Medium,High,Low,1323,22,2.58
Ranchi,Maize,Sandy Loam,6.58,High,Low,Low,1155,26,3.23
Ranchi,Maize,Sandy Loam,6.81,Low,Medium,Medium,1051,29,3.01
Ranchi,Rice,Loamy,5.98,Medium,Medium,Low,1548,25,4.28
Ranchi,Maize,Sandy Loam,7.38,Medium,High,High,1064,28,3.41
Ranchi,Rice,Loamy,5.74,Low,Low,Low,1511,26,4.1
Ranchi,Wheat,Loamy,7.13,High,Medium,Low,1125,24,2.14
Ranchi,Wheat,Loamy,6.06,Low,Low,Medium,1241,21,2.0
Ranchi,Pulses,Sandy Loam,6.86,Medium,Low,Low,1030,19,1.53
Ranchi,Wheat,Loamy,6.44,Low,Medium,Medium,1225,20,1.78
Ranchi,Wheat,Clay Loam,6.32,High,Medium,Medium,1142,24,2.98
Ranchi,Wheat,Loamy,6.37,Low,Medium,Low,1322,23,1.71
Ranchi,Wheat,Clay Loam,7.15,High,Low,High,986,21,1.96
Ranchi,Pulses,Sandy Loam,6.2,Medium,Low,Low,900,26,1.12
Ranchi,Rice,Clay Loam,5.73,High,Low,High,1398,27,3.87
Ranchi,Pulses,Sandy Loam,6.01,Medium,Low,Low,968,28,1.9
Ranchi,Wheat,Loamy,6.15,Medium,Medium,Medium,1280,21,3.38
Ranchi,Pulses,Loamy,6.02,High,Low,High,1069,18,1.33
Ranchi,Pulses,Loamy,6.19,High,Low,Low,940,25,1.33
Ranchi,Wheat,Clay Loam,6.27,High,Low,Medium,1333,19,2.26
Ranchi,Maize,Loamy,5.8,Medium,High,High,1146,23,3.78
Ranchi,Maize,Sandy Loam,6.83,High,Low,Medium,936,22,3.36
Ranchi,Rice,Loamy,5.88,Medium,High,Medium,1290,25,3.08
Ranchi,Wheat,Loamy,7.47,Medium,High,Medium,1261,20,2.83
Ranchi,Rice,Clay Loam,6.51,Low,Medium,Low,1414,24,2.62
Ranchi,Rice,Loamy,5.51,Medium,Medium,Medium,1267,29,3.02
Ranchi,Rice,Clay Loam,5.76,Medium,High,Medium,1516,32,4.1
Ranchi,Rice,Loamy,6.22,High,Low,High,1401,31,3.47
Ranchi,Wheat,Loamy,6.49,High,Low,Low,1131,23,2.56
Ranchi,Pulses,Sandy Loam,6.45,Medium,Medium,Medium,854,18,1.26
Ranchi,Wheat,Clay Loam,6.03,Medium,High,Medium,1037,24,2.99
Ranchi,Maize,Loamy,7.11,High,Low,High,1084,24,3.63
Ranchi,Pulses,Loamy,7.19,High,Medium,High,841,24,1.09
Ranchi,Maize,Loamy,7.4,Low,High,Low,1127,18,3.31
Ranchi,Wheat,Clay Loam,6.28,Low,High,Low,1014,24,3.16
Ranchi,Wheat,Clay Loam,6.4,High,Medium,Low,1137,25,3.02
Ranchi,Maize,Sandy Loam,6.81,Medium,Medium,Low,1186,27,2.94
Ranchi,Maize,Sandy Loam,6.71,High,High,Low,1010,21,2.73
Ranchi,Pulses,Loamy,7.41,Medium,Low,Low,930,19,1.04
Ranchi,Pulses,Sandy Loam,6.14,High,High,High,1037,20,1.1
Ranchi,Rice,Loamy,5.57,Medium,Medium,High,1421,24,3.16
Ranchi,Maize,Loamy,6.08,Low,Low,High,1027,25,3.58
Ranchi,Rice,Clayey,6.23,Medium,High,Medium,1413,23,3.83
Ranchi,Rice,Clayey,5.8,Low,Medium,Low,1572,28,3.64
Ranchi,Maize,Sandy Loam,5.83,Low,Medium,Medium,1102,28,3.83
Ranchi,Rice,Clayey,6.93,Medium,Medium,High,1579,31,4.1
Ranchi,Pulses,Sandy Loam,6.68,Low,Low,Low,877,18,1.42
Ranchi,Maize,Loamy,6.75,Medium,Low,Medium,998,25,2.6
Ranchi,Pulses,Loamy,6.89,High,Medium,Medium,989,23,1.67
Ranchi,Pulses,Loamy,6.84,High,High,Low,1084,22,1.4
Ranchi,Maize,Loamy,6.9,Low,High,Low,966,18,2.15
Ranchi,Rice,Clayey,6.98,Medium,High,Medium,1429,22,4.0
Ranchi,Rice,Clay Loam,6.7,Medium,High,Medium,1398,31,3.45
Ranchi,Pulses,Sandy Loam,6.93,Medium,High,Medium,976,23,1.94
Ranchi,Pulses,Loamy,7.05,High,Low,Medium,998,22,1.56
Ranchi,Rice,Clayey,6.74,Medium,Medium,Low,1321,32,3.49
Ranchi,Rice,Clayey,5.7,Low,High,High,1293,30,3.27
Ranchi,Pulses,Sandy Loam,7.32,Medium,Medium,Low,828,23,1.77
Ranchi,Wheat,Clay Loam,6.72,High,Medium,High,1274,19,2.56
Ranchi,Pulses,Sandy Loam,6.77,Medium,Low,Low,1066,20,1.44
Ranchi,Wheat,Clay Loam,6.12,High,Medium,Low,1201,20,3.02
Ranchi,Pulses,Loamy,6.36,High,Medium,Low,879,18,1.57
Ranchi,Pulses,Loamy,7.24,High,High,Low,857,21,1.67
Ranchi,Rice,Clay Loam,5.78,High,Medium,Low,1212,24,2.85
Ranchi,Pulses,Sandy Loam,7.12,Medium,Medium,High,979,18,1.67
Ranchi,Rice,Loamy,5.52,Low,Low,Low,1251,31,2.73
Ranchi,Pulses,Loamy,6.21,Low,High,Medium,869,23,1.33
Ranchi,Maize,Loamy,6.16,High,High,High,950,26,3.48
Ranchi,Wheat,Loamy,6.95,High,High,Low,1033,23,2.4
Ranchi,Rice,Clay Loam,6.64,High,Medium,Low,1294,26,3.86
Ranchi,Wheat,Loamy,6.38,High,Medium,High,1291,18,1.9
Ranchi,Wheat,Loamy,6.9,High,Medium,Medium,1114,20,1.94
Ranchi,Maize,Sandy Loam,6.51,Low,Low,High,1068,18,2.58
Ranchi,Maize,Loamy,6.06,Medium,Medium,Low,1019,23,4.0
Ranchi,Rice,Clayey,5.92,Medium,Low,Low,1553,27,2.92
Ranchi,Pulses,Loamy,6.86,Medium,Medium,Low,810,25,1.27
Ranchi,Maize,Sandy Loam,7.12,High,High,High,1175,25,3.68
Ranchi,Wheat,Clay Loam,7.23,Low,Low,Low,1289,18,2.55
Ranchi,Maize,Loamy,6.13,Low,High,High,1152,18,3.81
Ranchi,Rice,Loamy,5.88,High,Low,High,1265,29,3.79
Ranchi,Rice,Clayey,5.87,Low,High,Low,1429,25,3.76
Ranchi,Wheat,Clay Loam,6.15,Medium,Medium,Medium,1125,18,3.06
Ranchi,Wheat,Clay Loam,6.05,Medium,Low,Low,1003,24,2.52
Ranchi,Maize,Sandy Loam,7.2,Low,Low,Medium,1180,27,2.8
Ranchi,Pulses,Sandy Loam,6.61,High,Medium,Medium,881,26,1.75
Ranchi,Maize,Loamy,6.84,Medium,High,Medium,1086,20,2.77
Ranchi,Pulses,Sandy Loam,6.87,Medium,Low,Medium,989,21,1.74
Ranchi,Rice,Clay Loam,5.65,Low,High,Low,1346,25,3.7
Ranchi,Rice,Clay Loam,5.95,Low,High,High,1463,26,3.44
Ranchi,Rice,Clay Loam,6.06,Low,Medium,High,1513,22,4.14
Ranchi,Wheat,Loamy,6.26,Low,High,Medium,1280,25,2.49
Ranchi,Wheat,Loamy,6.54,High,Low,Low,982,24,2.49
Ranchi,Maize,Loamy,6.16,Medium,Low,Low,943,23,3.19
Ranchi,Wheat,Loamy,7.12,Medium,High,Medium,1137,21,2.52
Ranchi,Rice,Clay Loam,6.22,Low,Medium,High,1202,28,4.13
Ranchi,Rice,Clay Loam,6.9,Low,Medium,High,1299,22,2.59
Ranchi,Pulses,Sandy Loam,6.45,High,Medium,High,1080,25,1.07
Ranchi,Rice,Clayey,6.92,High,Medium,High,1359,24,3.83
Ranchi,Wheat,Loamy,6.3,Medium,High,Low,1383,19,2.48
Ranchi,Pulses,Loamy,7.39,Medium,Low,High,999,21,1.94
Ranchi,Pulses,Sandy Loam,7.06,Medium,High,High,1046,26,1.94
Ranchi,Pulses,Loamy,6.1,Medium,Medium,Medium,1077,20,1.72
Ranchi,Rice,Loamy,6.6,High,Low,High,1214,28,3.98
Ranchi,Maize,Sandy Loam,6.65,Low,High,High,1186,22,2.44
Ranchi,Wheat,Loamy,7.48,High,Low,High,1226,22,2.81
Ranchi,Wheat,Loamy,6.37,High,Low,Low,1396,24,2.26
Ranchi,Pulses,Loamy,6.67,Low,High,High,956,20,1.1
Ranchi,Rice,Clayey,5.97,Low,High,Medium,1462,29,3.58
Ranchi,Rice,Loamy,5.62,Low,Medium,Medium,1406,28,4.15
Ranchi,Maize,Sandy Loam,6.22,High,High,Medium,955,27,3.5
Ranchi,Pulses,Loamy,6.86,Medium,High,High,924,22,1.71
Ranchi,Pulses,Sandy Loam,6.36,Medium,High,High,902,21,1.93
Ranchi,Pulses,Sandy Loam,6.43,Low,Low,Low,1016,22,1.1
Ranchi,Wheat,Clay Loam,7.39,High,High,High,1170,25,3.09
Ranchi,Rice,Clay Loam,5.86,Low,Low,Low,1522,25,3.5
Ranchi,Pulses,Sandy Loam,6.68,High,Medium,High,1021,22,1.82
Ranchi,Wheat,Loamy,6.06,Medium,Medium,Medium,1148,21,2.75
Ranchi,Maize,Loamy,5.92,High,Medium,Medium,948,20,2.65
Ranchi,Wheat,Clay Loam,6.66,High,High,Low,933,18,2.06
Ranchi,Maize,Sandy Loam,6.04,High,High,High,1169,26,3.69
Ranchi,Rice,Clay Loam,6.89,High,High,Medium,1530,22,2.67
Ranchi,Pulses,Loamy,6.29,Medium,Medium,High,958,27,1.83
Ranchi,Rice,Clayey,6.02,High,High,Medium,1369,31,3.55
Ranchi,Maize,Sandy Loam,7.44,Medium,High,Low,1138,20,2.76
Ranchi,Wheat,Loamy,6.41,High,Medium,Medium,1191,20,2.99
Ranchi,Pulses,Loamy,6.25,Low,Low,Medium,1023,18,1.09
Ranchi,Pulses,Sandy Loam,6.39,Low,Medium,High,997,22,1.73
Ranchi,Pulses,Loamy,6.38,Medium,Medium,Medium,865,18,1.21
Ranchi,Maize,Sandy Loam,7.16,High,Medium,Medium,990,21,3.47
Ranchi,Pulses,Loamy,6.2,High,Low,Medium,861,28,1.49
Ranchi,Pulses,Sandy Loam,6.8,Low,Medium,Medium,810,20,1.65
Ranchi,Wheat,Clay Loam,6.49,Medium,Medium,High,1118,20,2.07
Ranchi,Pulses,Sandy Loam,6.83,Medium,High,High,1010,22,1.99
Ranchi,Rice,Loamy,5.78,High,Medium,Low,1233,25,3.03
Ranchi,Rice,Clayey,6.83,High,Low,Medium,1338,22,4.13
Ranchi,Maize,Sandy Loam,6.6,Medium,Low,High,1124,22,2.3
Ranchi,Maize,Loamy,6.58,Low,High,Low,901,22,3.59
Ranchi,Rice,Clayey,5.63,Low,High,Low,1517,30,4.21
Ranchi,Wheat,Clay Loam,6.02,Medium,Low,Medium,911,21,2.79
Ranchi,Maize,Loamy,6.82,Low,Low,Medium,1112,21,3.93
Ranchi,Wheat,Clay Loam,7.36,High,High,Medium,1179,20,1.91
Ranchi,Pulses,Loamy,6.72,Medium,Low,Medium,846,25,1.99
Ranchi,Wheat,Clay Loam,7.02,Low,High,High,942,19,3.12
Ranchi,Rice,Loamy,6.1,Low,High,Low,1561,31,3.83
Ranchi,Pulses,Sandy Loam,6.44,Medium,Medium,High,1072,26,1.27
Ranchi,Maize,Loamy,7.37,High,High,High,1179,28,2.67
Ranchi,Wheat,Loamy,6.12,Low,High,High,1332,23,2.96
Ranchi,Maize,Sandy Loam,5.87,Low,High,High,955,25,4.0
Ranchi,Rice,Clayey,6.79,Low,Medium,High,1398,29,2.98
Ranchi,Rice,Clay Loam,6.84,High,High,High,1486,28,3.41
Ranchi,Wheat,Loamy,7.41,Low,Low,Low,910,20,2.16
Ranchi,Maize,Sandy Loam,5.99,High,Low,High,1110,25,3.34
Ranchi,Maize,Loamy,6.0,Medium,Low,High,997,19,2.08
Ranchi,Wheat,Loamy,6.13,Low,High,High,1293,22,2.02
Ranchi,Wheat,Clay Loam,6.65,High,Medium,Low,1124,19,3.29
Ranchi,Wheat,Clay Loam,6.84,Low,Medium,Low,973,18,2.51
Ranchi,Maize,Sandy Loam,6.77,Low,Medium,Low,1112,25,2.29
Ranchi,Rice,Clayey,6.19,Medium,Medium,High,1312,28,3.77
Ranchi,Pulses,Sandy Loam,7.37,High,Medium,High,954,27,1.17
Ranchi,Wheat,Clay Loam,6.4,Low,Medium,Low,925,24,3.06
Ranchi,Rice,Loamy,6.35,Medium,High,Low,1522,24,3.54
Ranchi,Wheat,Clay Loam,7.49,High,High,High,1099,21,2.29
Ranchi,Wheat,Loamy,6.61,High,Medium,Low,1046,20,1.72
Ranchi,Rice,Loamy,5.7,Low,Low,High,1375,29,4.13
Ranchi,Maize,Sandy Loam,6.79,High,High,High,1097,23,2.87
Ranchi,Pulses,Sandy Loam,7.34,High,Low,High,839,21,1.02
Ranchi,Rice,Loamy,5.92,Low,Low,High,1311,32,4.0
Ranchi,Maize,Loamy,6.98,High,Low,High,1134,20,2.78
Ranchi,Pulses,Sandy Loam,6.13,Low,Medium,High,1058,20,1.83
Ranchi,Maize,Sandy Loam,6.3,High,High,High,1193,19,3.16
Ranchi,Pulses,Loamy,6.47,Medium,Medium,Medium,866,27,1.62
Ranchi,Pulses,Loamy,6.59,Medium,High,High,867,27,1.87
Ranchi,Wheat,Clay Loam,7.24,Low,Low,Medium,1089,19,2.12
Ranchi,Wheat,Clay Loam,7.35,Low,Low,Low,1257,20,3.2
Ranchi,Wheat,Loamy,6.39,High,High,Medium,1256,23,3.23
Ranchi,Maize,Sandy Loam,6.86,Low,Medium,Medium,1151,29,3.03
Ranchi,Pulses,Loamy,6.2,Medium,Medium,High,945,27,1.19
Ranchi,Wheat,Clay Loam,6.38,Low,Medium,Medium,971,20,1.97
Ranchi,Rice,Clayey,5.52,High,High,Low,1358,28,2.96
Ranchi,Maize,Loamy,7.09,High,Low,Low,1014,23,2.46
Ranchi,Rice,Loamy,6.36,Low,Low,Low,1298,23,2.97
Ranchi,Pulses,Sandy Loam,7.33,Medium,Medium,High,847,26,1.42
Ranchi,Maize,Loamy,6.29,Medium,Medium,High,925,22,3.71
Ranchi,Pulses,Loamy,6.55,Medium,Medium,Medium,992,26,1.72
Ranchi,Pulses,Sandy Loam,7.38,Medium,High,Low,992,23,1.01
Ranchi,Maize,Sandy Loam,6.87,High,High,Medium,906,19,2.35
Ranchi,Rice,Clay Loam,6.2,Low,Low,Low,1438,31,2.74
Ranchi,Maize,Loamy,7.42,Medium,Low,High,1113,19,2.58
Ranchi,Rice,Loamy,5.9,Medium,Low,High,1312,22,2.91
Ranchi,Maize,Loamy,6.78,High,Low,High,1169,20,2.13
Ranchi,Wheat,Clay Loam,6.03,Medium,Low,Medium,1011,25,3.2
Ranchi,Pulses,Loamy,6.6,Low,Medium,Medium,1054,27,1.41
Ranchi,Maize,Loamy,7.4,High,Low,Medium,965,28,3.89
Ranchi,Pulses,Loamy,7.43,Low,High,High,927,19,1.45
Ranchi,Wheat,Loamy,6.24,High,Low,Low,1246,18,2.24
Ranchi,Pulses,Sandy Loam,7.02,Low,High,High,879,26,1.87
Ranchi,Rice,Loamy,6.37,High,Medium,High,1261,31,4.21
Ranchi,Maize,Loamy,5.92,High,Medium,Medium,987,25,2.99
Ranchi,Rice,Clayey,6.5,High,Low,Medium,1427,23,3.47
Ranchi,Pulses,Loamy,6.92,Medium,Low,Medium,969,23,1.13
Ranchi,Rice,Clayey,6.21,Medium,Low,High,1393,32,3.94
Ranchi,Wheat,Loamy,6.25,Medium,Low,High,1271,24,1.93
Ranchi,Pulses,Sandy Loam,6.95,Medium,High,Medium,950,23,1.62
Ranchi,Maize,Sandy Loam,5.91,Low,High,Low,1050,28,3.08
Ranchi,Maize,Loamy,6.78,High,Low,Medium,915,24,2.27
Ranchi,Rice,Clay Loam,6.47,High,High,Low,1397,29,4.35
Ranchi,Wheat,Loamy,7.1,High,Low,Medium,1002,18,2.35
Ranchi,Maize,Sandy Loam,7.15,Low,Low,Low,1198,18,2.31
Ranchi,Pulses,Sandy Loam,6.42,Medium,Low,High,1007,26,1.3
Ranchi,Rice,Clayey,6.58,High,High,Medium,1498,22,2.97
Ranchi,Pulses,Loamy,6.6,High,High,Low,933,26,1.89
Ranchi,Pulses,Loamy,6.8,Medium,Low,High,832,22,1.61
Ranchi,Maize,Sandy Loam,6.53,Low,Low,Medium,975,27,2.19
Ranchi,Pulses,Sandy Loam,7.06,Low,Medium,Medium,1016,25,1.33
Ranchi,Pulses,Sandy Loam,6.24,High,Medium,Low,837,20,1.68
Ranchi,Pulses,Sandy Loam,6.53,High,High,High,961,27,1.22
Ranchi,Wheat,Loamy,6.1,Medium,Low,Low,1163,19,2.13
Ranchi,Rice,Clayey,6.51,High,Low,Low,1233,30,3.3
Ranchi,Maize,Sandy Loam,5.97,Low,High,Medium,957,27,2.24
Ranchi,Rice,Clay Loam,5.98,Medium,Low,Low,1505,30,3.89
Ranchi,Maize,Sandy Loam,7.18,High,Low,Low,1163,23,2.75
Ranchi,Rice,Loamy,5.84,High,High,Low,1322,25,3.06
Ranchi,Pulses,Loamy,6.33,Medium,High,High,1026,23,1.37
Ranchi,Maize,Loamy,7.0,Medium,Medium,Low,953,23,3.64
Ranchi,Maize,Sandy Loam,6.67,Low,Low,High,1086,27,2.66
Ranchi,Maize,Sandy Loam,6.76,Medium,High,Medium,1199,24,3.25
Ranchi,Maize,Loamy,5.85,Medium,Medium,Medium,944,28,3.17
Ranchi,Wheat,Clay Loam,6.6,Medium,Medium,Medium,1310,22,3.09
Ranchi,Pulses,Sandy Loam,6.81,Medium,Low,Medium,918,23,1.53
Ranchi,Maize,Loamy,7.5,Medium,Low,High,1043,30,3.54
Ranchi,Pulses,Sandy Loam,6.92,Low,High,Low,1036,18,1.6
Ranchi,Maize,Sandy Loam,7.18,Medium,Medium,Low,982,28,2.27
Ranchi,Pulses,Sandy Loam,7.03,High,Low,High,1029,19,1.95
Ranchi,Wheat,Loamy,6.94,High,High,Medium,934,20,2.62
Ranchi,Wheat,Clay Loam,7.46,Low,High,High,1289,23,2.22
Ranchi,Pulses,Sandy Loam,7.46,Medium,Medium,Low,805,26,1.88
Ranchi,Pulses,Sandy Loam,6.71,High,High,High,816,22,1.36
Ranchi,Wheat,Clay Loam,6.64,Medium,Low,High,992,18,1.87
Ranchi,Wheat,Clay Loam,6.45,Low,Medium,Medium,1250,23,2.03
Ranchi,Pulses,Loamy,7.2,High,Medium,Low,804,27,1.74
Ranchi,Pulses,Sandy Loam,6.52,Low,Low,Low,1006,24,1.29
Ranchi,Pulses,Loamy,7.35,Low,Low,Medium,1039,27,1.16
Ranchi,Maize,Sandy Loam,6.42,Medium,Medium,Medium,982,26,2.99
Ranchi,Rice,Loamy,6.61,High,Medium,High,1222,32,4.5
Ranchi,Rice,Clayey,6.33,High,High,Medium,1451,25,2.87
Ranchi,Rice,Loamy,6.91,Medium,Medium,Medium,1541,22,3.2
Ranchi,Pulses,Loamy,6.8,Medium,High,High,1057,23,1.16
Ranchi,Pulses,Loamy,6.87,Low,Low,Medium,1076,28,1.57
Ranchi,Wheat,Loamy,6.77,Medium,Low,High,1086,20,2.7
Ranchi,Wheat,Clay Loam,6.67,Low,High,Medium,1283,20,2.04
Ranchi,Wheat,Loamy,6.67,Low,Low,High,1249,21,2.98
Ranchi,Rice,Loamy,5.92,Low,Low,Low,1291,23,4.49
Ranchi,Maize,Loamy,6.6,High,High,Low,1064,20,3.98
Ranchi,Maize,Sandy Loam,5.86,Low,High,High,1178,23,2.11
Ranchi,Wheat,Clay Loam,6.29,Low,High,Medium,1316,25,2.49
Ranchi,Maize,Loamy,5.9,Low,Medium,Medium,1020,24,3.69
Ranchi,Wheat,Loamy,7.29,Low,Low,Medium,1074,24,2.87
Ranchi,Rice,Loamy,6.8,Medium,Medium,High,1313,31,3.76
Ranchi,Wheat,Loamy,6.81,High,Medium,Low,1343,24,3.01
Ranchi,Pulses,Loamy,7.13,Medium,Low,Low,989,23,1.94
Ranchi,Rice,Clayey,6.5,High,High,High,1396,23,2.55
Ranchi,Wheat,Loamy,6.01,Medium,High,High,1338,20,3.05
Ranchi,Wheat,Clay Loam,6.7,High,High,Medium,1156,18,3.23
Ranchi,Rice,Clayey,6.72,Medium,High,Low,1372,30,2.83
Ranchi,Maize,Loamy,6.66,Medium,High,Low,1115,26,3.84
Ranchi,Rice,Loamy,6.54,Low,High,Medium,1318,23,3.7
Ranchi,Maize,Loamy,7.05,Low,High,Medium,1097,29,3.55
Ranchi,Rice,Clay Loam,6.11,Low,Low,High,1397,25,4.25
Ranchi,Pulses,Loamy,6.92,Low,High,Low,1051,27,1.27
Ranchi,Maize,Loamy,7.23,Medium,High,Low,954,29,2.32
Ranchi,Rice,Loamy,6.56,Medium,Low,Medium,1286,31,4.43
Ranchi,Maize,Sandy Loam,7.42,High,Medium,High,1027,18,3.54
Ranchi,Maize,Loamy,6.87,Medium,High,High,969,24,3.03
Ranchi,Wheat,Loamy,6.24,High,High,Low,935,21,3.31
Ranchi,Pulses,Sandy Loam,7.04,Low,High,Medium,1042,19,1.89
Ranchi,Wheat,Clay Loam,6.57,Low,Medium,Low,1172,25,2.25
Ranchi,Wheat,Clay Loam,7.36,Low,Medium,High,1111,25,3.07
Ranchi,Rice,Loamy,6.76,High,Low,Medium,1390,28,3.29
Ranchi,Wheat,Clay Loam,6.65,High,High,Low,991,23,2.73
Ranchi,Pulses,Loamy,6.95,Medium,Medium,Low,1075,25,1.15
Ranchi,Maize,Sandy Loam,5.9,Medium,Medium,High,1175,21,3.8
Ranchi,Pulses,Loamy,6.17,Low,Medium,High,807,23,1.23
Ranchi,Maize,Loamy,6.01,Low,Low,High,1077,23,3.25
Ranchi,Rice,Clay Loam,6.81,High,High,High,1236,26,4.18
Ranchi,Pulses,Loamy,6.8,Low,Low,High,911,26,1.9
Ranchi,Wheat,Clay Loam,7.22,Low,Low,Medium,1277,25,2.26
Ranchi,Wheat,Loamy,6.15,Medium,High,Medium,1316,20,1.82
Ranchi,Rice,Loamy,6.96,Low,Medium,High,1453,24,3.9
Ranchi,Wheat,Clay Loam,7.28,High,Medium,High,1351,18,2.57
Ranchi,Rice,Clay Loam,6.24,Medium,Low,High,1332,24,3.99
Ranchi,Rice,Clayey,6.65,Low,Medium,High,1263,23,4.2
Ranchi,Wheat,Loamy,6.45,Medium,Low,Low,1223,23,2.19
Ranchi,Wheat,Clay Loam,7.46,High,High,Medium,952,21,1.72
Ranchi,Maize,Loamy,7.33,High,Medium,Medium,1130,26,3.04
Ranchi,Wheat,Clay Loam,7.48,Low,Low,Medium,1123,18,2.82
Ranchi,Maize,Sandy Loam,7.0,Medium,Medium,Medium,1170,27,2.08
Ranchi,Pulses,Sandy Loam,6.67,Medium,High,Medium,932,26,1.47
Ranchi,Pulses,Loamy,6.34,High,High,Low,973,23,1.69
Ranchi,Rice,Clay Loam,5.65,High,High,High,1446,30,3.61
Ranchi,Rice,Clayey,6.55,Medium,Medium,High,1533,31,3.35
Ranchi,Rice,Clay Loam,6.95,Low,High,Medium,1282,23,4.04
Ranchi,Maize,Sandy Loam,7.15,Low,Low,Low,1197,22,3.19
Ranchi,Maize,Loamy,7.15,Low,Medium,Medium,1147,19,2.46
Ranchi,Wheat,Loamy,6.16,High,High,Medium,1111,20,3.05
Ranchi,Maize,Sandy Loam,6.2,High,Low,Low,1169,26,3.7
Ranchi,Rice,Clayey,5.95,Medium,Medium,Low,1362,26,3.92
Ranchi,Pulses,Sandy Loam,6.64,High,Medium,High,994,18,1.54
Ranchi,Rice,Clayey,6.83,Medium,Low,Medium,1498,24,3.66
Ranchi,Wheat,Clay Loam,6.28,High,Low,Medium,970,18,1.87
Ranchi,Pulses,Sandy Loam,7.29,Medium,Medium,High,838,23,1.81
Ranchi,Pulses,Sandy Loam,6.55,High,Medium,High,956,23,1.98
Ranchi,Wheat,Clay Loam,6.79,Medium,Low,Medium,1231,24,2.81
Ranchi,Rice,Clay Loam,5.65,High,High,High,1280,31,4.16
Ranchi,Maize,Loamy,6.91,Low,Medium,High,1077,18,2.81
Ranchi,Maize,Sandy Loam,7.02,High,High,High,1198,25,2.3
Ranchi,Maize,Sandy Loam,7.41,Low,Low,High,1082,28,2.99
Ranchi,Rice,Clayey,6.2,High,Medium,Low,1580,30,3.43
Ranchi,Rice,Loamy,6.57,Medium,Low,Low,1567,25,3.29
Ranchi,Pulses,Loamy,7.37,Medium,Low,Medium,847,21,1.6
Ranchi,Wheat,Clay Loam,6.72,Medium,High,Low,1097,23,2.07
Ranchi,Wheat,Clay Loam,7.12,Medium,Medium,High,1398,24,2.85
Ranchi,Maize,Sandy Loam,7.42,Medium,High,Low,1177,18,2.44
Ranchi,Rice,Clay Loam,6.7,Medium,High,Low,1458,31,2.74
Ranchi,Pulses,Loamy,7.06,Medium,Low,Low,863,26,1.13
Ranchi,Maize,Sandy Loam,7.2,Medium,Low,High,985,23,3.99
Ranchi,Maize,Loamy,6.06,Low,High,Low,1044,22,2.21
Ranchi,Wheat,Clay Loam,6.09,Medium,Low,Medium,974,21,2.63
Ranchi,Maize,Loamy,6.26,High,Medium,Medium,1190,23,3.18
Ranchi,Rice,Loamy,6.71,Medium,High,Low,1450,28,4.46
Ranchi,Rice,Clay Loam,5.94,High,Medium,Low,1586,31,4.16
Ranchi,Wheat,Clay Loam,6.14,Low,Low,Medium,1085,24,2.32
Ranchi,Maize,Loamy,7.03,Medium,Low,Low,1022,26,3.19
Ranchi,Maize,Sandy Loam,6.01,Medium,High,Medium,988,29,3.59
Ranchi,Maize,Sandy Loam,7.12,Medium,Medium,Low,1132,28,3.37
Ranchi,Rice,Loamy,5.55,Low,High,Medium,1305,26,3.07
Ranchi,Pulses,Sandy Loam,6.84,Low,High,Medium,892,20,1.0
Ranchi,Pulses,Loamy,7.49,Medium,High,Medium,873,26,1.7
Ranchi,Maize,Loamy,5.85,High,Medium,High,1021,27,3.45
Ranchi,Maize,Loamy,6.4,Low,High,Low,927,18,3.16
Ranchi,Rice,Clayey,5.87,Medium,Low,Medium,1458,31,3.65
Ranchi,Wheat,Loamy,6.66,High,Low,Low,912,22,2.18
Ranchi,Rice,Clayey,6.2,High,Medium,High,1382,27,2.58
Ranchi,Pulses,Sandy Loam,7.21,High,Low,Low,1018,26,1.43
Ranchi,Wheat,Loamy,6.2,Medium,High,High,1046,18,2.35
Ranchi,Pulses,Loamy,6.33,Medium,Medium,High,959,28,1.54
Ranchi,Pulses,Loamy,7.32,Low,Low,High,942,21,1.89
Ranchi,Maize,Loamy,6.91,Medium,High,High,1064,24,3.16
Ranchi,Rice,Loamy,5.8,High,High,High,1460,25,4.13
Ranchi,Maize,Sandy Loam,6.58,Low,High,Low,1097,20,2.67
Ranchi,Maize,Sandy Loam,6.24,High,Medium,Low,928,22,3.42
Ranchi,Rice,Clayey,6.4,Low,High,Medium,1426,22,4.04
Ranchi,Wheat,Loamy,6.13,Medium,Low,Medium,1132,23,2.8
Ranchi,Pulses,Sandy Loam,6.71,Low,Medium,Low,800,24,1.21
Ranchi,Pulses,Loamy,7.39,High,Low,Medium,1071,21,1.88
Ranchi,Maize,Sandy Loam,6.26,Medium,High,Low,1094,28,2.26
Ranchi,Rice,Clayey,6.78,Medium,Low,Medium,1594,32,3.08
Ranchi,Maize,Loamy,7.49,Medium,Low,High,1060,18,2.95
Ranchi,Wheat,Clay Loam,6.97,Medium,High,Medium,925,19,2.89
Ranchi,Wheat,Clay Loam,6.45,Low,High,Low,967,20,1.8
Ranchi,Rice,Clayey,5.64,Low,Medium,Low,1384,30,4.22
Ranchi,Wheat,Loamy,6.55,Medium,High,Medium,1400,21,2.6
Ranchi,Wheat,Loamy,6.19,Medium,Low,Medium,1182,24,2.36
Ranchi,Maize,Sandy Loam,7.49,Medium,High,Medium,994,27,2.78
Ranchi,Maize,Loamy,5.95,High,Medium,High,1068,24,2.18
Ranchi,Pulses,Sandy Loam,7.33,Medium,Medium,Medium,855,18,1.8
Ranchi,Pulses,Sandy Loam,6.07,Low,Medium,Medium,1011,20,1.22
Ranchi,Rice,Clay Loam,6.43,Low,Low,Medium,1372,28,3.38
Ranchi,Pulses,Sandy Loam,6.62,Low,High,Medium,840,22,1.54
Ranchi,Pulses,Sandy Loam,6.82,Low,Medium,Low,1016,22,1.38
Ranchi,Pulses,Sandy Loam,6.04,High,Low,High,829,19,1.2
Ranchi,Maize,Sandy Loam,6.59,High,High,High,1006,30,2.07
Ranchi,Wheat,Loamy,7.22,Medium,Low,Medium,980,19,1.99
Ranchi,Maize,Sandy Loam,7.46,High,Medium,Medium,1074,21,2.09
Ranchi,Maize,Loamy,6.09,Low,High,Low,1185,23,2.73
Ranchi,Maize,Loamy,6.24,Medium,Low,Medium,981,27,2.43
Ranchi,Pulses,Loamy,6.0,Medium,High,Medium,906,21,1.98
Ranchi,Wheat,Loamy,6.22,High,Medium,High,1309,25,3.16
Ranchi,Maize,Sandy Loam,6.75,Medium,High,Low,914,27,2.41
Ranchi,Rice,Clayey,6.01,Low,Low,Medium,1248,29,4.18
Ranchi,Pulses,Loamy,6.86,Low,Medium,Low,943,24,1.59
Ranchi,Maize,Loamy,7.45,Medium,Low,High,1031,30,3.24
Ranchi,Pulses,Loamy,7.12,High,Low,Medium,889,20,1.28
Ranchi,Maize,Loamy,6.89,High,Medium,Medium,1080,26,2.04
Ranchi,Pulses,Loamy,7.47,High,Low,High,1079,18,1.29
Ranchi,Maize,Sandy Loam,7.04,Low,Medium,Medium,1112,25,3.98
Ranchi,Pulses,Sandy Loam,7.44,Medium,Medium,Low,805,22,1.92
Ranchi,Wheat,Loamy,6.51,Low,Medium,Low,1360,18,1.79
Ranchi,Wheat,Loamy,6.53,Low,High,High,1073,19,2.0
Ranchi,Maize,Sandy Loam,6.29,Medium,High,Low,958,24,3.46
Ranchi,Maize,Loamy,7.34,Low,Low,High,924,19,2.5
Ranchi,Rice,Clay Loam,6.79,Low,Medium,Low,1337,31,2.5
Ranchi,Wheat,Loamy,7.44,High,Low,Low,1268,20,3.33
Ranchi,Pulses,Sandy Loam,6.16,Medium,Low,Medium,913,18,1.03
Ranchi,Maize,Sandy Loam,7.38,Medium,High,High,1032,23,3.56
Ranchi,Wheat,Loamy,6.37,Low,Medium,Medium,1398,25,2.47
Ranchi,Maize,Loamy,6.31,Low,Low,Low,973,26,3.1
Ranchi,Pulses,Loamy,6.07,Low,High,Medium,977,20,1.99
Ranchi,Wheat,Loamy,6.87,Medium,Medium,Low,1267,21,2.29
Ranchi,Pulses,Sandy Loam,6.87,High,High,Low,915,28,1.28
Ranchi,Maize,Sandy Loam,7.29,Low,Low,Medium,1052,27,2.11
Ranchi,Wheat,Clay Loam,7.15,Low,High,High,1188,24,1.95
Ranchi,Wheat,Clay Loam,7.17,High,Low,Medium,1249,19,3.09
Ranchi,Maize,Loamy,6.81,Medium,Low,High,1112,27,2.82
Ranchi,Rice,Clay Loam,6.39,High,High,Low,1577,23,4.25
Ranchi,Rice,Loamy,6.79,High,Low,Medium,1550,22,2.98
Ranchi,Rice,Loamy,5.86,Low,High,Medium,1418,27,2.9
Ranchi,Pulses,Loamy,6.04,Medium,High,Medium,822,25,1.0
Ranchi,Wheat,Clay Loam,7.1,High,Low,High,1301,23,2.0
Ranchi,Maize,Loamy,6.44,High,Low,Low,904,20,3.12
Ranchi,Pulses,Loamy,6.71,Low,Low,Medium,1059,18,1.87
Ranchi,Wheat,Loamy,6.79,High,Low,Low,977,24,2.31
Ranchi,Pulses,Loamy,6.48,Low,Low,High,1085,27,1.35
Ranchi,Maize,Loamy,6.64,Medium,High,Medium,1171,22,2.24
Ranchi,Rice,Loamy,5.58,Medium,High,Low,1512,25,2.7
Ranchi,Maize,Sandy Loam,6.19,Medium,High,Medium,946,28,3.49
Ranchi,Wheat,Clay Loam,6.03,Low,High,Low,1195,22,2.45
Ranchi,Maize,Sandy Loam,6.42,Low,High,Medium,964,30,2.74
Ranchi,Pulses,Sandy Loam,6.04,Low,Low,High,882,26,1.84
Ranchi,Pulses,Sandy Loam,6.13,Medium,High,High,849,25,1.26
Ranchi,Maize,Loamy,7.38,Low,High,Medium,1166,21,3.03
Ranchi,Pulses,Sandy Loam,6.07,Low,High,Low,1029,23,1.41
Ranchi,Rice,Loamy,6.77,High,Low,Low,1243,23,4.4
Ranchi,Pulses,Sandy Loam,7.02,Low,Low,Medium,878,19,1.44
Ranchi,Maize,Loamy,6.06,Medium,Medium,High,985,22,2.61
Ranchi,Pulses,Sandy Loam,7.42,Low,Medium,Low,1006,27,1.28
Ranchi,Maize,Sandy Loam,6.88,High,High,High,1195,19,2.85
Ranchi,Maize,Sandy Loam,7.27,Medium,Medium,Medium,1033,22,2.66
Ranchi,Pulses,Sandy Loam,6.96,High,Low,High,1058,21,1.51
Ranchi,Pulses,Loamy,6.8,Medium,High,Low,970,22,1.34
Ranchi,Pulses,Loamy,6.42,Low,Medium,Low,1081,23,1.81
Ranchi,Rice,Clay Loam,6.66,Low,Medium,High,1495,28,3.73
Ranchi,Wheat,Loamy,6.09,High,Medium,Low,1276,18,2.95
Ranchi,Wheat,Clay Loam,7.17,High,High,Low,1262,22,2.38
Ranchi,Rice,Loamy,5.77,High,High,Medium,1500,32,2.79
Ranchi,Rice,Loamy,5.82,Medium,High,Medium,1539,26,2.79
Ranchi,Wheat,Clay Loam,7.16,High,High,High,1249,25,2.92
Ranchi,Maize,Sandy Loam,6.04,High,Medium,Medium,978,20,2.78
Ranchi,Pulses,Loamy,6.66,Low,Medium,High,973,25,1.56
Ranchi,Pulses,Sandy Loam,6.97,Medium,Medium,Medium,834,27,1.0
Ranchi,Rice,Loamy,5.82,Medium,Low,High,1339,32,2.82
Ranchi,Wheat,Loamy,6.61,Low,Medium,Medium,1202,23,2.99
Ranchi,Pulses,Loamy,6.23,High,Low,Low,836,25,1.11
Ranchi,Wheat,Loamy,6.54,Medium,Low,Low,1048,20,2.75
Ranchi,Wheat,Loamy,7.47,High,Medium,Medium,925,25,2.62
Ranchi,Maize,Sandy Loam,6.37,High,Medium,Low,1073,29,3.86
Ranchi,Rice,Loamy,5.94,High,Medium,Medium,1580,28,3.1
Ranchi,Pulses,Loamy,7.03,High,Medium,Medium,832,18,1.45
Ranchi,Rice,Clayey,5.51,Low,High,Low,1558,31,4.42
Ranchi,Pulses,Sandy Loam,6.72,Low,Low,Low,1019,23,1.76
Ranchi,Maize,Loamy,6.47,Low,Low,Low,1146,21,2.82
Ranchi,Maize,Sandy Loam,6.56,Low,High,High,1188,19,3.37
Ranchi,Pulses,Loamy,6.12,Low,Medium,Low,1033,28,1.56
Ranchi,Wheat,Clay Loam,7.17,High,High,Medium,1286,19,2.14
Ranchi,Rice,Loamy,6.74,Medium,High,Medium,1396,30,3.35
Ranchi,Rice,Loamy,6.22,High,High,Medium,1591,27,2.86
Ranchi,Maize,Loamy,6.64,Low,High,Low,969,28,2.48
Ranchi,Rice,Loamy,5.52,High,Low,Medium,1481,23,4.44
Ranchi,Wheat,Clay Loam,6.38,Low,Medium,Medium,1001,20,2.55
Ranchi,Wheat,Clay Loam,6.61,Low,Low,Low,1304,22,2.21
Ranchi,Maize,Loamy,7.18,Low,Low,Medium,990,29,2.66
Ranchi,Wheat,Clay Loam,6.49,High,High,Low,1238,19,2.17
Ranchi,Pulses,Loamy,6.1,Medium,Medium,High,843,28,1.05
Ranchi,Rice,Clay Loam,6.5,Medium,High,Low,1411,25,3.9
Ranchi,Rice,Loamy,6.35,Medium,Medium,High,1347,27,2.69
Ranchi,Wheat,Clay Loam,6.81,Low,High,Medium,1074,21,3.3
Ranchi,Rice,Clayey,6.75,Low,Low,Low,1232,26,2.56
Ranchi,Rice,Loamy,6.23,Low,High,High,1252,25,3.29
Ranchi,Pulses,Loamy,6.98,High,Low,Low,1027,26,1.65
Ranchi,Rice,Clayey,6.94,Low,High,High,1214,22,3.54
Ranchi,Wheat,Loamy,6.66,Medium,Medium,Medium,1172,18,1.83
Ranchi,Rice,Clayey,6.28,Medium,Medium,Medium,1207,25,4.05
Ranchi,Rice,Loamy,6.43,Medium,High,High,1217,22,3.96
Ranchi,Pulses,Loamy,6.68,Low,High,Medium,853,26,1.36
Ranchi,Pulses,Loamy,7.38,Low,Low,High,977,20,1.23
Ranchi,Pulses,Sandy Loam,6.78,Low,Medium,Medium,877,26,1.4
Ranchi,Pulses,Sandy Loam,6.97,Medium,Low,High,846,24,1.1
Ranchi,Wheat,Loamy,7.47,Medium,High,Low,905,24,1.81
Ranchi,Maize,Sandy Loam,6.09,High,Medium,Medium,902,23,3.02
Ranchi,Pulses,Loamy,6.72,High,Low,High,872,24,1.18
Ranchi,Pulses,Loamy,7.49,Medium,Low,Low,1039,26,1.44
Ranchi,Pulses,Sandy Loam,7.47,Medium,High,Medium,914,23,1.28
Ranchi,Rice,Loamy,6.81,High,Medium,Medium,1315,27,2.56
Ranchi,Pulses,Sandy Loam,6.23,Low,Low,Low,1016,26,1.82
Ranchi,Rice,Clayey,5.97,High,Low,Low,1287,23,4.3
Ranchi,Wheat,Clay Loam,6.35,Medium,Low,Low,1275,19,2.94
Ranchi,Maize,Loamy,6.65,Low,Medium,Low,1053,20,2.03
Ranchi,Maize,Sandy Loam,7.14,Medium,High,Low,1001,23,3.02
Ranchi,Maize,Sandy Loam,6.2,Medium,Medium,Medium,1054,26,2.85
Ranchi,Wheat,Loamy,7.46,Low,High,Medium,1095,18,2.13
Ranchi,Pulses,Loamy,6.32,Medium,High,High,948,18,1.77
Ranchi,Rice,Clayey,6.27,Low,Medium,High,1511,26,3.29
Ranchi,Wheat,Clay Loam,7.02,Medium,Medium,Low,1287,22,1.79
Ranchi,Pulses,Sandy Loam,7.49,Medium,Low,Low,1034,19,1.57
Ranchi,Pulses,Loamy,6.15,High,High,Low,1037,20,1.73
Ranchi,Rice,Clay Loam,6.53,High,Medium,Medium,1447,23,3.22
Ranchi,Rice,Clayey,6.58,Medium,Medium,Low,1262,27,3.35
Ranchi,Rice,Loamy,6.06,Low,Low,High,1470,29,3.54
Ranchi,Wheat,Clay Loam,7.05,High,Medium,Medium,1379,19,2.05
Ranchi,Rice,Clayey,6.04,Medium,Low,Low,1360,27,3.62
Ranchi,Pulses,Loamy,6.59,Medium,High,Medium,837,24,1.74
Ranchi,Maize,Sandy Loam,6.24,High,High,High,1037,27,2.84
Ranchi,Rice,Clay Loam,6.75,Medium,Medium,High,1445,29,3.69
Ranchi,Rice,Clayey,5.99,High,High,High,1416,25,2.79
Ranchi,Wheat,Loamy,7.42,High,Medium,High,1042,19,1.79
Ranchi,Maize,Loamy,6.12,High,Low,Medium,1129,24,3.12
Ranchi,Maize,Sandy Loam,5.88,High,High,Low,960,26,3.1
Ranchi,Maize,Sandy Loam,7.04,Medium,Low,High,913,21,2.24
Ranchi,Rice,Loamy,6.5,Medium,Medium,Medium,1447,25,4.46
Ranchi,Wheat,Clay Loam,7.49,Medium,Low,Medium,1085,22,2.98
Ranchi,Maize,Sandy Loam,7.42,High,Medium,Medium,1090,20,2.32
Ranchi,Wheat,Clay Loam,6.21,High,High,Medium,1027,20,2.66
Ranchi,Wheat,Loamy,6.26,Low,Low,Low,948,23,2.84
Ranchi,Wheat,Loamy,6.06,Low,Medium,Medium,905,19,2.32
Ranchi,Rice,Clayey,6.34,Medium,Low,Medium,1458,24,3.36
Ranchi,Wheat,Clay Loam,7.27,Medium,Low,Low,1117,21,2.77
Ranchi,Wheat,Loamy,7.03,Medium,High,Low,1221,25,2.42
Ranchi,Wheat,Loamy,7.28,High,Low,Low,1223,22,3.38
Ranchi,Wheat,Clay Loam,6.55,Low,High,High,949,20,1.88
Ranchi,Wheat,Loamy,6.42,High,High,Medium,929,19,2.37
Ranchi,Maize,Loamy,7.16,Medium,Low,Medium,915,25,2.85
Ranchi,Maize,Sandy Loam,6.09,Medium,Low,Low,998,19,3.5
Ranchi,Maize,Loamy,7.48,Low,High,Low,1190,25,2.77
Ranchi,Rice,Clayey,5.96,High,High,Medium,1234,31,2.98
Ranchi,Rice,Clayey,5.65,Low,Low,Medium,1563,31,3.79
Ranchi,Rice,Clay Loam,6.55,High,Medium,High,1563,26,3.94
Ranchi,Rice,Loamy,6.93,Low,Medium,Medium,1326,26,4.34
Ranchi,Wheat,Clay Loam,6.77,Medium,Medium,Low,1050,23,2.98
Ranchi,Pulses,Sandy Loam,7.06,High,High,Medium,820,20,1.09
Ranchi,Maize,Sandy Loam,5.9,High,Low,High,1199,22,3.68
Ranchi,Wheat,Loamy,6.59,Low,Low,Low,1341,21,3.23
Ranchi,Wheat,Loamy,7.48,High,Low,High,1400,24,3.13
Ranchi,Wheat,Loamy,7.2,High,Low,Medium,918,25,2.35
Ranchi,Wheat,Clay Loam,7.07,Low,Medium,Low,1221,24,3.21
Ranchi,Wheat,Loamy,6.31,Low,Low,High,1042,24,3.15
Ranchi,Wheat,Clay Loam,6.9,High,Low,Low,1233,25,3.25
Ranchi,Maize,Sandy Loam,6.74,High,High,Low,1038,26,2.41
Ranchi,Maize,Sandy Loam,7.41,Low,High,Medium,918,28,2.36
Ranchi,Rice,Clay Loam,6.02,High,Medium,Medium,1477,25,3.91
Ranchi,Wheat,Loamy,6.09,Medium,High,Low,1045,24,2.44
Ranchi,Pulses,Sandy Loam,6.21,High,Low,Medium,880,21,1.06
Ranchi,Pulses,Sandy Loam,6.14,Medium,Medium,Low,902,24,1.63
Ranchi,Rice,Clayey,5.5,High,Low,High,1484,32,4.32
Ranchi,Maize,Loamy,5.82,High,Low,Low,1095,22,3.56
Ranchi,Rice,Clay Loam,6.23,High,Low,Low,1452,24,4.18
Ranchi,Pulses,Sandy Loam,6.23,Low,High,Low,987,22,1.37
Ranchi,Rice,Clayey,6.79,High,Low,Medium,1375,26,4.18
Ranchi,Rice,Clay Loam,6.49,Medium,Low,Medium,1578,31,3.74
Ranchi,Maize,Loamy,7.43,Medium,Medium,Medium,1033,21,2.26
Ranchi,Rice,Clayey,5.51,Low,Low,High,1486,27,2.89
Ranchi,Wheat,Clay Loam,7.42,Low,Low,Low,1333,22,2.03
Ranchi,Rice,Clay Loam,6.91,High,Medium,Medium,1414,32,4.09
Ranchi,Pulses,Sandy Loam,6.57,High,Low,Low,808,22,1.46
Ranchi,Pulses,Loamy,7.38,Medium,Medium,High,876,27,1.74
Ranchi,Maize,Loamy,6.27,Medium,Medium,Medium,1132,29,2.26
Ranchi,Rice,Clay Loam,5.52,High,Low,Low,1470,22,3.72
Ranchi,Wheat,Clay Loam,7.39,High,Medium,Medium,919,24,2.66
Ranchi,Pulses,Loamy,6.85,High,High,High,972,26,1.77
Ranchi,Maize,Loamy,6.03,Medium,High,Medium,1146,26,2.03
Ranchi,Maize,Sandy Loam,6.5,High,High,Medium,1072,21,3.46
Ranchi,Wheat,Loamy,6.08,High,Low,High,1392,19,1.81
Ranchi,Wheat,Loamy,6.38,High,Medium,Low,1311,21,2.53
Ranchi,Rice,Clayey,6.53,High,Low,Low,1414,27,2.54
Ranchi,Maize,Sandy Loam,6.56,Medium,Low,High,1119,26,2.35
Ranchi,Rice,Clayey,5.83,High,Medium,Low,1282,23,4.45
Ranchi,Maize,Loamy,7.19,Medium,Low,Medium,1176,30,2.15
Ranchi,Pulses,Sandy Loam,6.85,Medium,Low,Low,1051,22,1.0
Ranchi,Pulses,Loamy,6.56,High,Low,Low,965,23,1.72
Ranchi,Pulses,Loamy,6.42,Low,High,High,967,27,1.57
Ranchi,Maize,Sandy Loam,6.61,Medium,High,Low,1020,26,2.87
Ranchi,Rice,Clay Loam,5.87,High,Low,Medium,1366,30,2.76
Ranchi,Maize,Loamy,6.02,Medium,High,Low,1123,24,3.99
Ranchi,Pulses,Sandy Loam,7.32,High,High,High,887,21,1.02
Ranchi,Pulses,Loamy,6.92,Low,Medium,High,919,27,1.31
Ranchi,Pulses,Loamy,6.87,High,High,Medium,857,27,1.3
Ranchi,Rice,Clayey,6.69,Medium,Low,Medium,1536,32,4.01
Ranchi,Maize,Sandy Loam,6.69,High,Low,Low,925,28,2.84
Ranchi,Maize,Sandy Loam,7.35,Medium,Low,Medium,1004,27,2.98
Ranchi,Pulses,Loamy,6.8,Medium,Medium,High,1094,25,1.35
Ranchi,Maize,Loamy,7.08,High,Medium,Medium,1041,27,3.02
Ranchi,Maize,Loamy,7.31,High,High,Low,988,25,3.1
Ranchi,Maize,Loamy,5.8,Medium,Low,High,1121,22,2.78
Ranchi,Maize,Loamy,5.9,High,Medium,High,941,21,2.66
Ranchi,Pulses,Loamy,6.95,High,Low,Low,867,26,1.55
Ranchi,Wheat,Loamy,6.08,Low,High,High,1356,25,2.73
Ranchi,Pulses,Sandy Loam,6.08,Medium,High,Medium,1037,23,1.08
Ranchi,Rice,Loamy,6.88,High,Medium,High,1359,29,4.16
Ranchi,Wheat,Clay Loam,6.62,High,Low,Low,1310,24,2.17
Ranchi,Rice,Clay Loam,5.69,High,Low,Medium,1454,22,3.51
Ranchi,Rice,Clay Loam,6.92,Medium,Medium,High,1393,32,2.93
Ranchi,Maize,Sandy Loam,6.46,High,Low,High,1181,25,2.12
Ranchi,Wheat,Clay Loam,7.41,Low,High,Low,1299,20,3.2
Ranchi,Maize,Sandy Loam,6.58,Low,High,Low,1157,19,3.01
Ranchi,Pulses,Loamy,7.07,Low,High,Medium,1090,20,1.51
Ranchi,Pulses,Loamy,6.66,Medium,High,High,823,21,1.32
Ranchi,Pulses,Sandy Loam,6.7,Medium,Low,High,1009,27,1.74
Ranchi,Wheat,Clay Loam,6.18,Low,Medium,High,1393,23,3.23
Ranchi,Pulses,Sandy Loam,7.3,High,High,High,985,21,1.39
Ranchi,Pulses,Loamy,6.1,Medium,Low,Medium,928,23,1.86
Ranchi,Wheat,Clay Loam,6.4,Medium,Low,Low,1015,22,3.23
Ranchi,Maize,Loamy,7.09,Low,High,Medium,1105,26,3.0
Ranchi,Rice,Clay Loam,6.86,Low,High,Medium,1468,28,3.9
Ranchi,Rice,Clayey,6.27,Medium,Medium,Medium,1559,25,3.79
Ranchi,Wheat,Loamy,7.32,Medium,Medium,High,1193,25,2.01
Ranchi,Wheat,Clay Loam,7.2,Medium,High,Medium,992,18,2.97
Ranchi,Wheat,Clay Loam,7.11,Low,Low,Low,971,23,2.29
Ranchi,Pulses,Loamy,6.34,Low,High,Medium,1012,20,1.31
Ranchi,Maize,Loamy,6.13,Medium,Low,High,1164,18,2.6
Ranchi,Maize,Sandy Loam,5.87,Medium,Low,Low,1016,22,2.64
Ranchi,Maize,Sandy Loam,6.79,Low,High,High,1109,30,3.94
Ranchi,Rice,Clayey,5.63,Low,Low,Medium,1273,30,3.53
Ranchi,Pulses,Loamy,6.02,High,Low,Low,1062,27,1.76
Ranchi,Wheat,Loamy,7.15,Medium,High,Low,1132,20,3.37
Ranchi,Maize,Loamy,6.74,Medium,Medium,High,983,28,3.47
Ranchi,Pulses,Sandy Loam,6.71,Medium,Medium,Medium,880,28,1.45
Ranchi,Maize,Loamy,6.15,Low,Low,Low,1173,28,2.4
Ranchi,Rice,Clay Loam,6.98,High,Medium,Medium,1429,26,3.84
Ranchi,Wheat,Clay Loam,6.0,Medium,High,Medium,1330,22,1.76
Ranchi,Pulses,Loamy,6.79,High,High,High,898,21,1.18
Ranchi,Pulses,Loamy,7.12,Medium,Low,Low,1097,21,1.75
Ranchi,Pulses,Sandy Loam,6.21,Medium,Low,High,932,26,1.53
Ranchi,Rice,Clay Loam,6.78,Medium,Low,Medium,1512,22,2.95
Ranchi,Rice,Clayey,6.13,Medium,Medium,High,1538,23,3.98
Ranchi,Wheat,Loamy,6.54,Low,Medium,High,1364,23,1.84
Ranchi,Maize,Sandy Loam,7.08,Medium,Low,Medium,1116,23,2.64
Ranchi,Pulses,Loamy,6.13,Medium,High,High,1027,25,1.66
Ranchi,Wheat,Clay Loam,6.85,Low,Medium,Medium,907,23,2.1
Ranchi,Pulses,Loamy,7.02,Low,Medium,Medium,1100,26,1.32
Ranchi,Rice,Clay Loam,5.79,Medium,Low,Low,1240,28,3.63
Ranchi,Wheat,Clay Loam,6.05,Low,Medium,High,1124,19,2.38
Ranchi,Maize,Sandy Loam,6.87,High,High,Medium,950,28,3.08
Ranchi,Rice,Clayey,5.68,Low,High,High,1241,26,3.18
Ranchi,Maize,Loamy,6.64,Medium,High,Low,915,27,2.88
Ranchi,Pulses,Loamy,7.49,High,Low,High,1054,22,1.92
Ranchi,Rice,Clay Loam,5.75,Medium,Medium,Low,1258,23,2.99
Ranchi,Pulses,Loamy,7.27,High,Medium,Medium,964,21,1.78
Ranchi,Rice,Loamy,6.76,Low,Medium,Medium,1496,26,3.83
Ranchi,Wheat,Loamy,6.9,Low,High,Low,1189,19,2.27
Ranchi,Wheat,Clay Loam,6.73,Low,High,High,1008,23,3.27
Ranchi,Maize,Sandy Loam,6.75,High,Medium,Low,906,19,2.3
Ranchi,Pulses,Sandy Loam,6.73,High,Medium,Low,912,23,1.82
Ranchi,Maize,Sandy Loam,7.06,Low,Low,Medium,1066,30,2.77
Ranchi,Maize,Loamy,6.6,Medium,Low,High,911,23,2.45
Ranchi,Maize,Loamy,5.84,Medium,Medium,High,1120,29,3.46
Ranchi,Pulses,Sandy Loam,6.42,Low,Low,Medium,1059,25,1.16
Ranchi,Wheat,Clay Loam,6.87,Medium,Medium,Low,1384,25,2.44
Ranchi,Maize,Loamy,6.32,Low,Medium,High,981,19,3.87
Ranchi,Wheat,Loamy,6.15,Low,Medium,Medium,1039,20,1.88
Ranchi,Wheat,Clay Loam,6.95,High,High,Medium,1005,24,2.66
Ranchi,Wheat,Clay Loam,6.13,High,High,Medium,1173,20,2.29
Ranchi,Wheat,Clay Loam,6.12,High,High,High,981,25,1.76
Ranchi,Maize,Sandy Loam,6.11,Low,Medium,Low,1135,30,2.68
Ranchi,Rice,Clay Loam,5.66,High,Low,Medium,1571,29,4.44
Ranchi,Rice,Clay Loam,6.7,High,Medium,Medium,1324,26,2.59
Ranchi,Maize,Loamy,6.29,High,Low,High,1087,30,2.13
Ranchi,Rice,Clay Loam,6.18,Low,Medium,High,1225,24,3.37
Ranchi,Maize,Loamy,7.3,Low,High,High,911,21,3.99
Ranchi,Wheat,Loamy,7.1,Medium,Medium,High,1278,23,2.9
Ranchi,Maize,Sandy Loam,5.93,High,Low,Medium,1068,26,3.92
Ranchi,Maize,Sandy Loam,6.64,Low,High,Medium,1180,19,2.22
Ranchi,Wheat,Loamy,7.08,High,Medium,High,1182,20,2.97
Ranchi,Wheat,Clay Loam,6.41,High,Low,Medium,1290,24,2.36
Ranchi,Maize,Sandy Loam,6.18,High,High,High,975,23,3.24
Ranchi,Maize,Loamy,5.97,High,Low,High,906,19,2.86
Ranchi,Wheat,Loamy,7.42,Low,Low,Medium,1211,24,3.38
Ranchi,Maize,Loamy,7.38,High,Medium,Medium,946,22,3.67
Ranchi,Pulses,Loamy,6.41,Medium,High,High,888,25,1.69
Ranchi,Maize,Loamy,6.02,High,Medium,Low,1167,18,3.69
Ranchi,Wheat,Loamy,6.35,High,High,High,1306,18,2.12
Ranchi,Wheat,Clay Loam,7.37,Medium,Medium,Medium,1302,19,3.08
Ranchi,Wheat,Clay Loam,7.11,High,High,Medium,999,24,2.81
Ranchi,Wheat,Loamy,7.21,High,High,Low,943,25,2.97
Ranchi,Wheat,Clay Loam,6.17,Low,Low,Low,934,20,2.91
Ranchi,Rice,Loamy,5.59,High,High,Low,1205,30,2.61
Ranchi,Pulses,Loamy,7.47,High,Low,High,910,20,1.13
Ranchi,Pulses,Sandy Loam,7.02,Medium,Low,Medium,976,25,1.01
Ranchi,Maize,Loamy,6.49,Medium,Low,Medium,1160,25,2.42
Ranchi,Pulses,Sandy Loam,6.96,High,Low,High,1096,19,1.67
Ranchi,Rice,Loamy,6.12,High,High,Low,1465,26,3.23
Ranchi,Maize,Loamy,7.23,Medium,Medium,High,961,23,3.74
Ranchi,Maize,Sandy Loam,5.83,Low,Medium,Low,1196,21,3.72
Ranchi,Maize,Sandy Loam,7.22,Medium,Low,High,1079,20,2.29
Ranchi,Pulses,Sandy Loam,6.11,Low,Low,Medium,892,24,1.74
Ranchi,Wheat,Loamy,7.4,Medium,Low,Low,1211,20,1.86
Ranchi,Maize,Loamy,6.98,High,Medium,High,1099,26,2.8
Ranchi,Wheat,Clay Loam,6.13,Medium,High,High,1207,18,2.63
Ranchi,Pulses,Loamy,6.77,Medium,Low,Medium,905,20,1.35
Ranchi,Wheat,Clay Loam,6.34,Low,Medium,High,1318,19,2.65
Ranchi,Rice,Loamy,6.89,Low,Medium,Medium,1530,25,4.39
Ranchi,Wheat,Clay Loam,7.21,Low,Medium,Low,1228,23,2.06
Ranchi,Rice,Clay Loam,6.68,High,Low,High,1364,28,4.06
Ranchi,Pulses,Loamy,7.09,Low,Low,Low,845,18,1.01
Ranchi,Pulses,Sandy Loam,6.45,High,Medium,Low,877,22,1.06
Ranchi,Rice,Loamy,5.94,Medium,Low,Low,1251,29,2.59
Ranchi,Maize,Loamy,6.21,Low,Low,Low,1180,19,2.5
Ranchi,Rice,Clay Loam,5.91,Medium,Medium,Medium,1300,30,4.07
Ranchi,Maize,Sandy Loam,6.66,Low,High,Medium,976,21,2.11
Ranchi,Wheat,Clay Loam,6.34,Medium,Low,Medium,1392,25,2.49
Ranchi,Rice,Clay Loam,6.97,High,Medium,Low,1404,32,2.7
Ranchi,Wheat,Loamy,6.59,Low,Low,High,1187,20,3.38
Ranchi,Rice,Loamy,6.79,Medium,High,High,1566,28,2.53
Ranchi,Pulses,Loamy,6.43,Low,Medium,Low,958,19,1.51
Ranchi,Maize,Loamy,7.45,Low,Medium,Low,1149,25,3.01
Ranchi,Maize,Sandy Loam,6.85,High,Medium,High,1191,19,2.41
Ranchi,Maize,Loamy,6.35,High,High,Medium,1182,18,2.93
Ranchi,Rice,Clayey,5.77,Low,High,Medium,1254,26,3.91
Ranchi,Pulses,Sandy Loam,7.08,High,Medium,Low,896,21,1.69
Ranchi,Rice,Clay Loam,6.55,High,Medium,Medium,1569,25,4.26
Ranchi,Pulses,Loamy,6.43,Medium,Medium,High,979,23,1.77
Ranchi,Maize,Loamy,6.33,Low,Low,Medium,908,22,2.91
Ranchi,Maize,Sandy Loam,5.82,Low,High,High,1138,28,3.29
Ranchi,Rice,Clayey,6.99,Medium,High,High,1464,23,3.47
Ranchi,Maize,Sandy Loam,6.37,Medium,High,Low,955,26,2.01
Ranchi,Maize,Sandy Loam,6.25,Low,High,Medium,1138,22,2.56
Ranchi,Maize,Loamy,7.44,High,Low,High,965,27,3.16
Ranchi,Wheat,Clay Loam,7.26,Medium,Medium,Low,1181,23,2.36
Ranchi,Rice,Clayey,6.64,High,High,Medium,1454,31,3.37
Ranchi,Rice,Clayey,5.74,High,Low,Low,1516,27,3.78
Ranchi,Pulses,Loamy,6.77,Medium,Low,Medium,1044,20,1.8
Ranchi,Pulses,Sandy Loam,6.59,High,Low,Low,849,21,1.36
Ranchi,Pulses,Sandy Loam,7.12,Medium,Low,High,933,22,1.82
Ranchi,Pulses,Loamy,7.29,High,High,Low,864,26,1.2
Ranchi,Wheat,Clay Loam,6.12,High,Medium,Low,1149,24,2.15
Ranchi,Maize,Sandy Loam,7.47,Medium,High,Medium,1031,29,2.81
Ranchi,Wheat,Clay Loam,7.02,Low,Medium,Low,1079,21,1.97
Ranchi,Rice,Clayey,5.56,High,Low,Low,1570,27,3.91
Ranchi,Pulses,Loamy,6.09,High,Medium,High,921,23,1.57
Ranchi,Maize,Sandy Loam,6.23,High,High,Medium,1038,29,3.92
Ranchi,Maize,Loamy,7.24,Low,Low,Low,1127,24,2.14
Ranchi,Rice,Loamy,5.97,High,Medium,High,1530,23,3.48
Ranchi,Rice,Loamy,5.66,High,Low,Medium,1421,22,2.66
Ranchi,Rice,Loamy,6.73,Low,Low,High,1406,32,4.02
Ranchi,Rice,Loamy,6.62,Low,Low,Low,1273,29,4.4
Ranchi,Pulses,Sandy Loam,7.42,Low,Low,High,1094,22,1.47
Ranchi,Maize,Loamy,7.31,High,Medium,Low,962,27,2.61
Ranchi,Rice,Clayey,5.66,Low,Low,High,1321,27,3.02
Ranchi,Maize,Sandy Loam,6.88,Medium,Low,High,1002,28,3.42
Ranchi,Maize,Loamy,7.36,Low,Medium,High,1133,30,3.72
Ranchi,Pulses,Loamy,6.74,Medium,Low,Medium,941,22,1.54
Ranchi,Maize,Sandy Loam,6.97,High,High,Medium,1034,29,2.03
Ranchi,Rice,Clay Loam,6.15,Medium,Medium,High,1594,25,3.48
Ranchi,Maize,Sandy Loam,7.3,Medium,Low,Medium,912,29,2.97
Ranchi,Pulses,Loamy,6.52,Low,High,Medium,908,21,1.78
Ranchi,Wheat,Clay Loam,6.91,Low,Low,Medium,934,20,2.17
Ranchi,Maize,Sandy Loam,6.02,Medium,Low,High,1050,29,2.32
Ranchi,Pulses,Sandy Loam,7.24,Low,Medium,Low,1022,28,1.07
Ranchi,Rice,Clay Loam,6.14,High,Medium,Low,1551,26,3.45
Ranchi,Maize,Loamy,6.79,Medium,High,High,1127,22,2.56
Ranchi,Rice,Clay Loam,6.95,Medium,Low,High,1304,32,3.7
Ranchi,Wheat,Clay Loam,6.09,Low,Low,Low,1282,25,2.63
Ranchi,Rice,Loamy,6.02,Medium,Medium,Low,1277,32,3.4
Ranchi,Wheat,Loamy,6.71,Medium,High,Medium,1345,20,2.76
Ranchi,Maize,Loamy,6.68,Low,Medium,High,956,18,2.5
Ranchi,Maize,Sandy Loam,5.98,Low,Medium,Medium,984,18,2.48
Ranchi,Rice,Clayey,5.8,Low,Medium,Low,1598,28,4.18
Ranchi,Maize,Sandy Loam,5.95,Low,Low,Low,1011,20,2.6
Ranchi,Maize,Sandy Loam,5.97,Medium,Low,Low,942,29,3.09
Ranchi,Pulses,Sandy Loam,6.21,High,Medium,Medium,860,18,1.8
Ranchi,Wheat,Clay Loam,7.04,Low,Medium,High,1281,25,2.82
Ranchi,Maize,Sandy Loam,6.17,Low,Medium,High,964,21,3.45
Ranchi,Maize,Loamy,7.34,Low,Medium,Medium,1043,20,3.42
Ranchi,Wheat,Loamy,6.72,Medium,Medium,Low,1346,18,1.82
Ranchi,Wheat,Loamy,7.45,Medium,Low,Medium,961,24,3.3
Ranchi,Rice,Clayey,5.54,Low,Medium,High,1499,26,4.39
Ranchi,Rice,Clay Loam,6.26,High,Medium,High,1417,23,3.56
Ranchi,Rice,Clay Loam,6.49,Low,Medium,High,1505,25,3.44
Ranchi,Rice,Clayey,6.66,High,Low,High,1270,24,3.22
Ranchi,Rice,Clay Loam,6.59,High,High,High,1444,28,4.32
Ranchi,Wheat,Loamy,6.24,Medium,Medium,Medium,992,21,1.99
Ranchi,Pulses,Loamy,6.24,Low,Medium,Low,909,27,1.93
Ranchi,Pulses,Loamy,6.58,Medium,High,High,811,18,1.47
Ranchi,Pulses,Sandy Loam,6.75,Low,High,Low,842,18,1.04
Ranchi,Pulses,Loamy,6.54,High,Medium,High,800,20,1.81
Ranchi,Pulses,Loamy,7.12,Medium,Low,Low,944,25,1.95
Ranchi,Wheat,Loamy,7.25,Low,Medium,High,910,20,2.7
Ranchi,Wheat,Clay Loam,6.7,Low,Low,Low,1348,20,2.82
Ranchi,Wheat,Loamy,7.02,Medium,Low,Low,1169,22,2.21
Ranchi,Maize,Loamy,7.44,Low,Low,Medium,971,27,3.97
Ranchi,Rice,Loamy,6.29,Low,High,High,1389,29,3.9
Ranchi,Maize,Loamy,6.43,Low,Low,Medium,1085,19,2.41
Ranchi,Wheat,Loamy,6.04,High,Medium,Low,994,19,2.44
Ranchi,Maize,Loamy,7.36,Low,Medium,High,1054,21,2.28
Ranchi,Pulses,Loamy,7.34,High,Low,Medium,860,26,1.62
Ranchi,Maize,Sandy Loam,6.81,High,Low,Medium,1166,24,2.02
Ranchi,Wheat,Clay Loam,6.53,Medium,Low,Low,1035,21,2.3
Ranchi,Wheat,Loamy,6.53,Medium,Low,Low,1214,20,2.47
Ranchi,Maize,Sandy Loam,6.72,High,Medium,Medium,964,30,3.83
Ranchi,Maize,Sandy Loam,6.77,Medium,Low,High,968,18,2.94
Ranchi,Pulses,Loamy,6.24,Medium,Medium,High,814,26,1.53
Ranchi,Rice,Clay Loam,6.25,High,High,Medium,1483,30,3.28
Ranchi,Rice,Loamy,6.14,Low,Medium,Medium,1208,27,3.97
Ranchi,Pulses,Sandy Loam,7.25,High,Medium,High,835,18,1.53
Ranchi,Wheat,Loamy,6.94,Medium,Medium,Low,1339,25,2.31
Ranchi,Rice,Clay Loam,6.87,Medium,Low,Medium,1437,30,2.96
Ranchi,Pulses,Loamy,7.5,High,High,High,864,24,1.17
Ranchi,Maize,Sandy Loam,7.25,Medium,High,Medium,979,19,2.77
Ranchi,Rice,Clay Loam,6.02,Medium,Medium,Low,1491,26,2.95
Ranchi,Maize,Sandy Loam,7.33,Medium,Low,Medium,1052,18,2.03
Ranchi,Wheat,Loamy,6.74,Low,Low,Low,1267,25,1.96
Ranchi,Rice,Clay Loam,6.77,Low,High,Low,1521,24,2.58
Ranchi,Maize,Loamy,6.32,Medium,High,Low,1155,27,2.02
Ranchi,Wheat,Clay Loam,7.07,Medium,Low,Low,962,21,2.59
Ranchi,Maize,Sandy Loam,7.28,Low,Low,Medium,902,19,2.71
Ranchi,Pulses,Sandy Loam,6.19,Medium,Low,High,925,28,1.65
Ranchi,Wheat,Loamy,6.44,Low,Low,High,1173,24,2.04
Ranchi,Rice,Loamy,6.92,Medium,Low,Medium,1290,27,2.59
Ranchi,Pulses,Sandy Loam,6.22,Medium,High,Low,974,25,1.71
Ranchi,Rice,Loamy,5.82,Low,High,Medium,1337,25,3.38
Ranchi,Maize,Sandy Loam,6.62,Low,High,Medium,1063,21,3.24
Ranchi,Pulses,Sandy Loam,7.26,Medium,High,Low,1029,25,1.84
Ranchi,Wheat,Clay Loam,6.65,Medium,Medium,High,994,23,1.72
Ranchi,Pulses,Sandy Loam,7.32,Medium,Low,High,989,25,1.98
Ranchi,Wheat,Loamy,7.48,High,Medium,High,1100,19,2.4
Ranchi,Pulses,Loamy,6.4,High,High,Low,907,19,1.74
Ranchi,Wheat,Loamy,6.65,Medium,High,Medium,907,22,2.62
Ranchi,Rice,Loamy,5.78,High,Medium,High,1323,26,3.04
Ranchi,Maize,Loamy,7.24,Low,Low,High,1144,19,2.98
Ranchi,Maize,Sandy Loam,5.9,Low,Low,High,1020,27,3.81
Ranchi,Wheat,Clay Loam,6.98,High,High,High,1087,23,2.91
Ranchi,Wheat,Loamy,7.44,Low,Low,Medium,1164,22,2.22
Ranchi,Wheat,Clay Loam,6.57,Low,High,High,1252,19,1.91
Ranchi,Rice,Clayey,6.84,Low,Low,Medium,1463,29,3.3
Ranchi,Maize,Sandy Loam,6.82,Low,High,Medium,906,29,3.65
Ranchi,Pulses,Sandy Loam,6.69,High,High,High,818,20,1.16
Ranchi,Maize,Sandy Loam,5.86,Low,Low,Low,1111,26,2.18
Ranchi,Rice,Clayey,5.69,Medium,Medium,Medium,1475,25,3.27
Ranchi,Wheat,Loamy,6.55,Low,Low,High,1344,18,1.92
Ranchi,Rice,Clay Loam,6.89,Medium,Medium,High,1291,23,3.7
Ranchi,Wheat,Loamy,7.19,High,Low,High,1233,20,2.09
Ranchi,Wheat,Clay Loam,6.21,High,High,Low,1349,24,3.26
Ranchi,Maize,Sandy Loam,7.28,Medium,Medium,Low,1147,23,2.99
Ranchi,Pulses,Loamy,6.82,Low,High,High,874,21,1.39
Ranchi,Wheat,Loamy,6.27,Low,High,High,1145,22,2.82
Ranchi,Rice,Clayey,6.87,Medium,High,Low,1286,32,2.69
Ranchi,Rice,Clayey,6.01,High,High,Low,1200,28,4.22
Ranchi,Maize,Loamy,7.17,Low,Low,Medium,1052,22,3.27
Ranchi,Rice,Loamy,6.45,Medium,Medium,Medium,1232,24,2.82
Ranchi,Maize,Loamy,6.09,High,High,Medium,1124,18,3.79
Ranchi,Pulses,Loamy,6.82,High,Low,Medium,888,24,1.33
Ranchi,Wheat,Loamy,7.03,Medium,Medium,Low,1333,20,2.05
Ranchi,Maize,Sandy Loam,6.06,High,Low,High,984,24,3.29
Ranchi,Maize,Sandy Loam,7.45,Medium,Low,Low,1113,24,2.76
Ranchi,Wheat,Loamy,6.3,Medium,High,Medium,1159,24,2.75
Ranchi,Rice,Clay Loam,6.27,Medium,Medium,High,1268,30,2.89
Ranchi,Maize,Loamy,5.9,Medium,Medium,High,902,29,3.13
Ranchi,Maize,Loamy,7.26,Low,High,Medium,911,23,3.74
Ranchi,Maize,Loamy,6.8,High,High,Low,1122,21,3.18
Ranchi,Pulses,Sandy Loam,6.68,Medium,Low,Low,915,24,2.0
Ranchi,Maize,Sandy Loam,7.3,Medium,Low,Low,1012,23,2.29
Ranchi,Pulses,Sandy Loam,6.21,High,Medium,High,830,26,1.62
Ranchi,Wheat,Clay Loam,6.25,Medium,Low,Medium,1284,24,1.98
Ranchi,Pulses,Sandy Loam,6.74,High,Medium,Low,835,18,1.67
Ranchi,Rice,Loamy,6.08,Low,High,Medium,1269,27,2.98
Ranchi,Rice,Loamy,5.99,High,High,Low,1591,23,3.55
Ranchi,Maize,Sandy Loam,6.66,High,High,Low,1138,25,3.52
Ranchi,Maize,Loamy,6.15,Medium,Low,Medium,1113,28,2.57
Ranchi,Wheat,Clay Loam,7.02,High,High,High,1009,19,1.99
Ranchi,Wheat,Clay Loam,6.23,Medium,Low,Low,1139,25,1.88
Ranchi,Maize,Loamy,7.44,Low,Medium,High,1137,28,2.1
Ranchi,Maize,Loamy,5.92,Low,Medium,Medium,1199,28,2.42
Ranchi,Pulses,Sandy Loam,6.23,Medium,Low,Medium,913,24,1.71
Ranchi,Rice,Clay Loam,5.65,Low,Low,Low,1223,29,4.15
Ranchi,Maize,Loamy,5.82,High,High,Medium,1084,18,3.25
Ranchi,Maize,Sandy Loam,6.46,Low,Low,Low,1183,20,2.09
Ranchi,Pulses,Sandy Loam,7.11,Low,High,High,815,24,1.64
Ranchi,Pulses,Sandy Loam,6.36,Medium,High,Low,993,18,1.54
Ranchi,Wheat,Clay Loam,6.86,Medium,High,Medium,1358,18,3.2
Ranchi,Wheat,Clay Loam,6.07,Medium,High,High,1107,18,3.07
Ranchi,Pulses,Sandy Loam,7.23,Medium,Low,High,977,18,1.36
Ranchi,Rice,Clay Loam,5.85,Low,Low,Low,1471,25,3.51
Ranchi,Rice,Loamy,6.75,Low,High,High,1325,22,4.25
Ranchi,Wheat,Loamy,6.26,High,Low,Low,1064,24,2.44
Ranchi,Wheat,Clay Loam,6.23,Low,Low,Medium,927,22,2.76
Ranchi,Wheat,Clay Loam,6.24,Low,Low,High,1105,25,2.26
Ranchi,Wheat,Loamy,6.81,Low,Medium,Low,1286,22,2.91
Ranchi,Pulses,Loamy,6.76,Low,Low,Low,813,23,1.29
Ranchi,Pulses,Loamy,7.41,High,Medium,Medium,941,24,1.35
Ranchi,Pulses,Sandy Loam,7.04,High,High,Low,836,24,1.1
Ranchi,Wheat,Loamy,6.77,Medium,High,High,1335,21,2.64
Ranchi,Maize,Loamy,7.38,High,Low,Low,1137,28,2.8
Ranchi,Maize,Sandy Loam,7.16,Medium,Medium,Medium,1078,20,3.86
Ranchi,Wheat,Clay Loam,6.59,Low,Medium,Low,1201,25,2.38
Ranchi,Maize,Sandy Loam,6.68,Medium,Medium,High,967,27,3.2
Ranchi,Rice,Loamy,6.97,High,Medium,High,1577,23,3.69
Ranchi,Rice,Clay Loam,5.81,Medium,Medium,High,1387,25,4.27
Ranchi,Wheat,Clay Loam,7.4,Medium,High,High,1385,18,2.71
Ranchi,Pulses,Sandy Loam,7.05,High,Low,Medium,896,25,1.9
Ranchi,Maize,Sandy Loam,6.58,High,Low,Low,1109,20,3.89
Ranchi,Rice,Clayey,6.27,High,Medium,Low,1541,24,4.14
Ranchi,Maize,Sandy Loam,6.84,Medium,Medium,High,1164,30,2.54
Ranchi,Wheat,Loamy,7.19,High,Low,Low,917,23,2.55
Ranchi,Pulses,Loamy,6.1,High,Medium,High,1089,25,1.91
Ranchi,Wheat,Loamy,7.01,Medium,Medium,Low,1118,24,3.27
Ranchi,Rice,Clayey,5.94,Low,Medium,Medium,1214,28,3.98
Ranchi,Pulses,Sandy Loam,6.17,High,Medium,High,1047,21,1.03
Ranchi,Maize,Sandy Loam,6.78,High,Low,Low,944,22,3.0
Ranchi,Rice,Clayey,6.59,High,Medium,Low,1559,30,2.71
Ranchi,Rice,Loamy,6.39,Medium,Low,Medium,1432,22,3.74
Ranchi,Maize,Sandy Loam,6.82,Medium,High,High,970,25,2.11
Ranchi,Pulses,Sandy Loam,6.13,Low,Medium,High,981,21,1.97
Ranchi,Maize,Sandy Loam,7.11,Medium,Low,High,1025,21,3.6
Ranchi,Pulses,Sandy Loam,6.52,High,Low,Medium,851,26,1.86
Ranchi,Pulses,Loamy,6.9,High,Low,Low,822,24,1.86
Ranchi,Maize,Loamy,6.66,Medium,High,Medium,1120,25,2.02
Ranchi,Wheat,Clay Loam,7.23,Low,Medium,High,913,19,2.46
Ranchi,Pulses,Loamy,7.33,High,Medium,Medium,1056,22,1.43
Ranchi,Pulses,Loamy,6.47,Low,High,Low,820,19,1.54
Ranchi,Wheat,Loamy,6.87,High,High,Medium,1144,19,3.08
Ranchi,Maize,Loamy,6.99,High,Low,High,1073,28,3.1
Ranchi,Rice,Clay Loam,5.88,Low,Low,Medium,1393,25,3.99
Ranchi,Pulses,Sandy Loam,6.65,High,Low,Low,987,24,1.2
Ranchi,Pulses,Sandy Loam,6.94,Low,Medium,Low,950,27,1.35
Ranchi,Maize,Loamy,6.91,Low,High,Medium,1017,29,2.69
Ranchi,Wheat,Loamy,6.48,Low,Low,Low,1097,19,3.26
Ranchi,Rice,Loamy,5.97,Medium,High,Low,1573,25,3.58
Ranchi,Rice,Loamy,6.56,Low,Medium,Medium,1394,28,4.41
Ranchi,Rice,Loamy,6.18,Low,Low,High,1401,22,3.39
Ranchi,Pulses,Loamy,7.24,Low,High,Low,834,26,1.82
Ranchi,Wheat,Clay Loam,6.51,High,High,High,1055,21,1.79
Ranchi,Wheat,Loamy,6.44,Medium,High,High,911,18,2.86
Ranchi,Maize,Loamy,6.36,High,Medium,High,1145,18,2.87
Ranchi,Maize,Loamy,6.24,Medium,Low,Medium,1006,27,3.89
Ranchi,Maize,Loamy,6.57,Medium,Low,Medium,1064,26,3.73
Ranchi,Maize,Sandy Loam,6.18,High,Medium,Medium,1063,20,2.53
Ranchi,Pulses,Sandy Loam,6.52,High,Low,Medium,838,20,1.15
Ranchi,Pulses,Loamy,6.64,Low,Low,High,1022,26,1.03
Ranchi,Maize,Sandy Loam,7.09,Low,High,Low,1049,29,3.2
Ranchi,Pulses,Loamy,7.1,High,High,Low,1066,23,1.93
Ranchi,Pulses,Sandy Loam,6.35,High,High,High,838,22,1.11
Ranchi,Rice,Clay Loam,6.75,Low,Low,Medium,1529,23,3.68
Ranchi,Rice,Clayey,6.51,High,Medium,High,1438,27,3.99
Ranchi,Rice,Clay Loam,6.02,Low,Low,Medium,1510,27,3.18
Ranchi,Rice,Loamy,6.32,High,Low,High,1256,24,2.89
Ranchi,Rice,Clay Loam,6.55,Low,High,Low,1500,26,3.35
Ranchi,Wheat,Clay Loam,7.02,Low,Medium,High,1011,19,1.71
Ranchi,Pulses,Sandy Loam,7.46,High,High,High,862,26,1.12
Ranchi,Pulses,Loamy,6.48,Low,High,Medium,1023,27,1.03
Ranchi,Rice,Clayey,6.07,High,Medium,Low,1519,26,4.19
Ranchi,Wheat,Loamy,7.33,Low,High,Medium,974,25,2.48
Ranchi,Maize,Loamy,6.28,Low,Medium,High,1041,20,3.29
Ranchi,Wheat,Clay Loam,7.09,Medium,Medium,Low,1256,19,3.28
Ranchi,Rice,Loamy,5.55,Medium,Low,High,1363,28,2.59
Ranchi,Pulses,Loamy,6.33,Medium,Medium,Medium,894,27,1.22
Ranchi,Maize,Sandy Loam,6.96,Low,High,Low,1034,20,3.37
Ranchi,Wheat,Clay Loam,6.24,High,Low,Medium,1249,22,1.75
Ranchi,Wheat,Loamy,6.1,Low,High,High,1146,22,1.85
Ranchi,Rice,Clayey,6.71,Low,High,Medium,1565,30,3.2
Ranchi,Pulses,Loamy,7.21,Medium,Low,Medium,1032,27,1.45
Ranchi,Rice,Loamy,6.62,High,Medium,Low,1546,23,4.05
Ranchi,Wheat,Clay Loam,6.17,Medium,Medium,Medium,1328,18,2.13
Ranchi,Pulses,Loamy,6.2,Medium,Low,Low,1026,23,1.46
Ranchi,Pulses,Sandy Loam,6.57,Medium,Low,High,1054,28,1.37
Ranchi,Pulses,Loamy,6.81,High,High,Low,933,23,1.54
Ranchi,Rice,Clay Loam,5.91,Medium,Low,High,1493,28,3.86
Ranchi,Pulses,Sandy Loam,7.0,Low,Medium,High,919,24,1.14
Ranchi,Maize,Loamy,7.09,Low,Medium,Medium,1153,25,3.12
Ranchi,Rice,Loamy,5.59,High,High,Medium,1205,28,3.03
Ranchi,Maize,Loamy,5.93,Low,Medium,Medium,1136,23,3.02
Ranchi,Pulses,Loamy,7.43,High,Low,High,884,18,1.04
Ranchi,Pulses,Loamy,6.91,Low,Medium,Low,1020,27,1.38
Ranchi,Maize,Sandy Loam,6.35,Low,Medium,Low,1179,20,3.7
Ranchi,Rice,Loamy,6.91,Low,High,Medium,1499,24,2.69
Ranchi,Rice,Loamy,5.78,Medium,Low,High,1389,25,3.19
Ranchi,Pulses,Sandy Loam,6.63,Low,Low,Medium,823,24,1.45
Ranchi,Rice,Loamy,6.63,Medium,Low,Medium,1390,27,3.72
Ranchi,Maize,Sandy Loam,7.37,Low,Low,High,1113,21,3.97
Ranchi,Rice,Loamy,5.57,Low,Low,Low,1433,31,3.4
Ranchi,Pulses,Loamy,6.31,Low,Medium,Low,1017,19,1.51
Ranchi,Maize,Loamy,5.91,High,Medium,Low,1197,22,3.33
Ranchi,Rice,Loamy,6.18,Low,Low,Medium,1324,28,4.31
Ranchi,Pulses,Sandy Loam,6.28,High,High,Medium,1097,21,1.11
Ranchi,Maize,Sandy Loam,7.13,Low,High,High,1006,25,2.61
Ranchi,Rice,Clay Loam,6.94,High,Low,Medium,1379,24,3.8
Ranchi,Wheat,Clay Loam,7.06,Medium,High,High,1278,22,3.09
Ranchi,Maize,Sandy Loam,6.43,Low,Low,Medium,1149,29,3.13
Ranchi,Rice,Clayey,5.94,Medium,High,Medium,1541,23,2.9
Ranchi,Pulses,Sandy Loam,6.9,High,High,Low,907,22,1.69
Ranchi,Maize,Loamy,6.5,Medium,Medium,Medium,941,25,2.34
Ranchi,Pulses,Sandy Loam,7.34,Low,High,Medium,954,18,1.74
Ranchi,Wheat,Clay Loam,6.15,Low,Medium,High,1200,18,1.97
Ranchi,Maize,Sandy Loam,6.2,High,Medium,Low,1032,18,3.92
Ranchi,Maize,Sandy Loam,6.25,Medium,Low,Medium,1055,24,2.58
Ranchi,Maize,Sandy Loam,6.7,Low,High,Medium,962,27,2.71
Ranchi,Wheat,Clay Loam,6.28,Low,Low,Medium,1114,22,2.95
Ranchi,Pulses,Loamy,6.81,Medium,Medium,Medium,837,25,1.64
Ranchi,Rice,Clayey,5.64,High,Low,High,1557,30,4.42
Ranchi,Rice,Loamy,6.23,Low,Medium,High,1537,28,2.81
Ranchi,Wheat,Loamy,6.58,High,Medium,High,1392,19,2.61
Ranchi,Rice,Loamy,5.74,Medium,High,Low,1380,30,3.37
Ranchi,Wheat,Clay Loam,6.6,High,Low,High,986,24,2.52
Ranchi,Rice,Clayey,5.96,Low,High,High,1311,32,3.0
Ranchi,Wheat,Loamy,7.3,Medium,Low,High,1261,21,1.78
Ranchi,Wheat,Loamy,6.02,Medium,Medium,High,1367,18,3.1
Ranchi,Maize,Loamy,7.37,Low,Medium,Low,958,18,3.66
Ranchi,Rice,Clay Loam,6.49,High,Low,Low,1219,23,3.61
Ranchi,Pulses,Loamy,7.4,High,Medium,Medium,945,27,1.81
Ranchi,Maize,Sandy Loam,6.82,Medium,Medium,Low,938,24,3.55
Ranchi,Rice,Clayey,6.76,Low,Medium,High,1587,22,3.02
Ranchi,Maize,Sandy Loam,6.02,Medium,Low,Low,1197,23,2.82
Ranchi,Rice,Clay Loam,6.19,Low,Medium,Medium,1483,27,4.46
Ranchi,Maize,Loamy,5.88,High,High,Low,947,21,3.19
Ranchi,Pulses,Sandy Loam,6.79,Low,High,Medium,1010,26,1.14
Ranchi,Wheat,Loamy,7.09,Medium,High,Low,1331,21,3.21
Ranchi,Wheat,Clay Loam,7.12,Medium,High,High,1098,23,2.3
Ranchi,Pulses,Sandy Loam,6.29,Low,Low,Medium,995,27,1.44
Ranchi,Pulses,Sandy Loam,7.37,High,Medium,Low,939,26,1.73
Ranchi,Wheat,Loamy,7.17,Low,Medium,Low,1042,20,1.84
Ranchi,Pulses,Sandy Loam,7.3,Medium,Low,High,852,28,1.17
Ranchi,Pulses,Loamy,6.05,Medium,Medium,Medium,1069,20,1.19
Ranchi,Maize,Sandy Loam,7.47,High,High,Medium,1129,22,2.77
Ranchi,Rice,Clayey,5.56,Medium,Low,Medium,1458,32,3.22
Ranchi,Maize,Sandy Loam,7.44,Low,Medium,High,971,27,3.15
Ranchi,Rice,Loamy,5.7,Medium,High,Low,1560,26,2.67
Ranchi,Maize,Sandy Loam,7.28,Medium,Low,Low,1020,21,3.67
Ranchi,Rice,Clay Loam,5.82,Medium,Medium,High,1346,24,4.34
Ranchi,Rice,Loamy,6.51,High,High,High,1403,30,4.18
Ranchi,Wheat,Loamy,7.01,Medium,High,Medium,1325,25,2.08
Ranchi,Maize,Sandy Loam,5.99,Medium,Low,Low,1130,26,3.59
Ranchi,Maize,Loamy,6.61,High,Medium,Medium,988,27,3.65
Ranchi,Wheat,Clay Loam,6.23,Medium,High,Low,930,20,2.32
Ranchi,Rice,Loamy,5.89,Low,Medium,Medium,1350,25,4.13
Ranchi,Pulses,Loamy,7.34,High,Medium,High,866,26,1.15
Ranchi,Rice,Loamy,5.6,Medium,High,Low,1279,32,3.68
Ranchi,Wheat,Loamy,6.61,Medium,Low,Low,923,22,2.87
Ranchi,Rice,Loamy,6.79,High,High,High,1320,24,3.92
Ranchi,Maize,Loamy,6.99,Medium,High,Medium,1070,29,2.54
Ranchi,Rice,Clayey,6.17,Medium,Medium,High,1234,30,2.6
Ranchi,Maize,Sandy Loam,6.07,Medium,High,High,1005,20,2.33
Ranchi,Pulses,Loamy,6.48,Low,Low,Medium,1042,28,1.81
Ranchi,Pulses,Loamy,7.42,Medium,Low,High,998,28,1.21
Ranchi,Maize,Sandy Loam,6.81,Medium,Low,Medium,961,21,2.89
Ranchi,Wheat,Clay Loam,7.38,Low,Medium,High,1237,21,2.15
Ranchi,Pulses,Loamy,6.36,Medium,Medium,Low,993,24,1.34
Ranchi,Wheat,Loamy,6.88,High,Medium,High,1070,24,2.79
Ranchi,Pulses,Loamy,7.0,Low,Medium,Medium,1071,23,1.44
Ranchi,Maize,Loamy,6.96,High,Medium,Low,1009,20,3.41
Ranchi,Maize,Loamy,6.35,Low,Medium,High,1002,27,3.67
Ranchi,Rice,Clay Loam,6.49,Medium,High,Medium,1559,23,2.57
Ranchi,Wheat,Clay Loam,6.37,Low,Low,High,1023,19,2.3
Ranchi,Wheat,Clay Loam,7.18,Low,Medium,Medium,1168,19,3.21
Ranchi,Rice,Clayey,5.55,High,High,Medium,1590,25,3.98
Ranchi,Maize,Loamy,6.49,High,Low,Low,1037,22,2.22
Ranchi,Maize,Sandy Loam,6.54,High,Low,Medium,1100,19,3.85
Ranchi,Pulses,Sandy Loam,6.8,Medium,Medium,Medium,1094,24,1.64
Ranchi,Pulses,Sandy Loam,7.18,Low,Medium,Low,957,23,1.91
Ranchi,Rice,Clayey,5.89,Low,Low,Low,1530,32,3.63
Ranchi,Maize,Sandy Loam,6.86,Medium,Medium,Medium,946,25,2.34
Ranchi,Rice,Clay Loam,5.94,Medium,Medium,High,1360,25,4.09
Ranchi,Rice,Clay Loam,6.43,Medium,Medium,High,1418,25,4.3
Ranchi,Wheat,Loamy,7.39,Low,Medium,Low,1355,22,2.88
Ranchi,Wheat,Loamy,7.12,Medium,Medium,Medium,1337,21,3.2
Ranchi,Wheat,Loamy,6.73,Medium,Low,Low,1246,20,2.86
Ranchi,Maize,Loamy,6.17,Medium,Low,Low,1067,21,2.49
Ranchi,Rice,Clayey,6.96,High,High,High,1432,31,4.18
Ranchi,Rice,Clayey,6.7,Medium,High,High,1288,27,4.02
Ranchi,Rice,Loamy,6.99,High,Medium,High,1591,31,2.91
Ranchi,Maize,Loamy,6.57,High,Low,Medium,906,25,2.88
Ranchi,Wheat,Loamy,7.28,High,Low,Medium,1211,23,3.3
Ranchi,Maize,Sandy Loam,6.01,Low,High,Low,1007,25,3.61
Ranchi,Rice,Clay Loam,5.73,Medium,Medium,Medium,1310,26,2.92
Ranchi,Pulses,Loamy,6.93,High,Low,High,808,19,1.17
Ranchi,Rice,Clayey,6.33,High,Medium,High,1588,22,3.44
Ranchi,Wheat,Loamy,7.11,Low,Low,Medium,1182,24,2.5
Ranchi,Rice,Loamy,6.74,Medium,High,Low,1319,31,3.14
Ranchi,Rice,Loamy,5.5,Low,Medium,Medium,1406,28,2.86
Ranchi,Maize,Sandy Loam,6.1,Low,Medium,Medium,1050,21,2.06
Ranchi,Pulses,Sandy Loam,7.4,Medium,Medium,High,815,21,1.98
Ranchi,Maize,Sandy Loam,7.19,High,High,Low,1057,18,2.38
Ranchi,Rice,Clay Loam,6.83,Low,High,Low,1511,23,3.59
Ranchi,Pulses,Loamy,7.36,High,Low,High,807,28,1.29
Ranchi,Pulses,Loamy,6.52,High,Medium,High,884,27,1.08
Ranchi,Maize,Sandy Loam,6.37,Medium,High,Low,1167,28,3.53
Ranchi,Pulses,Sandy Loam,6.38,Medium,Low,High,831,28,1.48
Ranchi,Wheat,Loamy,6.82,Low,Medium,Medium,1352,23,3.23
Ranchi,Pulses,Loamy,7.32,High,Medium,High,1031,23,1.88
Ranchi,Wheat,Loamy,7.12,High,High,Medium,956,23,2.8
Ranchi,Maize,Loamy,6.3,High,High,Medium,1118,26,3.89
Ranchi,Maize,Sandy Loam,6.92,Low,Low,High,1182,23,3.64
Ranchi,Rice,Clay Loam,5.86,High,Low,Low,1566,25,3.79
Ranchi,Rice,Loamy,5.54,Low,High,High,1550,26,4.13
Ranchi,Wheat,Clay Loam,6.19,Low,High,High,1031,22,3.03
Ranchi,Pulses,Sandy Loam,6.59,Low,Medium,High,929,20,1.38
Ranchi,Rice,Clayey,6.9,Low,Medium,Low,1525,24,4.43
Ranchi,Pulses,Loamy,6.81,Medium,Medium,Low,873,19,1.69
Ranchi,Rice,Clay Loam,5.73,Medium,Low,Medium,1560,30,3.26
Ranchi,Maize,Sandy Loam,6.6,Low,High,Low,1133,22,3.83
Ranchi,Maize,Loamy,6.76,Medium,Medium,High,1152,19,4.0
Ranchi,Wheat,Loamy,6.36,High,High,High,1305,18,2.98
Ranchi,Wheat,Clay Loam,7.29,Low,High,Medium,1375,21,3.15
Ranchi,Rice,Clay Loam,6.41,High,Low,High,1372,22,3.83
Ranchi,Rice,Loamy,5.96,Low,Low,High,1499,26,3.39
Ranchi,Pulses,Sandy Loam,7.36,Low,High,Medium,955,23,1.02
Ranchi,Wheat,Clay Loam,6.77,Low,Medium,High,933,24,2.7
Ranchi,Wheat,Clay Loam,7.18,High,Medium,Medium,1041,23,3.37
Ranchi,Rice,Clayey,5.76,High,High,High,1221,27,3.42
Ranchi,Rice,Clayey,6.66,High,High,Low,1213,32,4.4
Ranchi,Pulses,Sandy Loam,6.86,Low,Medium,High,920,24,1.16
Ranchi,Pulses,Sandy Loam,6.03,Low,High,Low,994,22,1.09
Ranchi,Pulses,Loamy,7.01,High,High,Low,871,25,1.36
Ranchi,Wheat,Loamy,6.57,Low,Low,Low,919,24,1.82
Ranchi,Wheat,Clay Loam,7.23,Medium,High,Low,958,19,1.72
Ranchi,Rice,Clayey,6.18,High,High,High,1215,28,3.05
Ranchi,Wheat,Clay Loam,6.34,High,High,High,1197,18,3.28
Ranchi,Rice,Loamy,6.21,Low,Low,Medium,1493,30,4.29
Ranchi,Rice,Clay Loam,5.51,High,Low,High,1323,26,4.1
Ranchi,Maize,Loamy,7.27,High,High,Low,1025,18,3.27
Ranchi,Wheat,Clay Loam,6.3,Medium,Medium,High,1367,18,2.08
Ranchi,Wheat,Clay Loam,6.74,Low,Medium,Medium,961,21,3.26
Ranchi,Pulses,Loamy,7.27,Low,Medium,Low,903,20,1.5
Ranchi,Maize,Loamy,6.49,Low,Low,Low,1151,19,3.56
Ranchi,Rice,Clay Loam,6.47,Medium,Low,Medium,1409,24,2.52
Ranchi,Pulses,Sandy Loam,7.18,High,High,Low,929,18,1.17
Ranchi,Maize,Sandy Loam,7.26,Low,High,Medium,952,22,2.42
Ranchi,Maize,Sandy Loam,5.82,Low,Medium,High,1078,30,2.96
Ranchi,Maize,Loamy,6.43,High,Low,Low,914,20,2.12
Ranchi,Wheat,Loamy,7.46,High,High,Medium,1116,21,1.72
Ranchi,Maize,Loamy,7.35,Medium,Low,Low,1110,18,3.64
Ranchi,Rice,Clayey,5.93,High,Low,Low,1576,32,4.1
Ranchi,Wheat,Loamy,6.46,High,Low,Medium,1264,23,2.98
Ranchi,Wheat,Loamy,6.49,High,High,Medium,1273,20,2.42
Ranchi,Pulses,Loamy,6.57,High,Low,Low,999,23,1.5
Ranchi,Wheat,Clay Loam,6.44,High,High,Medium,996,24,2.42
Ranchi,Maize,Sandy Loam,6.84,High,Low,High,926,21,2.47
Ranchi,Rice,Loamy,6.15,Low,Low,Low,1489,22,2.5
Ranchi,Rice,Clay Loam,5.98,High,Medium,High,1412,32,3.38
Ranchi,Rice,Clayey,6.54,Medium,Low,High,1507,32,3.75
Ranchi,Wheat,Loamy,6.4,Medium,High,Medium,1371,18,3.25
Ranchi,Pulses,Sandy Loam,6.84,High,Medium,Medium,960,23,1.1
Ranchi,Rice,Loamy,5.69,High,Low,Medium,1514,25,2.8
Ranchi,Wheat,Clay Loam,6.21,High,Low,High,1300,21,2.56
Ranchi,Rice,Loamy,6.01,Low,High,Low,1600,28,3.12
Ranchi,Rice,Loamy,6.31,High,High,Medium,1412,23,4.07
Ranchi,Maize,Loamy,5.89,Low,High,Medium,1040,22,3.91
Ranchi,Wheat,Loamy,6.05,Medium,Low,Medium,998,23,3.05
Ranchi,Rice,Clayey,6.3,Low,Low,Medium,1260,24,4.16
Ranchi,Wheat,Clay Loam,6.55,Medium,Medium,Medium,1016,21,2.98
Ranchi,Wheat,Loamy,7.48,High,Low,Medium,1165,25,2.39
Ranchi,Maize,Loamy,5.98,Medium,High,Low,1061,26,2.25
Ranchi,Pulses,Loamy,6.88,High,Low,Medium,1010,24,1.58
Ranchi,Pulses,Loamy,7.33,Low,Medium,Medium,1031,20,1.92
Ranchi,Rice,Loamy,6.98,High,Low,Low,1409,26,3.35
Ranchi,Rice,Clayey,6.86,High,Low,Low,1325,28,3.47
Ranchi,Rice,Loamy,6.43,Low,Medium,High,1208,28,4.36
Ranchi,Maize,Loamy,7.04,Low,High,Medium,1108,24,3.33
Ranchi,Rice,Loamy,6.89,Low,High,Medium,1473,32,3.68
Ranchi,Maize,Sandy Loam,7.42,Low,Low,High,986,30,3.72
Ranchi,Wheat,Loamy,7.27,High,Low,Medium,1209,19,1.72
Ranchi,Rice,Clayey,5.97,Medium,High,Medium,1289,32,3.79
Ranchi,Pulses,Sandy Loam,7.01,Low,High,High,948,21,1.18
Ranchi,Wheat,Clay Loam,6.27,Low,Medium,High,1017,21,1.72
Ranchi,Maize,Sandy Loam,6.89,Medium,Low,Medium,1115,18,2.38
Ranchi,Wheat,Loamy,6.22,High,Medium,Low,1048,25,2.9
Ranchi,Wheat,Loamy,6.03,High,High,Medium,1220,19,2.09
Ranchi,Rice,Clay Loam,6.97,High,Low,Low,1587,25,3.67
Ranchi,Pulses,Loamy,7.04,Low,High,High,1006,23,1.24
Ranchi,Wheat,Loamy,6.53,Low,High,Medium,1092,22,2.95
Ranchi,Wheat,Clay Loam,7.11,Medium,Low,High,1233,22,1.95
Ranchi,Maize,Loamy,6.73,Medium,High,High,1146,26,2.87
Ranchi,Maize,Loamy,6.39,Medium,High,High,933,20,2.97
Ranchi,Pulses,Sandy Loam,7.46,Medium,Low,Low,993,27,1.35
Ranchi,Maize,Loamy,6.59,Low,Medium,Medium,1192,18,2.48
Ranchi,Maize,Sandy Loam,7.35,Medium,Medium,High,1084,27,2.12
Ranchi,Rice,Clayey,6.6,High,High,Medium,1423,28,3.39
Ranchi,Pulses,Sandy Loam,6.75,High,Low,Medium,892,23,1.8
Ranchi,Pulses,Sandy Loam,6.74,High,Low,Low,940,18,1.75
Ranchi,Maize,Sandy Loam,6.64,Medium,High,Low,1144,29,3.86
Ranchi,Pulses,Sandy Loam,6.54,Medium,High,High,867,19,1.56
Ranchi,Maize,Loamy,6.38,High,High,Low,988,21,2.71
Ranchi,Rice,Clayey,6.38,Low,Medium,Low,1433,25,2.7
Ranchi,Rice,Clay Loam,5.75,High,High,High,1429,32,2.64
Ranchi,Pulses,Sandy Loam,6.81,Medium,Medium,Low,915,24,1.66
Ranchi,Wheat,Clay Loam,6.77,Medium,High,Low,1248,21,2.55
Ranchi,Rice,Clayey,5.85,Low,Low,Medium,1547,32,2.55
Ranchi,Pulses,Loamy,6.3,High,Low,Medium,995,22,1.68
Ranchi,Wheat,Clay Loam,7.26,High,High,High,1318,25,2.23
Ranchi,Pulses,Loamy,6.88,High,Medium,Medium,823,26,1.82
Ranchi,Rice,Loamy,6.02,Medium,Medium,Medium,1567,32,3.97
Ranchi,Pulses,Loamy,7.04,Medium,High,Low,1033,28,1.05
Ranchi,Wheat,Clay Loam,7.14,Medium,High,Medium,1110,22,2.06
Ranchi,Maize,Loamy,6.19,Medium,High,High,939,25,2.22
Ranchi,Rice,Clayey,6.7,Low,High,Low,1276,25,4.07
Ranchi,Rice,Clayey,5.9,High,Medium,Low,1346,26,3.57
Ranchi,Maize,Loamy,6.94,High,High,High,1009,19,3.43
Ranchi,Rice,Clay Loam,6.95,Low,High,High,1238,25,3.05
Ranchi,Wheat,Loamy,6.63,Medium,Medium,Low,1035,18,1.95
Ranchi,Wheat,Clay Loam,6.84,Low,High,High,1275,22,1.96
Ranchi,Rice,Clayey,6.8,Medium,Medium,Low,1537,23,3.55
Ranchi,Pulses,Sandy Loam,7.43,Low,Low,Medium,905,23,1.58
Ranchi,Wheat,Clay Loam,6.56,Low,Medium,High,939,19,2.58
Ranchi,Pulses,Loamy,6.28,High,High,Medium,890,25,1.86
Ranchi,Wheat,Clay Loam,6.18,Medium,Medium,Medium,937,22,3.2
Ranchi,Pulses,Loamy,7.3,Low,Low,Low,931,24,1.69
Ranchi,Wheat,Clay Loam,6.22,Medium,High,High,1203,19,2.18
Ranchi,Maize,Sandy Loam,7.36,High,Medium,Low,1097,26,2.19
Ranchi,Wheat,Loamy,6.88,High,Low,High,1328,24,1.82
Ranchi,Maize,Loamy,6.29,High,High,Medium,1148,26,2.22
Ranchi,Pulses,Loamy,6.49,Low,High,High,984,19,1.18
Ranchi,Rice,Clay Loam,5.65,Low,High,High,1428,26,4.35
Ranchi,Pulses,Sandy Loam,6.72,High,Low,Low,897,22,1.01
Ranchi,Wheat,Clay Loam,6.21,Medium,Low,High,1385,22,3.16
Ranchi,Pulses,Loamy,7.49,Low,High,Low,815,22,1.73
Ranchi,Rice,Clayey,5.98,High,Medium,Low,1594,27,3.6
Ranchi,Pulses,Sandy Loam,7.16,High,High,High,909,22,1.06
Ranchi,Pulses,Loamy,7.4,High,Medium,High,1062,28,1.32
Ranchi,Wheat,Clay Loam,7.13,Medium,High,Low,1153,24,2.21
Ranchi,Pulses,Sandy Loam,6.17,Low,Low,Low,944,20,1.23
Ranchi,Wheat,Clay Loam,6.54,Medium,Medium,High,969,22,3.15
Ranchi,Maize,Sandy Loam,6.3,High,Medium,Medium,1140,18,2.61
Ranchi,Maize,Sandy Loam,6.33,High,Low,Low,1105,18,3.13
Ranchi,Maize,Sandy Loam,5.82,High,Medium,High,948,25,3.13
Ranchi,Pulses,Sandy Loam,6.92,Medium,Medium,Low,1005,25,1.4
Ranchi,Pulses,Sandy Loam,6.11,Medium,High,Low,1079,22,1.74
Ranchi,Rice,Clayey,6.14,Low,Medium,High,1346,24,3.5
Ranchi,Maize,Sandy Loam,5.89,Low,Medium,High,1111,24,3.57
Ranchi,Rice,Loamy,6.64,Medium,High,High,1206,32,2.76
Ranchi,Wheat,Clay Loam,6.62,Low,High,High,1342,23,3.08
Ranchi,Rice,Loamy,5.58,Medium,High,High,1333,26,2.81
Ranchi,Wheat,Loamy,6.9,Low,Medium,Medium,1271,23,2.16
Ranchi,Pulses,Loamy,6.45,Medium,High,High,1013,24,1.75
Ranchi,Pulses,Sandy Loam,6.74,Medium,Low,Medium,1081,19,1.47
Ranchi,Wheat,Clay Loam,7.07,Low,Medium,High,1033,23,1.79
Ranchi,Rice,Clayey,6.48,Medium,High,Low,1336,28,3.43
Ranchi,Pulses,Loamy,6.78,Medium,Low,High,853,22,1.43
Ranchi,Wheat,Loamy,7.13,Low,Medium,Medium,1045,21,2.9
Ranchi,Pulses,Sandy Loam,6.11,High,Medium,Low,1010,28,1.3
Ranchi,Wheat,Clay Loam,7.45,Low,Medium,Medium,953,24,1.86
Ranchi,Rice,Clayey,6.89,Low,Low,Low,1232,28,2.77
Ranchi,Maize,Loamy,6.36,High,Low,Low,1136,26,2.63
Ranchi,Wheat,Loamy,6.97,Medium,Low,Medium,1185,25,2.1
Ranchi,Wheat,Loamy,7.07,High,Low,High,1333,19,2.89
Ranchi,Rice,Loamy,6.36,High,Medium,Medium,1329,26,4.27
Ranchi,Maize,Sandy Loam,6.14,Low,Medium,High,1074,26,3.16
Ranchi,Pulses,Loamy,6.07,Medium,Medium,High,973,28,1.79
Ranchi,Pulses,Loamy,6.99,High,Medium,High,802,26,1.57
Ranchi,Rice,Clayey,6.02,High,High,Low,1271,24,3.75
Ranchi,Pulses,Loamy,7.23,High,Low,High,1083,20,1.56
Ranchi,Pulses,Loamy,6.49,Low,Medium,Medium,1022,25,1.75
Ranchi,Wheat,Loamy,7.17,Medium,Low,High,940,19,2.59
Ranchi,Maize,Sandy Loam,7.1,High,High,Medium,957,25,3.37
Ranchi,Maize,Sandy Loam,5.83,Medium,Low,Low,1158,22,3.24
Ranchi,Pulses,Loamy,6.97,Medium,Medium,Medium,813,20,1.58
Ranchi,Rice,Clayey,5.85,High,High,Low,1240,27,2.81
Ranchi,Pulses,Loamy,7.47,High,Low,Medium,989,22,1.97
Ranchi,Wheat,Clay Loam,6.76,Medium,Low,Medium,1059,25,2.07
Ranchi,Wheat,Clay Loam,6.34,High,Low,Medium,1312,25,2.79
Ranchi,Pulses,Sandy Loam,7.03,High,High,High,958,25,1.05
Ranchi,Pulses,Loamy,6.25,Medium,Low,Low,801,23,1.88
Ranchi,Maize,Sandy Loam,5.94,Low,High,Medium,920,30,2.64
Ranchi,Maize,Loamy,5.86,High,High,Low,1008,22,3.64
Ranchi,Maize,Sandy Loam,7.2,High,Medium,Medium,1088,19,2.92
Ranchi,Rice,Clay Loam,6.75,High,Medium,High,1600,22,3.94
Ranchi,Pulses,Loamy,6.21,Medium,Low,Low,823,28,1.36
Ranchi,Maize,Loamy,7.25,High,Low,Medium,1074,30,3.36
Ranchi,Rice,Clay Loam,6.88,High,Low,High,1509,26,4.04
Ranchi,Rice,Clay Loam,5.88,Medium,Low,High,1254,23,3.92
Ranchi,Pulses,Sandy Loam,6.29,Low,Low,High,1052,23,1.38
Ranchi,Wheat,Loamy,6.79,Medium,Low,Low,1033,23,3.28
Ranchi,Rice,Clay Loam,6.37,Medium,Medium,Low,1484,28,3.12
Ranchi,Maize,Sandy Loam,6.51,High,Low,High,1048,27,3.02
Ranchi,Rice,Loamy,6.81,High,Medium,Medium,1423,23,4.4
Ranchi,Wheat,Loamy,7.24,Low,Medium,High,1026,25,2.93
Ranchi,Pulses,Loamy,6.7,Medium,Medium,High,975,23,1.12
Ranchi,Rice,Clayey,6.32,Low,Medium,Low,1290,29,3.05
Ranchi,Pulses,Sandy Loam,7.32,Low,High,Low,1003,21,1.13
Ranchi,Pulses,Sandy Loam,7.13,Low,Medium,Medium,890,24,1.83
Ranchi,Maize,Sandy Loam,6.96,Medium,Low,Medium,1095,24,3.45
Ranchi,Wheat,Clay Loam,6.57,Low,Medium,High,1309,22,2.88
Ranchi,Rice,Clayey,5.7,Low,High,Low,1525,24,3.86
Ranchi,Maize,Loamy,7.33,High,Low,Low,920,18,3.15
Ranchi,Maize,Loamy,6.61,High,Medium,High,1130,20,2.12
Ranchi,Rice,Loamy,6.48,High,High,High,1222,25,4.22
Ranchi,Pulses,Sandy Loam,6.35,High,Low,Low,905,27,1.45
Ranchi,Pulses,Loamy,6.89,Medium,Low,High,1001,21,1.96
Ranchi,Wheat,Loamy,6.47,Medium,High,Medium,1005,20,3.28
Ranchi,Maize,Loamy,5.98,Low,Low,High,1051,26,2.01
Ranchi,Rice,Clayey,6.68,Medium,Low,Low,1409,31,2.57
Ranchi,Pulses,Sandy Loam,7.19,High,High,High,1076,19,1.28
Ranchi,Pulses,Loamy,6.76,High,Low,Medium,1052,26,1.47
Ranchi,Rice,Clayey,7.0,Medium,Low,Low,1436,30,2.68
Ranchi,Maize,Sandy Loam,7.05,Low,Low,Low,929,28,2.5
Ranchi,Maize,Loamy,7.01,Low,Low,Low,1192,28,3.82
Ranchi,Wheat,Loamy,6.11,Medium,Low,High,1181,25,2.26
Ranchi,Wheat,Loamy,6.62,Medium,Medium,Medium,1218,18,3.25
Ranchi,Pulses,Loamy,6.59,Medium,Low,Low,1026,28,1.75
Ranchi,Wheat,Loamy,7.24,High,Medium,Medium,1117,24,2.85
Ranchi,Wheat,Loamy,6.09,Low,Medium,Medium,1048,25,2.78
Ranchi,Rice,Loamy,6.98,Medium,Medium,High,1557,22,3.02
Ranchi,Rice,Loamy,5.76,Low,Low,Low,1442,22,4.23
Ranchi,Pulses,Sandy Loam,6.31,Medium,High,Low,862,27,1.37
Ranchi,Wheat,Loamy,7.04,High,Low,Low,1050,20,2.21
Ranchi,Pulses,Sandy Loam,6.33,Medium,Medium,Low,899,24,1.51
Ranchi,Pulses,Sandy Loam,6.48,Medium,High,High,890,28,1.03
Ranchi,Pulses,Sandy Loam,6.16,High,Low,Low,1040,28,1.02
Ranchi,Maize,Loamy,6.12,High,Medium,Low,1193,20,3.53
Ranchi,Pulses,Sandy Loam,6.48,Low,High,Low,800,24,1.19
Ranchi,Wheat,Clay Loam,7.18,High,High,High,972,21,3.04
Ranchi,Maize,Sandy Loam,6.49,Low,High,High,1082,19,2.6
Ranchi,Pulses,Loamy,7.11,Low,Low,High,913,23,1.64
Ranchi,Wheat,Loamy,6.84,Low,Low,Low,1230,19,3.37
Ranchi,Wheat,Loamy,7.09,Low,High,Medium,1067,19,2.9
Ranchi,Wheat,Loamy,6.0,Medium,Medium,Low,932,24,2.25
Ranchi,Rice,Loamy,6.74,Medium,Medium,Medium,1544,27,3.96
Ranchi,Wheat,Clay Loam,6.96,High,Medium,Medium,1385,25,2.34
Ranchi,Pulses,Sandy Loam,6.53,Low,Medium,Low,828,22,1.23
Ranchi,Rice,Clay Loam,6.79,Medium,High,Low,1321,22,2.75
Ranchi,Rice,Loamy,6.9,Medium,Low,Medium,1578,25,2.57
Ranchi,Maize,Sandy Loam,7.07,Low,Medium,Medium,1114,20,3.21
Ranchi,Pulses,Loamy,7.13,High,Medium,High,823,25,1.53
Ranchi,Rice,Clay Loam,6.63,Low,Medium,Medium,1324,29,2.61
Ranchi,Maize,Loamy,6.91,High,Low,Low,1060,28,2.71
Ranchi,Wheat,Loamy,7.11,Low,Medium,Medium,1317,19,2.85
Ranchi,Maize,Sandy Loam,7.39,Low,Medium,High,1081,19,2.83
Ranchi,Pulses,Loamy,7.16,Low,Low,Medium,835,23,1.61
Ranchi,Pulses,Loamy,6.25,Low,High,Medium,1021,27,1.51
Ranchi,Rice,Clayey,6.32,Low,High,High,1490,23,3.07
Ranchi,Pulses,Sandy Loam,6.59,Low,Low,Low,953,19,1.26
Ranchi,Wheat,Clay Loam,7.45,Low,Low,Medium,1399,23,2.97
Ranchi,Maize,Sandy Loam,6.03,Low,Medium,Low,914,23,3.45
Ranchi,Pulses,Sandy Loam,6.75,High,Medium,Medium,886,25,1.27
Ranchi,Wheat,Loamy,7.38,High,Low,Medium,1198,18,2.78
Ranchi,Rice,Loamy,6.59,Medium,Medium,High,1546,24,4.2
Ranchi,Rice,Loamy,6.37,Medium,Low,Low,1484,26,3.49
Ranchi,Wheat,Clay Loam,6.63,Medium,Low,High,920,19,3.24
Ranchi,Rice,Loamy,5.97,High,Low,Low,1223,32,4.48
Ranchi,Wheat,Clay Loam,7.38,Medium,Low,Medium,1214,25,3.0
Ranchi,Pulses,Sandy Loam,6.0,Low,Low,Low,1089,20,1.39
Ranchi,Pulses,Sandy Loam,7.46,Low,High,High,984,26,1.77
Ranchi,Rice,Clay Loam,6.58,Medium,Low,High,1473,29,3.23
Ranchi,Pulses,Loamy,6.51,Low,High,Low,900,20,1.81
Ranchi,Rice,Clay Loam,5.73,Medium,Low,Low,1351,24,4.13
Ranchi,Maize,Sandy Loam,6.6,High,Low,Low,926,28,3.66
Ranchi,Rice,Clay Loam,6.7,High,Medium,Low,1474,24,2.81
Ranchi,Rice,Clay Loam,6.51,Low,Low,Low,1440,27,3.86
Ranchi,Maize,Sandy Loam,6.58,Low,Low,Low,1041,28,2.26
Ranchi,Wheat,Loamy,7.17,High,Medium,Low,1139,23,3.02
Ranchi,Wheat,Clay Loam,6.2,Medium,High,High,1042,18,3.05
Ranchi,Pulses,Sandy Loam,6.05,Low,Low,High,817,23,1.96
Ranchi,Wheat,Loamy,6.03,Medium,High,High,1398,18,2.25
Ranchi,Maize,Sandy Loam,6.99,Medium,High,Medium,984,20,2.33
Ranchi,Pulses,Loamy,6.72,High,Medium,High,1017,25,1.3
Ranchi,Wheat,Loamy,7.0,High,High,Low,1020,19,3.39
Ranchi,Wheat,Loamy,7.11,High,Low,Medium,1168,18,2.35
Ranchi,Pulses,Loamy,6.84,Low,Medium,Medium,814,25,1.94
Ranchi,Pulses,Loamy,7.32,High,Medium,Medium,887,28,1.83
Ranchi,Pulses,Sandy Loam,6.59,Low,Low,Medium,826,28,1.54
Ranchi,Wheat,Clay Loam,6.0,Low,Low,Low,1318,20,2.69
Ranchi,Rice,Loamy,5.54,High,High,Medium,1254,28,2.65
Ranchi,Maize,Loamy,6.37,Low,High,High,1160,20,3.57
Ranchi,Maize,Sandy Loam,6.97,Medium,Medium,Medium,924,25,2.63
Ranchi,Maize,Sandy Loam,7.11,Medium,Medium,High,957,29,3.07
Ranchi,Maize,Sandy Loam,6.72,High,Low,Low,1023,29,3.31
Ranchi,Maize,Loamy,6.6,Low,High,Low,1036,24,2.88
Ranchi,Rice,Clayey,5.95,Medium,Low,Medium,1563,31,3.34
Ranchi,Maize,Sandy Loam,7.03,Low,Medium,High,1102,19,3.69
Ranchi,Wheat,Clay Loam,7.05,Medium,Medium,Medium,1344,19,2.92
Ranchi,Maize,Sandy Loam,6.56,Medium,Low,Low,1039,23,2.02
Ranchi,Maize,Sandy Loam,7.44,Low,Medium,Medium,1023,26,3.3
Ranchi,Rice,Clay Loam,5.83,High,Low,Medium,1275,27,3.31
Ranchi,Wheat,Clay Loam,7.02,Low,High,High,1198,18,2.72
Ranchi,Pulses,Loamy,6.72,Medium,High,Medium,853,19,1.88
Ranchi,Wheat,Clay Loam,6.46,Low,High,Low,1397,24,3.09
Ranchi,Wheat,Loamy,6.51,Low,High,Medium,1016,25,2.9
Ranchi,Maize,Sandy Loam,6.71,Low,High,High,1196,23,3.34
Ranchi,Maize,Sandy Loam,7.0,Low,High,High,1098,23,4.0
Ranchi,Pulses,Loamy,6.82,Medium,Medium,High,923,19,1.85
Ranchi,Pulses,Loamy,7.43,High,High,Medium,968,18,1.86
Ranchi,Maize,Sandy Loam,6.95,Low,High,High,1052,29,3.34
Ranchi,Maize,Sandy Loam,7.08,Low,Medium,Low,1199,22,3.52
Ranchi,Maize,Loamy,6.44,High,Medium,High,1164,28,3.98
Ranchi,Pulses,Loamy,7.29,High,High,High,1051,18,1.03
Ranchi,Pulses,Loamy,6.42,High,Medium,Medium,1086,19,1.58
Ranchi,Maize,Loamy,6.33,Low,Medium,High,1084,29,2.0
Ranchi,Pulses,Loamy,6.14,High,High,High,1027,21,1.96
Ranchi,Rice,Loamy,5.8,High,Low,High,1405,27,4.3
Ranchi,Wheat,Clay Loam,6.58,Medium,Low,High,1115,19,2.61
Ranchi,Pulses,Sandy Loam,7.39,High,High,Low,1006,21,1.74
Ranchi,Pulses,Loamy,6.15,High,High,High,839,23,1.94
Ranchi,Rice,Clayey,5.96,High,Medium,Low,1442,23,3.29
Ranchi,Rice,Loamy,6.3,Medium,Medium,High,1499,24,2.6
Ranchi,Pulses,Sandy Loam,6.71,Low,Low,Low,849,24,1.93
Ranchi,Maize,Sandy Loam,6.52,Medium,Medium,Low,999,23,2.47
Ranchi,Maize,Loamy,6.35,High,High,Medium,1177,25,2.3
Ranchi,Wheat,Clay Loam,6.13,Medium,Low,Medium,1297,19,2.58
Ranchi,Pulses,Loamy,6.47,Medium,Medium,Low,836,26,1.56
Ranchi,Wheat,Clay Loam,6.72,High,High,High,1208,23,3.0
Ranchi,Wheat,Clay Loam,7.35,Medium,Medium,Low,1212,18,2.17
Ranchi,Pulses,Loamy,6.82,Low,Medium,Low,955,23,1.09
Ranchi,Wheat,Clay Loam,6.81,High,Medium,High,1268,20,2.83
Ranchi,Rice,Clay Loam,5.76,Medium,Low,Medium,1229,28,3.52
Ranchi,Rice,Clayey,6.86,High,Low,High,1445,32,3.81
Ranchi,Pulses,Sandy Loam,6.65,Low,Medium,Low,921,23,1.89
Ranchi,Maize,Loamy,6.31,Low,Medium,Medium,938,23,2.37
Ranchi,Rice,Clayey,6.01,High,Medium,Low,1255,28,4.06
Ranchi,Rice,Clayey,5.78,Low,High,High,1246,32,3.2
Ranchi,Maize,Loamy,7.01,Low,High,Medium,1020,29,3.57
Ranchi,Maize,Loamy,6.62,High,Medium,High,1027,27,3.62
Ranchi,Wheat,Loamy,6.49,Low,Medium,High,1340,19,3.36
Ranchi,Wheat,Clay Loam,6.97,Low,Medium,High,1273,21,2.88
Ranchi,Maize,Loamy,6.22,Medium,High,Medium,1200,21,3.51
Ranchi,Maize,Loamy,7.26,Medium,Low,High,1049,27,2.09
Ranchi,Maize,Loamy,6.78,Low,Medium,Low,953,26,3.09
Ranchi,Wheat,Loamy,7.48,Medium,High,Low,1021,18,2.48
Ranchi,Wheat,Clay Loam,6.19,Medium,High,Low,1380,24,1.99
Ranchi,Rice,Loamy,6.31,Medium,Medium,High,1544,22,2.9
Ranchi,Maize,Loamy,5.96,Low,Low,Medium,1108,23,2.57
Ranchi,Maize,Sandy Loam,6.41,Low,Medium,High,980,20,3.94
Ranchi,Maize,Loamy,6.93,Medium,Medium,Medium,1178,18,2.93
Ranchi,Wheat,Loamy,6.82,Medium,Medium,Low,1007,20,3.31
Ranchi,Maize,Loamy,6.0,Medium,Low,Low,1128,26,2.47
Ranchi,Rice,Clay Loam,6.0,Low,Medium,Low,1489,30,2.66
Ranchi,Wheat,Clay Loam,7.28,High,Low,Low,1238,23,2.53
Ranchi,Wheat,Loamy,6.74,Low,Medium,High,1255,24,1.77
Ranchi,Wheat,Clay Loam,6.32,Low,Medium,Low,930,18,2.96
Ranchi,Wheat,Clay Loam,6.7,Low,High,Low,1383,20,2.16
Ranchi,Pulses,Sandy Loam,6.47,High,Low,Medium,910,28,1.27
Ranchi,Wheat,Loamy,7.33,High,High,Medium,939,24,3.31
Ranchi,Wheat,Clay Loam,6.72,High,High,Low,943,19,2.11
Ranchi,Rice,Loamy,5.92,Medium,High,High,1461,24,2.91
Ranchi,Maize,Loamy,6.09,High,Low,Medium,1198,24,3.35
Ranchi,Rice,Clayey,6.85,High,High,High,1517,26,4.45
Ranchi,Pulses,Sandy Loam,7.24,High,Low,High,905,27,1.55
Ranchi,Maize,Sandy Loam,6.49,Low,Medium,High,1047,29,2.55
Ranchi,Pulses,Loamy,6.95,High,Medium,Medium,1068,24,1.17
Ranchi,Wheat,Clay Loam,7.26,Medium,Low,Low,1001,25,3.22
Ranchi,Maize,Loamy,6.71,High,High,Low,1147,24,3.35
Ranchi,Rice,Clay Loam,6.01,Low,High,Low,1396,22,3.09
Ranchi,Rice,Loamy,5.96,High,High,High,1540,23,2.55
Ranchi,Maize,Sandy Loam,6.89,Low,Medium,High,946,20,3.03
Ranchi,Maize,Loamy,6.76,High,High,Medium,1195,22,2.74
Ranchi,Rice,Clay Loam,6.89,Medium,High,High,1248,28,2.77
Ranchi,Maize,Sandy Loam,6.18,High,High,Medium,1119,18,3.2
Ranchi,Maize,Loamy,6.11,Low,Medium,Low,1034,21,2.8
Ranchi,Rice,Clayey,5.66,High,High,Low,1299,27,3.33
Ranchi,Wheat,Clay Loam,6.26,Medium,Medium,High,1210,24,2.18
Ranchi,Rice,Clayey,6.99,Medium,Low,High,1495,24,4.01
Ranchi,Rice,Clay Loam,6.67,Low,High,Medium,1213,26,3.11
Ranchi,Maize,Loamy,6.44,High,High,High,1142,24,3.33
Ranchi,Wheat,Loamy,6.8,Medium,Medium,High,1334,22,1.9
Ranchi,Maize,Loamy,6.01,Low,Low,Medium,1017,30,2.45
Ranchi,Pulses,Loamy,6.3,Medium,High,Medium,864,22,1.4
Ranchi,Maize,Sandy Loam,6.68,Low,Low,High,1078,20,3.04
Ranchi,Maize,Loamy,6.01,Medium,High,High,991,21,3.3
Ranchi,Maize,Sandy Loam,6.64,Medium,Low,Medium,1076,23,3.27
Ranchi,Wheat,Loamy,6.58,Low,Medium,High,981,25,3.07
Ranchi,Maize,Sandy Loam,6.89,Low,High,Medium,983,28,2.89
Ranchi,Wheat,Clay Loam,6.12,High,Low,Medium,909,19,2.76
Ranchi,Wheat,Loamy,6.89,Medium,Medium,Low,1034,18,2.92
Ranchi,Pulses,Sandy Loam,7.47,Medium,Low,Low,909,21,1.46
Ranchi,Rice,Clay Loam,6.58,High,Low,Medium,1449,27,3.03
Ranchi,Rice,Loamy,6.81,Medium,Medium,Low,1537,29,3.8
Ranchi,Wheat,Loamy,7.42,Medium,Medium,High,941,21,2.05
Ranchi,Maize,Loamy,6.17,High,Low,High,964,19,3.1
Ranchi,Rice,Clay Loam,5.6,High,Medium,Low,1274,31,4.08
Ranchi,Pulses,Loamy,6.57,Medium,Low,High,813,20,1.71
Ranchi,Pulses,Loamy,6.37,Low,Medium,Low,1035,23,1.28
Ranchi,Wheat,Loamy,6.75,Low,Low,Low,1228,20,3.34
Ranchi,Pulses,Sandy Loam,6.35,High,Medium,Low,1054,28,1.7
Ranchi,Rice,Clayey,6.99,Medium,High,High,1443,29,3.69
Ranchi,Pulses,Sandy Loam,6.87,Low,Medium,Low,899,18,1.47
Ranchi,Maize,Loamy,6.95,Medium,Medium,Low,1081,30,3.17
Ranchi,Pulses,Loamy,6.28,Medium,Medium,High,1044,28,1.14
Ranchi,Pulses,Sandy Loam,6.73,Medium,High,High,967,23,1.31
Ranchi,Rice,Clay Loam,6.47,Low,Low,High,1526,23,3.21
Ranchi,Pulses,Loamy,6.21,High,Low,High,805,18,1.89
Ranchi,Pulses,Loamy,7.17,High,Medium,High,1097,23,1.99
Ranchi,Maize,Loamy,7.3,High,High,Medium,1183,28,3.34
Ranchi,Rice,Loamy,5.87,Medium,Medium,High,1434,25,3.94
Ranchi,Rice,Loamy,6.87,Low,Low,Medium,1507,26,3.98
Ranchi,Rice,Clay Loam,5.83,Low,Medium,Medium,1273,28,2.93
Ranchi,Pulses,Loamy,7.23,Medium,High,Medium,1084,24,1.14
Ranchi,Pulses,Loamy,6.32,Medium,High,High,826,27,1.01
Ranchi,Rice,Clay Loam,6.07,Low,Low,High,1214,24,3.61
Ranchi,Wheat,Loamy,6.59,Low,High,High,1073,25,1.95
Ranchi,Wheat,Clay Loam,6.63,Low,Medium,Low,1049,23,2.59
Ranchi,Maize,Loamy,6.82,High,Low,High,1143,29,2.5
Ranchi,Maize,Loamy,6.16,High,High,Medium,1191,27,3.03
Ranchi,Wheat,Loamy,7.16,Medium,Medium,Medium,1096,21,2.34
Ranchi,Maize,Loamy,7.26,Medium,Low,Medium,960,20,2.27
Ranchi,Pulses,Loamy,6.34,Low,High,Medium,968,27,1.82
Ranchi,Pulses,Loamy,6.44,Low,High,Low,896,28,1.44
Ranchi,Wheat,Clay Loam,6.62,High,Low,High,1178,25,2.15
Ranchi,Rice,Clay Loam,6.03,High,Medium,Low,1223,30,4.22
Ranchi,Wheat,Clay Loam,7.31,Medium,High,Low,1336,23,3.02
Ranchi,Pulses,Sandy Loam,7.37,Medium,Medium,Medium,1036,28,1.92
Ranchi,Pulses,Loamy,7.26,Low,Medium,High,860,18,1.77
Ranchi,Wheat,Clay Loam,6.31,Low,Low,Medium,1071,20,3.39
Ranchi,Rice,Loamy,6.44,High,High,Medium,1306,27,3.08
Ranchi,Rice,Clayey,5.89,Medium,Medium,Low,1270,24,4.46
Ranchi,Pulses,Loamy,6.89,Medium,Low,Low,946,21,1.88
Ranchi,Maize,Loamy,6.86,Low,Low,High,910,23,2.29
Ranchi,Pulses,Loamy,6.12,Low,Medium,High,925,26,1.0
Ranchi,Pulses,Loamy,6.14,Low,Low,Low,925,22,1.32
Ranchi,Rice,Clay Loam,6.24,Medium,Medium,Low,1244,23,4.28
Ranchi,Maize,Sandy Loam,6.87,Low,High,High,1081,26,2.97
Ranchi,Wheat,Clay Loam,6.97,Medium,Medium,High,1342,25,3.09
Ranchi,Maize,Sandy Loam,6.32,High,Medium,Medium,1115,22,2.91
Ranchi,Pulses,Loamy,7.05,High,High,High,1071,19,1.02
Ranchi,Rice,Clayey,6.33,Low,Low,High,1323,22,2.64
Ranchi,Maize,Sandy Loam,6.43,Medium,High,High,1016,29,3.1
Ranchi,Pulses,Loamy,7.22,Low,High,Medium,816,25,1.69
Ranchi,Rice,Loamy,5.63,High,Low,Low,1504,32,2.69
Ranchi,Pulses,Sandy Loam,6.33,Low,Medium,Medium,1068,19,1.38
Ranchi,Pulses,Loamy,6.59,Medium,High,Medium,1086,25,1.4
Ranchi,Rice,Clay Loam,6.74,Low,Low,High,1244,28,3.19
Ranchi,Maize,Sandy Loam,5.89,High,Low,Low,1174,18,2.03
Ranchi,Maize,Sandy Loam,6.55,Medium,Medium,Medium,982,22,2.26
Ranchi,Wheat,Loamy,7.24,Low,Low,High,945,25,2.89
Ranchi,Rice,Clay Loam,6.62,High,Medium,Low,1250,29,2.8
Ranchi,Rice,Clay Loam,6.25,Medium,Low,High,1554,32,2.68
Ranchi,Rice,Clay Loam,6.82,Medium,High,Low,1566,24,3.54
Ranchi,Wheat,Clay Loam,7.0,Medium,High,Medium,1385,22,3.19
Ranchi,Wheat,Loamy,6.07,High,High,Medium,1180,20,2.59
Ranchi,Maize,Loamy,7.11,High,High,Medium,1018,25,2.04
Ranchi,Rice,Loamy,6.25,Low,Medium,Medium,1443,26,4.3
Ranchi,Maize,Loamy,7.2,High,Low,Medium,1029,30,3.85
Ranchi,Maize,Sandy Loam,6.14,Medium,Low,High,1080,23,3.03
Ranchi,Maize,Loamy,6.11,Low,Low,Low,1134,18,3.35
Ranchi,Wheat,Loamy,7.01,Medium,Low,Low,1077,18,2.83
Ranchi,Pulses,Sandy Loam,6.26,Medium,Medium,Low,949,18,1.73
Ranchi,Pulses,Sandy Loam,6.4,Low,Medium,High,892,27,1.15
Ranchi,Pulses,Sandy Loam,6.82,Low,High,High,1079,25,1.12
Ranchi,Rice,Clay Loam,6.57,Low,Medium,Medium,1503,30,4.48
Ranchi,Pulses,Loamy,6.29,Medium,Low,Low,928,28,1.53
Ranchi,Pulses,Loamy,6.23,Low,High,Medium,974,26,1.1
Ranchi,Pulses,Loamy,6.15,Low,High,High,930,28,1.63
Ranchi,Maize,Loamy,5.87,High,Medium,Medium,1028,22,3.39
Ranchi,Wheat,Loamy,6.62,High,Low,Low,1179,22,3.09
Ranchi,Maize,Sandy Loam,6.16,Low,High,Low,1154,30,3.91
Ranchi,Maize,Sandy Loam,6.55,Low,High,High,939,18,2.04
Ranchi,Wheat,Loamy,6.86,Low,Low,Medium,1386,24,2.69
Ranchi,Maize,Loamy,7.43,Medium,Medium,High,1049,28,3.35
Ranchi,Pulses,Loamy,7.28,High,Low,High,813,21,1.73
Ranchi,Wheat,Clay Loam,6.9,Low,Low,Medium,904,18,2.2
Ranchi,Pulses,Sandy Loam,6.86,Medium,High,Medium,957,18,1.4
Ranchi,Maize,Loamy,6.22,High,Medium,High,1156,21,2.08
Ranchi,Wheat,Clay Loam,7.28,Medium,Low,Medium,1175,23,2.07
Ranchi,Wheat,Loamy,7.27,High,High,Low,955,24,2.34
Ranchi,Maize,Sandy Loam,7.27,Low,High,High,937,18,2.83
Ranchi,Pulses,Sandy Loam,6.29,Medium,Low,High,1018,28,1.74
Ranchi,Pulses,Sandy Loam,6.37,High,High,Low,1076,21,1.09
Ranchi,Maize,Loamy,6.54,High,Medium,High,1186,27,3.9
Ranchi,Maize,Sandy Loam,6.97,High,Low,Medium,1039,21,3.12
Ranchi,Pulses,Sandy Loam,7.02,Medium,Medium,High,919,20,1.52
Ranchi,Pulses,Sandy Loam,7.35,High,High,Low,1099,28,1.32
Ranchi,Rice,Clayey,6.83,High,High,High,1330,30,3.15
Ranchi,Pulses,Loamy,6.35,Medium,Low,Low,920,28,1.71
Ranchi,Wheat,Clay Loam,6.98,Low,Medium,Low,1030,21,2.13
Ranchi,Rice,Loamy,6.89,Medium,Medium,High,1447,25,3.54
Ranchi,Wheat,Clay Loam,7.4,Medium,Medium,Medium,1329,21,1.79
Ranchi,Wheat,Loamy,6.26,High,Low,High,1268,19,1.74
Ranchi,Pulses,Sandy Loam,7.09,Medium,High,High,986,21,1.68
Ranchi,Pulses,Sandy Loam,7.14,Medium,High,High,845,21,1.39
Ranchi,Maize,Loamy,7.41,Low,Medium,Medium,1042,20,2.79
Ranchi,Rice,Clayey,5.81,Medium,Low,Medium,1540,31,3.79
Ranchi,Maize,Sandy Loam,7.16,High,Low,Low,1168,24,3.57
Ranchi,Pulses,Loamy,6.2,High,High,High,986,26,1.46
Ranchi,Wheat,Loamy,7.28,Low,High,High,920,23,2.5
Ranchi,Pulses,Sandy Loam,6.34,Medium,Medium,Low,918,25,1.08
Ranchi,Wheat,Loamy,6.0,High,High,Medium,1193,19,2.07
Ranchi,Maize,Loamy,7.1,High,Low,Medium,1017,29,2.23
Ranchi,Maize,Loamy,6.78,Low,Low,High,1168,25,3.51
Ranchi,Rice,Clayey,6.45,High,Low,High,1298,23,4.4
Ranchi,Rice,Clayey,6.22,Low,Low,High,1231,32,4.25
Ranchi,Wheat,Loamy,6.16,Low,Low,Low,1327,22,2.97
Ranchi,Maize,Sandy Loam,6.76,Medium,Low,Low,1017,25,3.37
Ranchi,Rice,Clay Loam,6.0,Low,Low,Low,1233,31,3.37
Ranchi,Wheat,Clay Loam,7.03,High,High,Low,1028,18,2.21
Ranchi,Wheat,Clay Loam,7.01,Medium,High,High,1228,21,2.67
Ranchi,Rice,Clay Loam,6.8,Medium,High,High,1317,30,3.75
Ranchi,Pulses,Sandy Loam,6.44,Medium,Medium,Medium,1061,25,1.11
Ranchi,Wheat,Loamy,7.08,High,Low,Low,1214,23,2.48
Ranchi,Rice,Loamy,6.71,Medium,Low,Low,1327,32,4.18
Ranchi,Maize,Sandy Loam,6.99,Low,Low,Medium,1098,27,3.43
Ranchi,Pulses,Sandy Loam,6.29,Low,Low,High,894,26,1.28
Ranchi,Pulses,Sandy Loam,6.09,High,Low,Low,998,24,1.4
Ranchi,Maize,Sandy Loam,6.84,Medium,Medium,Medium,1030,19,2.57
Ranchi,Rice,Clayey,6.51,Low,High,High,1406,28,4.43
Ranchi,Rice,Loamy,5.8,Low,Medium,Medium,1508,22,3.15
Ranchi,Maize,Sandy Loam,5.91,Low,Low,Medium,1086,21,3.23
Ranchi,Wheat,Loamy,6.24,High,Low,High,1172,21,2.63
Ranchi,Maize,Sandy Loam,6.62,Medium,High,High,1114,28,3.49
Ranchi,Wheat,Loamy,7.47,High,Medium,Low,916,20,2.84
Ranchi,Wheat,Loamy,6.05,Medium,Low,High,1343,20,2.03
Ranchi,Pulses,Sandy Loam,6.92,Low,High,High,928,19,1.01
Ranchi,Wheat,Loamy,6.21,High,Low,Medium,1323,20,2.14
Ranchi,Maize,Loamy,6.21,Low,Medium,Low,943,21,2.49
Ranchi,Rice,Clayey,6.19,Low,High,Medium,1377,30,3.63
Ranchi,Rice,Clayey,5.7,Low,Low,Low,1466,23,2.52
Ranchi,Wheat,Loamy,7.44,Medium,High,High,1165,19,2.08
Ranchi,Maize,Sandy Loam,6.16,Low,Low,High,1034,19,3.09
Ranchi,Rice,Loamy,6.35,High,Low,High,1508,27,3.9
Ranchi,Rice,Clayey,6.05,Low,Medium,High,1585,23,4.31
Ranchi,Wheat,Loamy,7.0,Medium,Medium,Medium,1000,22,2.11
Ranchi,Maize,Loamy,7.24,Medium,High,Low,1192,25,2.9
Ranchi,Maize,Loamy,6.06,Low,High,Medium,900,27,3.98
Ranchi,Rice,Clayey,5.66,Low,Medium,Low,1470,28,2.86
Ranchi,Wheat,Clay Loam,7.0,Medium,Low,Low,954,22,3.31
Ranchi,Wheat,Loamy,6.71,High,High,Medium,1384,24,2.04
Ranchi,Rice,Clay Loam,6.86,Medium,High,Low,1343,26,4.21
Ranchi,Wheat,Loamy,6.53,Low,High,Medium,1393,18,2.06
Ranchi,Rice,Loamy,5.82,Low,High,Low,1215,27,3.91
Ranchi,Rice,Loamy,5.72,Medium,Low,Medium,1268,26,3.86
Ranchi,Pulses,Sandy Loam,7.23,High,High,Low,861,23,1.42
Ranchi,Pulses,Loamy,7.41,Low,Medium,High,962,27,1.23
Ranchi,Pulses,Loamy,7.23,Medium,High,Medium,915,23,1.17
Ranchi,Pulses,Loamy,6.18,High,High,High,841,21,1.83
Ranchi,Maize,Loamy,6.73,Medium,High,Low,972,18,3.96
Ranchi,Wheat,Clay Loam,7.27,High,Medium,Low,1272,22,2.61
Ranchi,Pulses,Sandy Loam,6.07,High,Medium,Medium,976,20,1.21
Ranchi,Wheat,Clay Loam,6.33,High,High,High,1256,18,2.08
Ranchi,Rice,Clayey,6.47,Low,High,Low,1484,29,4.39
Ranchi,Maize,Loamy,6.83,Medium,Low,High,1190,19,3.9
Ranchi,Maize,Loamy,5.94,Medium,Medium,High,1082,27,3.28
Ranchi,Wheat,Loamy,6.29,High,High,Medium,1082,21,3.23
Ranchi,Pulses,Loamy,6.87,Low,Low,Low,1095,23,1.62
Ranchi,Rice,Loamy,5.69,Low,Low,Medium,1512,22,3.13
Ranchi,Pulses,Loamy,7.45,Medium,High,High,814,25,1.4
Ranchi,Maize,Loamy,7.2,Low,Medium,Medium,1141,24,3.39
Ranchi,Pulses,Sandy Loam,7.14,Low,Medium,Low,895,27,1.92
Ranchi,Pulses,Loamy,6.47,Low,High,High,1046,20,1.92
Ranchi,Rice,Clayey,5.86,Low,Low,High,1442,26,4.43
Ranchi,Wheat,Clay Loam,6.46,Low,Medium,Low,1189,25,2.41
Ranchi,Rice,Clay Loam,5.92,High,Low,Medium,1383,30,3.51
Ranchi,Maize,Sandy Loam,6.77,Medium,High,Low,922,25,2.29
Ranchi,Maize,Sandy Loam,6.11,High,Medium,Low,1185,24,2.33
Ranchi,Pulses,Sandy Loam,6.77,High,Low,Low,835,21,1.21
Ranchi,Rice,Clayey,5.53,Low,Low,High,1224,25,4.12
Ranchi,Pulses,Sandy Loam,7.3,Medium,High,Medium,1096,19,1.78
Ranchi,Rice,Clayey,5.82,High,Medium,Low,1398,28,4.15
Ranchi,Wheat,Loamy,7.13,High,High,High,1126,25,1.71
Ranchi,Rice,Clay Loam,6.43,Medium,High,Low,1488,27,2.59
Ranchi,Wheat,Clay Loam,7.03,High,Medium,High,1149,25,2.97
Ranchi,Wheat,Clay Loam,6.06,Low,High,Low,1273,19,2.54
Ranchi,Maize,Loamy,7.41,Medium,Medium,High,933,20,2.88
Ranchi,Wheat,Loamy,6.58,Low,Medium,High,1294,24,3.25
Ranchi,Pulses,Sandy Loam,6.65,High,Medium,High,858,22,1.17
Ranchi,Pulses,Loamy,6.08,High,High,High,1029,24,1.21
Ranchi,Pulses,Loamy,6.18,High,Medium,High,1027,24,1.41
Ranchi,Wheat,Clay Loam,6.5,High,High,Low,1189,18,3.38
Ranchi,Rice,Loamy,6.91,High,Medium,Medium,1319,26,3.72
Ranchi,Pulses,Sandy Loam,6.11,High,Medium,Medium,803,21,1.86
Ranchi,Maize,Sandy Loam,5.96,Medium,Medium,High,1171,30,3.71
Ranchi,Pulses,Loamy,6.58,Medium,High,High,832,22,1.02
Ranchi,Pulses,Loamy,6.66,Medium,Low,Low,967,23,1.95
Ranchi,Wheat,Clay Loam,6.96,Low,Medium,Low,1281,20,2.12
Ranchi,Maize,Loamy,6.27,High,Low,Medium,1007,29,2.3
Ranchi,Pulses,Sandy Loam,7.44,High,High,Medium,936,26,1.29
Ranchi,Pulses,Loamy,6.21,Low,High,Low,1073,19,1.83
Ranchi,Pulses,Sandy Loam,6.75,Medium,Medium,Medium,940,25,1.34
Ranchi,Pulses,Loamy,7.05,Medium,High,Medium,1067,20,1.91
Ranchi,Pulses,Sandy Loam,7.09,Medium,Low,Medium,876,22,1.94
Ranchi,Rice,Loamy,6.85,High,High,High,1529,27,4.0
Ranchi,Pulses,Sandy Loam,6.42,Medium,High,Medium,906,19,1.62
Ranchi,Maize,Loamy,7.43,Medium,High,Low,1067,26,2.99
Ranchi,Wheat,Clay Loam,6.64,Low,Low,High,1249,24,2.32
Ranchi,Pulses,Loamy,6.67,High,High,High,1052,19,1.7
Ranchi,Wheat,Loamy,7.39,Medium,High,Medium,1357,19,2.24
Ranchi,Wheat,Loamy,7.06,Medium,Medium,High,1033,18,3.01
Ranchi,Maize,Sandy Loam,7.45,Low,Medium,High,1170,27,3.54
Ranchi,Wheat,Loamy,6.79,High,Medium,Medium,977,21,2.11
Ranchi,Maize,Sandy Loam,6.94,Low,High,Low,1197,21,2.85
Ranchi,Wheat,Loamy,6.46,High,Low,Medium,1335,22,2.24
Ranchi,Pulses,Loamy,6.37,Low,Medium,Low,1085,19,1.01
Ranchi,Pulses,Loamy,6.47,Medium,Low,Medium,1086,24,1.06
Ranchi,Maize,Loamy,6.51,Low,Low,High,1005,28,3.39
Ranchi,Pulses,Loamy,6.55,High,Low,High,966,20,1.11
Ranchi,Pulses,Sandy Loam,7.07,Low,High,Low,808,27,1.14
Ranchi,Rice,Clayey,6.69,Medium,High,Low,1402,25,3.83
Ranchi,Rice,Loamy,5.61,Medium,Low,High,1247,27,2.58
Ranchi,Maize,Loamy,7.02,High,Low,Low,1189,26,2.21
Ranchi,Maize,Sandy Loam,6.48,Medium,Low,Low,1103,25,2.26
Ranchi,Maize,Loamy,5.92,Medium,High,High,1159,21,2.57
Ranchi,Maize,Loamy,6.18,Low,Medium,Low,1077,22,3.71
Ranchi,Rice,Clay Loam,6.39,Low,Low,Low,1415,29,4.42
Ranchi,Pulses,Loamy,7.01,High,High,Medium,930,28,1.65
Ranchi,Maize,Loamy,5.81,Medium,High,High,904,30,3.12
Ranchi,Wheat,Loamy,6.76,Medium,Low,High,1117,23,2.68
Ranchi,Rice,Clay Loam,6.64,High,High,Low,1544,26,2.75
Ranchi,Pulses,Sandy Loam,6.18,High,Medium,Medium,943,18,1.19
Ranchi,Wheat,Loamy,7.33,Medium,High,High,973,21,3.13
Ranchi,Pulses,Loamy,6.87,Low,High,High,1077,20,1.02
Ranchi,Maize,Sandy Loam,6.01,Low,High,Low,968,26,3.51
Ranchi,Pulses,Loamy,6.51,Low,Low,Low,1029,23,1.98
Ranchi,Wheat,Loamy,6.81,High,High,High,1138,20,1.8
Ranchi,Wheat,Loamy,6.09,Low,Low,Low,1177,22,2.77
Ranchi,Rice,Loamy,5.99,High,Low,Medium,1499,27,4.22
Ranchi,Rice,Loamy,5.79,Medium,High,Medium,1334,26,2.56
Ranchi,Rice,Loamy,6.17,Low,High,Medium,1217,30,3.6
Ranchi,Wheat,Loamy,6.11,High,Medium,High,1038,20,2.4
Ranchi,Wheat,Clay Loam,7.06,Low,Medium,Medium,1006,21,3.17
Ranchi,Rice,Clayey,6.97,Medium,Medium,High,1224,32,4.32
Ranchi,Pulses,Sandy Loam,6.96,Medium,High,High,854,24,1.86
Ranchi,Wheat,Loamy,7.03,High,Low,High,1110,18,3.29
Ranchi,Maize,Loamy,6.91,Low,High,High,1061,22,3.61
Ranchi,Wheat,Clay Loam,7.07,Medium,Medium,High,936,21,2.58
Ranchi,Rice,Clay Loam,6.02,Low,Low,Low,1537,25,2.65
Ranchi,Maize,Loamy,7.44,Medium,High,Low,946,23,2.33
Ranchi,Maize,Sandy Loam,7.28,Low,High,High,991,27,3.83
Ranchi,Rice,Clay Loam,5.67,Medium,Low,Medium,1201,22,3.56
Ranchi,Maize,Loamy,7.39,High,Medium,Medium,1176,21,2.71
Ranchi,Rice,Clay Loam,5.66,Low,High,Medium,1275,25,2.84
Ranchi,Wheat,Clay Loam,6.98,Medium,Low,High,1290,22,2.92
Ranchi,Maize,Loamy,7.3,High,Low,Low,1102,27,3.0
Ranchi,Maize,Loamy,6.23,Low,Low,Medium,1178,27,3.81
Ranchi,Pulses,Loamy,6.86,Low,High,High,1047,28,1.04
Ranchi,Rice,Clay Loam,6.22,Low,Medium,High,1360,30,3.45
Ranchi,Pulses,Loamy,6.76,Low,High,Medium,965,28,1.38
Ranchi,Pulses,Loamy,6.12,Medium,Medium,High,844,27,1.6
Ranchi,Wheat,Clay Loam,6.36,Low,Low,Medium,1090,22,3.18
Ranchi,Maize,Sandy Loam,7.49,Medium,Low,Medium,1027,18,3.63
Ranchi,Rice,Loamy,6.87,Medium,High,Medium,1415,24,4.3
Ranchi,Wheat,Loamy,6.16,High,Low,Medium,1169,18,1.82
Ranchi,Rice,Clay Loam,6.88,Low,Medium,Medium,1496,26,2.97
Ranchi,Maize,Loamy,7.41,Medium,Medium,Medium,1006,27,2.39
Ranchi,Pulses,Sandy Loam,6.32,Low,High,Low,983,21,1.18
Ranchi,Rice,Loamy,6.63,Low,Medium,Medium,1307,25,4.07
Ranchi,Wheat,Loamy,6.9,Medium,Low,Medium,1231,25,3.09
Ranchi,Maize,Loamy,6.35,Low,High,Medium,1101,24,2.58
Ranchi,Wheat,Loamy,7.02,Medium,High,High,1248,25,2.43
Ranchi,Wheat,Loamy,6.84,Medium,High,Medium,974,19,1.85
Ranchi,Rice,Loamy,5.74,Medium,Low,Low,1329,29,3.97
Ranchi,Wheat,Loamy,6.42,Low,Low,Low,959,22,2.22
Ranchi,Pulses,Loamy,6.15,Medium,High,High,819,25,1.16
Ranchi,Maize,Loamy,7.16,Low,Low,High,910,30,3.03
Ranchi,Pulses,Sandy Loam,6.81,High,Low,High,843,25,1.55
Ranchi,Pulses,Sandy Loam,6.83,Low,Medium,High,1036,20,1.27
Ranchi,Pulses,Sandy Loam,6.66,High,Medium,Medium,807,23,1.53
Ranchi,Pulses,Loamy,7.34,Medium,High,Low,861,27,1.44
Ranchi,Wheat,Clay Loam,6.5,Medium,Medium,Low,1124,24,2.1
Ranchi,Rice,Clay Loam,6.23,Low,High,Low,1293,26,3.49
Ranchi,Wheat,Loamy,6.19,Medium,Low,Low,1193,23,2.17
Ranchi,Rice,Clayey,6.14,Medium,Medium,Low,1399,25,3.47
Ranchi,Rice,Clayey,6.34,Low,High,Low,1340,26,4.36
Ranchi,Maize,Loamy,7.06,Medium,Medium,Medium,1025,21,3.52
Ranchi,Rice,Loamy,5.76,Medium,Medium,High,1458,28,3.02
Ranchi,Pulses,Loamy,6.12,Medium,Low,Low,940,19,1.27
Ranchi,Pulses,Loamy,6.55,Low,Low,Medium,881,24,1.36
Ranchi,Maize,Loamy,6.3,High,High,Low,983,25,3.85
Ranchi,Wheat,Clay Loam,6.76,Low,Low,Medium,1297,25,3.13
Ranchi,Pulses,Sandy Loam,7.03,Medium,High,High,920,24,1.84
Ranchi,Pulses,Sandy Loam,6.73,Low,Medium,Low,838,21,1.76
Ranchi,Wheat,Clay Loam,7.12,Low,High,Medium,1134,18,1.97
Ranchi,Wheat,Loamy,7.02,Low,Low,Low,1303,20,1.81
Ranchi,Rice,Clayey,6.67,High,Medium,High,1571,26,3.9
Ranchi,Rice,Clayey,6.42,Medium,High,High,1554,28,3.57
Ranchi,Rice,Loamy,6.98,Low,High,Low,1365,29,4.06
Ranchi,Pulses,Sandy Loam,6.32,High,High,Medium,885,28,1.96
Ranchi,Pulses,Sandy Loam,6.53,High,Medium,High,926,18,1.0
Ranchi,Wheat,Loamy,6.73,Low,Low,High,1144,23,2.33
Ranchi,Pulses,Loamy,6.99,Medium,Low,Medium,1016,19,1.35
Ranchi,Wheat,Loamy,6.42,High,High,High,1011,19,2.07
Ranchi,Pulses,Loamy,6.8,High,High,Low,883,26,1.66
Ranchi,Rice,Clay Loam,6.56,Medium,Low,Medium,1447,31,2.58
Ranchi,Rice,Loamy,5.64,Low,High,High,1587,26,2.8
Ranchi,Rice,Clay Loam,6.67,Low,Low,High,1470,29,4.09
Ranchi,Rice,Loamy,6.62,Low,Medium,Medium,1527,24,3.45
Ranchi,Wheat,Loamy,6.1,Medium,Medium,Medium,1322,18,3.11
Ranchi,Wheat,Clay Loam,7.46,Low,Medium,Low,1311,22,1.76
Ranchi,Rice,Clayey,5.67,High,High,Low,1316,28,4.39
Ranchi,Wheat,Clay Loam,7.11,Low,High,Medium,1139,25,1.84
Ranchi,Maize,Loamy,6.06,Medium,Medium,High,1022,24,3.76
Ranchi,Maize,Sandy Loam,6.24,High,Medium,High,1021,26,2.41
Ranchi,Rice,Loamy,6.71,High,High,Medium,1469,22,4.02
Ranchi,Rice,Clay Loam,6.31,Medium,High,Medium,1372,26,4.17
Ranchi,Pulses,Loamy,6.57,High,Medium,Medium,866,26,1.05
Ranchi,Wheat,Clay Loam,6.41,Low,Low,Low,1221,25,2.2
Ranchi,Rice,Clay Loam,5.53,Low,High,High,1415,24,2.51
Ranchi,Wheat,Clay Loam,6.44,Medium,Low,Low,960,20,2.77
Ranchi,Maize,Sandy Loam,7.05,High,High,Low,970,28,2.31
Ranchi,Pulses,Sandy Loam,6.27,Low,Low,High,977,23,1.24
Ranchi,Maize,Loamy,6.41,Low,Low,High,987,25,3.97
Ranchi,Wheat,Loamy,6.63,Low,Low,Low,1154,24,1.77
Ranchi,Maize,Loamy,7.08,High,High,Low,1081,25,3.05
Ranchi,Maize,Sandy Loam,6.96,High,High,High,1032,25,3.09
Ranchi,Maize,Sandy Loam,7.49,Medium,Low,High,1073,30,3.04
Ranchi,Wheat,Clay Loam,6.74,Low,High,Low,1154,22,2.69
Ranchi,Maize,Sandy Loam,6.04,High,High,Medium,1111,18,2.31
Ranchi,Rice,Clay Loam,6.33,Medium,Low,High,1336,22,4.34
Ranchi,Maize,Loamy,5.84,High,Low,Medium,949,28,2.47
Ranchi,Wheat,Loamy,6.17,Low,High,High,1023,21,3.06
Ranchi,Wheat,Loamy,6.75,High,Low,Low,1308,25,2.37
Ranchi,Rice,Clay Loam,6.53,Medium,Medium,High,1529,27,4.06
Ranchi,Maize,Sandy Loam,6.04,Low,Low,Low,1048,27,3.11
Ranchi,Pulses,Sandy Loam,7.2,Low,Low,High,962,24,1.2
Ranchi,Pulses,Sandy Loam,6.51,Medium,Medium,Medium,949,24,1.97
Ranchi,Pulses,Loamy,6.27,Medium,Low,High,917,23,1.19
Ranchi,Wheat,Clay Loam,6.29,Medium,Medium,Medium,996,21,2.45
Ranchi,Maize,Loamy,6.87,Low,High,Medium,1187,28,2.17
Ranchi,Maize,Loamy,7.24,Low,Medium,High,948,28,3.15
Ranchi,Maize,Loamy,6.17,Low,High,Medium,1133,25,2.67
Ranchi,Pulses,Sandy Loam,6.39,Medium,High,High,819,19,1.83
Ranchi,Rice,Clayey,5.55,Medium,Low,Medium,1399,30,3.71
Ranchi,Rice,Clay Loam,6.29,High,Medium,Medium,1563,25,4.17
Ranchi,Rice,Clayey,6.28,Low,High,Medium,1387,26,3.16
Ranchi,Pulses,Sandy Loam,7.09,Low,Low,Low,1010,24,1.43
Ranchi,Rice,Loamy,6.85,Medium,Low,Medium,1296,30,4.23
Ranchi,Maize,Sandy Loam,7.19,High,Medium,High,1157,29,3.08
Ranchi,Pulses,Sandy Loam,6.0,High,Low,High,1013,26,1.88
Ranchi,Pulses,Sandy Loam,6.16,Medium,Medium,High,1002,22,1.69
Ranchi,Wheat,Loamy,6.72,High,High,Low,930,25,1.99
Ranchi,Rice,Clayey,6.14,High,Low,High,1430,29,3.42
Ranchi,Maize,Loamy,7.42,Medium,Medium,Low,1082,29,2.3
Ranchi,Rice,Clay Loam,6.71,High,High,Medium,1588,31,4.41
Ranchi,Wheat,Loamy,7.45,High,Low,High,1029,24,1.87
Ranchi,Pulses,Loamy,7.14,High,Low,High,1049,18,1.18
Ranchi,Rice,Loamy,5.51,Low,Medium,Medium,1495,31,4.17
Ranchi,Maize,Loamy,7.47,Medium,High,Low,1172,24,3.27
Ranchi,Rice,Clay Loam,6.41,Low,Medium,High,1520,26,3.06
Ranchi,Rice,Clayey,5.58,Medium,Medium,High,1522,27,2.91
Ranchi,Rice,Loamy,6.6,Medium,Low,High,1482,22,3.64
Ranchi,Wheat,Clay Loam,6.86,High,High,Low,1167,21,2.1
Ranchi,Rice,Clay Loam,6.9,Low,High,Low,1595,31,2.98
Ranchi,Pulses,Sandy Loam,7.28,Medium,Medium,Medium,962,26,1.9
Ranchi,Maize,Loamy,6.83,High,High,High,1050,21,3.31
Ranchi,Maize,Sandy Loam,6.3,High,Low,High,1195,21,3.7
Ranchi,Pulses,Loamy,6.27,High,High,High,819,26,1.93
Ranchi,Maize,Sandy Loam,6.82,Low,Medium,Low,1075,26,3.05
Ranchi,Rice,Clay Loam,5.55,High,Low,Medium,1380,32,4.29
Ranchi,Pulses,Loamy,7.45,High,High,Low,1065,18,1.37
Ranchi,Maize,Loamy,6.67,Low,Medium,Low,1086,20,2.69
Ranchi,Wheat,Loamy,7.25,Low,Low,High,1376,22,2.73
Ranchi,Pulses,Loamy,7.35,Low,Low,High,802,20,1.77
Ranchi,Maize,Sandy Loam,7.17,Medium,Medium,Medium,936,30,3.07
Ranchi,Maize,Sandy Loam,6.18,Low,Medium,Low,1157,22,3.75
Ranchi,Maize,Loamy,6.66,High,Low,Low,1020,20,3.73
Ranchi,Pulses,Loamy,6.54,Medium,Low,Low,840,24,1.28
Ranchi,Maize,Loamy,6.36,Low,Low,Low,1044,24,3.46
Ranchi,Pulses,Sandy Loam,7.46,Medium,Medium,Medium,903,22,1.51
Ranchi,Rice,Clay Loam,5.98,Low,Low,Medium,1262,23,3.48
Ranchi,Wheat,Loamy,6.63,High,Medium,High,1043,22,2.75
Ranchi,Maize,Sandy Loam,7.49,Medium,High,Medium,997,24,2.48
Ranchi,Maize,Loamy,7.14,Low,Medium,Medium,1155,28,2.42
Ranchi,Pulses,Loamy,6.56,High,High,High,878,22,1.8
Ranchi,Wheat,Clay Loam,6.47,High,Low,Low,1297,18,1.84
Ranchi,Pulses,Loamy,6.34,Medium,High,Medium,901,20,1.58
Ranchi,Pulses,Sandy Loam,7.1,Low,Medium,Medium,828,28,1.17
Ranchi,Maize,Sandy Loam,7.35,High,Medium,Medium,1049,18,3.22
Ranchi,Maize,Loamy,7.05,High,Medium,High,990,21,2.55
Ranchi,Pulses,Sandy Loam,7.22,High,Medium,Medium,893,18,1.05
Ranchi,Pulses,Loamy,6.43,Low,Medium,Medium,883,25,1.01
Ranchi,Pulses,Loamy,6.5,Medium,Low,High,903,18,1.36
Ranchi,Rice,Loamy,5.97,Medium,Low,Low,1456,27,2.66
Ranchi,Rice,Clayey,6.62,Low,Medium,Medium,1455,29,2.54
Ranchi,Pulses,Loamy,6.65,High,Medium,High,906,28,1.85
Ranchi,Wheat,Clay Loam,6.12,Low,Low,Medium,1318,21,2.11
Ranchi,Rice,Clayey,6.16,High,Medium,Low,1363,25,3.4
Ranchi,Maize,Sandy Loam,6.3,High,Low,Low,933,19,3.46
Ranchi,Maize,Sandy Loam,6.68,High,High,Medium,1100,19,3.6
Ranchi,Pulses,Sandy Loam,7.37,Low,High,High,1062,22,1.78
Ranchi,Maize,Loamy,7.21,Medium,High,Medium,931,22,2.96
Ranchi,Maize,Sandy Loam,7.5,Low,Medium,Low,1070,29,2.31
Ranchi,Maize,Loamy,7.46,High,High,Medium,915,24,2.57
Ranchi,Pulses,Sandy Loam,6.65,Medium,Low,Low,945,26,1.85
Ranchi,Pulses,Loamy,6.44,Medium,Medium,Medium,1090,26,1.99
Ranchi,Pulses,Sandy Loam,7.15,Medium,Medium,High,934,23,1.67
Ranchi,Wheat,Clay Loam,6.52,Medium,Medium,Low,1301,25,2.43
Ranchi,Rice,Clay Loam,5.79,Low,Low,Medium,1500,32,3.79
Ranchi,Maize,Loamy,7.02,Medium,Medium,Low,1182,21,3.07
Ranchi,Pulses,Loamy,7.38,Medium,Medium,Low,1026,21,1.09
Ranchi,Pulses,Loamy,7.29,Low,High,Medium,1046,26,1.88
Ranchi,Maize,Loamy,6.61,Medium,Medium,Medium,1081,26,3.97
Ranchi,Wheat,Clay Loam,7.34,Medium,High,Low,1068,18,2.97
Ranchi,Wheat,Clay Loam,6.98,Medium,Medium,Low,1105,21,1.79
Ranchi,Wheat,Loamy,6.21,High,High,Low,1269,18,2.59
Ranchi,Maize,Loamy,7.26,Low,Low,Medium,969,19,2.38
Ranchi,Pulses,Sandy Loam,7.03,Medium,Low,High,1051,21,1.88
Ranchi,Pulses,Sandy Loam,7.15,Low,Medium,Low,842,28,1.85
Ranchi,Wheat,Clay Loam,6.93,High,Low,Medium,1284,25,2.09
Ranchi,Wheat,Loamy,6.26,High,High,Medium,1348,24,2.97
Ranchi,Rice,Loamy,6.11,Low,High,Medium,1252,30,2.72
Ranchi,Pulses,Loamy,7.3,Low,High,Low,859,22,1.5
Ranchi,Pulses,Loamy,6.95,Low,High,Medium,1024,20,1.55
Ranchi,Rice,Clay Loam,5.5,Low,Low,High,1558,28,2.81
Ranchi,Maize,Sandy Loam,7.23,Medium,Low,Medium,904,28,3.96
Ranchi,Rice,Clay Loam,6.74,High,Low,Medium,1366,31,4.16
Ranchi,Wheat,Clay Loam,7.13,Low,Medium,High,1009,24,2.11
Ranchi,Maize,Sandy Loam,7.16,High,Medium,Medium,1101,19,3.91
Ranchi,Pulses,Loamy,6.15,Low,Low,Medium,973,28,1.46
Ranchi,Pulses,Sandy Loam,6.03,Medium,High,High,852,23,1.19
Ranchi,Pulses,Loamy,6.64,High,Low,Medium,803,23,1.31
Ranchi,Wheat,Loamy,6.94,Low,Low,High,986,22,1.84
Ranchi,Wheat,Loamy,7.15,Medium,High,Low,1340,18,2.97
Ranchi,Maize,Sandy Loam,6.28,Low,High,Medium,1171,21,3.84
Ranchi,Pulses,Loamy,6.35,High,Medium,Medium,988,24,1.77
Ranchi,Maize,Sandy Loam,6.07,Low,High,High,1090,28,3.4
Ranchi,Pulses,Loamy,6.06,High,Low,Low,801,21,1.77
Ranchi,Rice,Loamy,6.8,Low,High,Medium,1286,31,4.02
Ranchi,Maize,Sandy Loam,6.44,Low,Medium,Low,1057,24,3.01
Ranchi,Pulses,Sandy Loam,6.23,Medium,Medium,Low,1096,27,1.7
Ranchi,Maize,Loamy,6.72,Medium,Low,High,1076,26,2.6
Ranchi,Pulses,Sandy Loam,7.41,Medium,High,Low,898,25,1.28
Ranchi,Maize,Sandy Loam,7.35,Low,Low,Low,948,22,2.41
Ranchi,Maize,Loamy,6.88,Medium,Low,Medium,1025,21,2.19
Ranchi,Maize,Loamy,7.2,Medium,Low,Low,1099,26,2.65
Ranchi,Wheat,Clay Loam,6.83,Medium,Low,Low,1229,24,2.66
Ranchi,Rice,Clayey,5.55,Medium,Medium,Low,1306,28,3.73
Ranchi,Pulses,Loamy,6.74,Medium,Medium,Low,1026,27,1.82
Ranchi,Wheat,Clay Loam,7.25,Medium,High,High,1179,18,3.12
Ranchi,Maize,Sandy Loam,6.3,Low,Medium,Low,1064,22,2.22
Ranchi,Pulses,Loamy,6.47,High,Low,High,1003,18,1.15
Ranchi,Rice,Clay Loam,6.52,High,Low,Low,1554,29,2.65
Ranchi,Maize,Loamy,6.06,Medium,Medium,Medium,1087,24,2.9
Ranchi,Rice,Clayey,5.81,High,High,Low,1216,25,3.29
Ranchi,Rice,Clayey,6.38,Low,High,High,1448,26,2.53
Ranchi,Pulses,Loamy,6.24,Low,High,High,997,26,1.95
Ranchi,Wheat,Clay Loam,6.98,High,Low,Low,926,25,2.0
Ranchi,Wheat,Loamy,6.6,High,High,Low,1345,23,2.73
Ranchi,Rice,Loamy,6.12,Low,Low,Low,1513,29,4.05
Ranchi,Wheat,Clay Loam,6.92,Medium,Low,High,1070,21,1.9
Ranchi,Rice,Clayey,6.67,Medium,Medium,Low,1485,25,4.01
Ranchi,Wheat,Clay Loam,7.24,Low,Medium,Medium,1035,25,2.24
Ranchi,Pulses,Sandy Loam,6.32,High,High,High,944,20,1.98
Ranchi,Rice,Clayey,6.7,High,Medium,Medium,1418,25,3.45
Ranchi,Wheat,Clay Loam,7.22,Low,High,Medium,1223,25,1.9
Ranchi,Pulses,Sandy Loam,7.42,Low,Low,High,836,23,1.06
Ranchi,Pulses,Sandy Loam,6.28,Low,High,Low,800,22,1.39
Ranchi,Wheat,Clay Loam,7.0,High,High,Medium,1399,23,2.72
Ranchi,Wheat,Loamy,6.29,Medium,High,Low,1005,18,2.25
Ranchi,Rice,Clay Loam,6.71,Low,Medium,Medium,1532,28,3.89
Ranchi,Maize,Sandy Loam,7.0,Low,High,High,1054,21,3.81
Ranchi,Wheat,Loamy,6.63,Low,High,Medium,1321,23,3.35
Ranchi,Rice,Clay Loam,6.04,Low,Low,Medium,1272,22,2.99
Ranchi,Pulses,Loamy,6.56,Medium,High,Low,946,21,1.38
Ranchi,Wheat,Loamy,6.88,Medium,Medium,High,1395,22,2.0
Ranchi,Maize,Sandy Loam,6.43,High,High,Medium,1021,26,2.2
Ranchi,Rice,Clay Loam,5.58,Low,Medium,Low,1500,30,2.89
Ranchi,Pulses,Sandy Loam,6.95,Low,High,Low,1029,18,1.24
Ranchi,Rice,Clayey,6.79,Medium,Medium,Low,1522,29,2.87
Ranchi,Pulses,Loamy,6.58,Low,Medium,High,917,24,1.0
Ranchi,Pulses,Sandy Loam,6.34,Medium,Low,Medium,885,26,1.97
Ranchi,Wheat,Clay Loam,7.33,Medium,Medium,Medium,1244,23,2.04
Ranchi,Wheat,Loamy,6.24,Low,Low,High,1250,20,2.1
Ranchi,Wheat,Clay Loam,6.91,High,Low,Medium,1281,24,2.2
Ranchi,Pulses,Loamy,6.35,High,Medium,Low,866,28,1.59
Ranchi,Pulses,Loamy,6.22,Low,Low,Medium,983,27,1.39
Ranchi,Wheat,Clay Loam,6.54,High,Low,Low,1110,19,3.36
Ranchi,Rice,Clayey,6.98,High,High,Medium,1526,28,4.48
Ranchi,Wheat,Clay Loam,6.45,Medium,Low,Medium,1036,23,1.88
Ranchi,Maize,Loamy,7.11,Medium,High,Low,930,21,3.31
Ranchi,Pulses,Sandy Loam,6.16,Medium,High,High,846,25,1.17
Ranchi,Pulses,Sandy Loam,7.44,Low,High,Medium,832,27,1.84
Ranchi,Pulses,Sandy Loam,6.81,Low,Medium,Low,1033,28,1.26
Ranchi,Wheat,Clay Loam,6.48,Medium,Low,Medium,1196,19,2.05
Ranchi,Rice,Clay Loam,6.11,Medium,Low,High,1530,28,4.07
Ranchi,Pulses,Sandy Loam,7.2,Low,Low,Medium,811,18,1.27
Ranchi,Pulses,Loamy,6.67,Medium,Medium,High,805,21,1.97
Ranchi,Rice,Loamy,6.86,Medium,Medium,Medium,1464,31,3.95
Ranchi,Wheat,Clay Loam,6.33,Low,High,High,954,19,2.15
Ranchi,Rice,Clay Loam,5.53,Medium,Medium,High,1329,26,4.43
Ranchi,Pulses,Loamy,6.23,Medium,Medium,Medium,824,19,1.03
Ranchi,Pulses,Loamy,6.11,Low,High,High,1089,18,1.34
Ranchi,Wheat,Clay Loam,7.22,Low,High,Medium,1155,18,2.97
Ranchi,Maize,Loamy,7.23,Low,Low,High,1092,25,2.84
Ranchi,Pulses,Sandy Loam,7.41,Low,High,High,865,21,1.39
Ranchi,Wheat,Loamy,6.71,Low,High,Medium,1374,18,2.68
Ranchi,Pulses,Sandy Loam,7.36,High,High,Medium,837,20,1.04
Ranchi,Wheat,Clay Loam,6.48,High,Medium,Medium,1234,21,2.55
Ranchi,Rice,Loamy,6.39,High,Medium,Medium,1564,26,4.04
Ranchi,Rice,Clayey,6.57,Low,Medium,High,1223,29,3.7
Ranchi,Rice,Clayey,6.19,Low,High,High,1321,22,2.86
Ranchi,Wheat,Clay Loam,7.04,High,High,Low,1379,19,2.73
Ranchi,Pulses,Loamy,7.22,Low,Medium,Medium,1071,19,1.89
Ranchi,Wheat,Clay Loam,6.06,High,High,Medium,1086,21,2.82
Ranchi,Wheat,Loamy,6.28,High,Low,Medium,1248,23,2.88
Ranchi,Maize,Sandy Loam,5.89,Low,Low,High,911,28,2.35
Ranchi,Wheat,Clay Loam,6.75,Medium,High,Low,1370,19,2.78
Ranchi,Wheat,Loamy,7.19,Medium,Low,Low,1055,22,3.12
Ranchi,Rice,Clay Loam,6.63,Low,High,Medium,1552,26,3.16
Ranchi,Rice,Clay Loam,6.19,High,Medium,Medium,1446,22,3.88
Ranchi,Rice,Clay Loam,6.92,Medium,Medium,High,1216,23,2.62
Ranchi,Pulses,Sandy Loam,6.93,Low,Low,Medium,1067,18,1.61
Ranchi,Maize,Sandy Loam,6.46,Medium,Medium,Medium,980,18,2.65
Ranchi,Pulses,Sandy Loam,7.47,High,High,Medium,1085,19,1.12
Ranchi,Pulses,Loamy,6.76,High,Low,Low,907,25,1.49
Ranchi,Wheat,Clay Loam,6.07,Low,Low,High,1187,25,2.85
Ranchi,Pulses,Loamy,7.29,Low,Medium,Medium,1021,28,1.97
Ranchi,Pulses,Loamy,7.09,Low,High,Low,1048,25,1.7
Ranchi,Pulses,Loamy,6.49,Low,Low,Medium,922,24,1.88
Ranchi,Wheat,Clay Loam,7.29,High,High,Low,1312,24,2.62
Ranchi,Maize,Sandy Loam,7.08,Low,High,Low,988,26,2.7
Ranchi,Maize,Loamy,7.47,Medium,Medium,High,1124,26,2.87
Ranchi,Rice,Clayey,6.01,High,Low,Medium,1226,28,4.14
Ranchi,Rice,Clay Loam,5.67,Low,High,High,1445,30,3.19
Ranchi,Rice,Loamy,5.9,Low,High,Medium,1503,25,3.4
Ranchi,Wheat,Clay Loam,7.44,High,Low,Low,1331,19,3.3
Ranchi,Wheat,Clay Loam,6.88,Low,High,Medium,1371,19,1.81
Ranchi,Rice,Clay Loam,5.59,Low,Medium,High,1427,31,4.38
Ranchi,Pulses,Sandy Loam,6.83,High,Low,High,878,22,1.24
Ranchi,Maize,Loamy,5.98,High,Low,Low,938,23,3.85
Ranchi,Rice,Clay Loam,6.62,High,Medium,High,1537,28,3.43
Ranchi,Pulses,Sandy Loam,7.13,Low,Low,Low,1040,24,2.0
Ranchi,Wheat,Clay Loam,6.02,Medium,Medium,Medium,903,25,2.38
Ranchi,Pulses,Sandy Loam,6.07,Low,Low,Medium,974,21,1.3
Ranchi,Maize,Sandy Loam,6.32,Low,Medium,Medium,1061,25,2.67
Ranchi,Pulses,Loamy,6.92,Medium,Medium,High,803,19,1.15
Ranchi,Rice,Clayey,6.05,Medium,High,High,1525,28,4.17
Ranchi,Pulses,Sandy Loam,7.18,Medium,Medium,Low,830,22,1.45
Ranchi,Wheat,Clay Loam,6.4,Medium,Low,Medium,1036,18,2.28
Ranchi,Wheat,Clay Loam,6.79,Low,Low,Low,1391,20,2.95
Ranchi,Pulses,Sandy Loam,6.93,High,Low,High,976,25,1.51
Ranchi,Wheat,Loamy,6.5,Low,Low,Low,1031,18,2.57
Ranchi,Pulses,Loamy,6.75,Low,Medium,Low,892,18,1.24
Ranchi,Wheat,Clay Loam,6.6,High,Medium,High,994,20,2.29
Ranchi,Maize,Sandy Loam,6.16,Low,Low,Medium,1121,23,3.19
Ranchi,Rice,Clay Loam,5.93,Low,Medium,High,1235,23,2.59
Ranchi,Rice,Clay Loam,6.61,Low,Low,Medium,1554,31,4.44
Ranchi,Pulses,Sandy Loam,7.05,High,Medium,High,829,28,1.04
Ranchi,Wheat,Clay Loam,6.12,Low,Medium,Medium,1381,19,2.81
Ranchi,Rice,Loamy,6.79,High,High,Low,1283,32,3.16
Ranchi,Pulses,Loamy,7.43,Medium,High,Low,975,26,1.98
Ranchi,Wheat,Loamy,7.13,Low,Medium,Medium,1193,19,2.4
Ranchi,Pulses,Sandy Loam,7.37,Low,Medium,High,867,24,1.96
Ranchi,Rice,Loamy,5.74,High,High,Medium,1260,26,3.71
Ranchi,Maize,Sandy Loam,6.24,Medium,Medium,Low,1153,27,2.01
Ranchi,Rice,Clayey,6.05,High,High,Medium,1424,29,2.55
Ranchi,Wheat,Clay Loam,7.36,Medium,Low,High,1155,19,2.84
Ranchi,Maize,Sandy Loam,6.73,Medium,Medium,Low,943,27,3.47
Ranchi,Maize,Loamy,7.47,Low,Medium,Medium,1159,18,3.03
Ranchi,Wheat,Loamy,7.23,High,Low,Low,1013,20,2.59
Ranchi,Wheat,Clay Loam,6.54,Medium,High,High,985,23,2.9
Ranchi,Wheat,Loamy,6.79,Medium,Medium,Low,1212,18,2.84
Ranchi,Maize,Loamy,6.01,Medium,Low,High,1163,26,3.12
Ranchi,Wheat,Clay Loam,6.37,High,Low,Medium,922,25,2.87
Ranchi,Rice,Clay Loam,6.08,High,High,Low,1405,31,3.56
Ranchi,Pulses,Sandy Loam,7.47,Medium,Low,Low,970,19,1.75
Ranchi,Rice,Loamy,6.81,Low,Low,Low,1308,23,3.57
Ranchi,Wheat,Loamy,7.18,Low,Medium,High,1334,19,2.74
Ranchi,Maize,Loamy,6.41,Medium,Medium,High,1051,19,3.15
Ranchi,Pulses,Sandy Loam,7.37,Low,High,High,857,20,1.3
Ranchi,Pulses,Loamy,6.72,High,Low,Low,925,27,1.85
Ranchi,Maize,Sandy Loam,6.89,Low,Low,High,924,21,3.58
Ranchi,Pulses,Sandy Loam,6.39,Medium,Low,High,912,25,1.4
Ranchi,Maize,Sandy Loam,5.97,Medium,Low,High,930,21,3.43
Ranchi,Wheat,Loamy,6.35,Low,Low,Medium,1268,22,2.42
Ranchi,Maize,Loamy,6.93,Medium,Medium,Low,973,20,3.68
Ranchi,Maize,Sandy Loam,6.74,Medium,High,High,1146,24,3.01
Ranchi,Rice,Loamy,6.63,High,Medium,Low,1492,23,3.29
Ranchi,Pulses,Loamy,7.32,Medium,Low,Medium,945,19,1.54
Ranchi,Rice,Clay Loam,6.39,High,Medium,Low,1532,25,3.25
Ranchi,Rice,Loamy,6.54,Low,Low,High,1276,26,3.33
Ranchi,Rice,Clayey,6.69,Medium,High,Low,1265,28,2.69
Ranchi,Rice,Clayey,6.72,Low,High,Medium,1416,25,2.61
Ranchi,Rice,Loamy,6.73,Low,Medium,High,1389,24,2.93
Ranchi,Maize,Sandy Loam,6.9,Low,Medium,High,1156,25,3.05
Ranchi,Pulses,Loamy,6.48,Low,Low,Medium,996,21,1.39
Ranchi,Wheat,Clay Loam,6.8,Medium,Medium,Medium,1095,21,1.98
Ranchi,Pulses,Sandy Loam,7.35,Medium,Low,Low,915,25,1.45
Ranchi,Pulses,Sandy Loam,6.57,Low,Low,Low,1055,21,1.92
Ranchi,Pulses,Loamy,7.24,Medium,Low,Low,927,23,1.1
Ranchi,Rice,Clay Loam,5.6,High,High,Medium,1243,26,2.56
Ranchi,Maize,Loamy,7.29,High,Medium,Low,1057,25,2.61
Ranchi,Rice,Clayey,5.84,Medium,Low,Low,1330,30,2.55
Ranchi,Maize,Sandy Loam,6.79,High,High,Low,1003,28,3.36
Ranchi,Rice,Clay Loam,6.68,Medium,Low,Medium,1581,23,3.02
Ranchi,Rice,Loamy,5.94,High,Low,Medium,1315,23,3.93
Ranchi,Rice,Clayey,5.63,High,Medium,Low,1376,22,3.84
Ranchi,Wheat,Loamy,7.07,High,High,High,928,24,2.63
Ranchi,Wheat,Clay Loam,7.06,Medium,Low,Low,1148,19,2.29
Ranchi,Pulses,Loamy,7.15,High,Low,High,1096,18,1.1
Ranchi,Rice,Clayey,6.4,Medium,High,Low,1507,27,4.2
Ranchi,Rice,Clayey,6.36,High,Low,High,1236,23,4.18
Ranchi,Wheat,Loamy,6.63,Medium,Low,High,1033,24,2.51
Ranchi,Pulses,Loamy,7.21,Medium,Medium,High,1066,24,1.62
Ranchi,Maize,Loamy,6.46,High,Low,High,1112,24,3.35
Ranchi,Pulses,Sandy Loam,6.59,Medium,Low,Medium,904,21,1.62
Ranchi,Wheat,Clay Loam,7.38,Low,High,Medium,1214,22,1.81
Ranchi,Pulses,Loamy,7.18,Low,Medium,Medium,863,22,1.15
Ranchi,Rice,Loamy,6.09,High,Medium,Medium,1207,22,4.46
Ranchi,Rice,Clay Loam,6.5,Low,High,High,1446,22,3.07
Ranchi,Pulses,Sandy Loam,6.23,High,Medium,Low,1078,19,1.39
Ranchi,Rice,Clayey,5.98,Low,High,Medium,1600,23,4.45
Ranchi,Pulses,Loamy,6.01,Low,High,Low,823,22,1.63
Ranchi,Pulses,Sandy Loam,6.81,High,Medium,Medium,1039,20,1.3
Ranchi,Maize,Sandy Loam,7.19,Low,Medium,Low,1179,27,2.69
Ranchi,Pulses,Sandy Loam,6.29,High,High,Medium,988,27,1.64
Ranchi,Rice,Clayey,6.87,Low,High,Medium,1481,22,3.39
Ranchi,Pulses,Sandy Loam,6.28,Medium,Medium,Low,854,26,1.77
Ranchi,Rice,Clayey,6.23,Medium,Low,High,1530,24,3.66
Ranchi,Maize,Loamy,7.32,Low,High,High,1123,18,3.53
Ranchi,Wheat,Loamy,6.45,High,Medium,Low,1255,22,3.32
Ranchi,Rice,Clay Loam,5.51,High,Low,Low,1468,27,4.22
Ranchi,Maize,Loamy,6.7,High,Medium,Medium,1140,29,2.46
Ranchi,Rice,Clayey,6.72,Low,Medium,High,1591,25,3.52
Ranchi,Pulses,Sandy Loam,7.29,Low,High,Low,1002,26,1.05
Ranchi,Wheat,Clay Loam,7.09,High,Medium,Low,1336,18,2.27
Ranchi,Wheat,Clay Loam,7.23,Low,High,Medium,1314,18,2.46
Ranchi,Rice,Clay Loam,6.0,Low,Low,High,1270,30,4.2
Ranchi,Rice,Clay Loam,5.53,Low,Medium,High,1250,26,4.05
Ranchi,Rice,Clayey,5.76,High,Medium,High,1581,29,4.18
Ranchi,Rice,Loamy,6.49,Medium,High,Low,1366,26,3.72
Ranchi,Maize,Sandy Loam,6.14,High,Low,Medium,1019,30,2.57
Ranchi,Wheat,Loamy,6.3,Low,Medium,Low,1399,23,2.92
Ranchi,Rice,Loamy,6.56,Medium,Low,Low,1207,24,4.38
Ranchi,Maize,Sandy Loam,5.89,High,High,Medium,1196,25,2.21
Ranchi,Wheat,Loamy,6.83,Medium,High,Medium,1331,22,2.03
Ranchi,Wheat,Clay Loam,6.47,High,Low,Medium,1301,20,2.56
Ranchi,Rice,Clayey,5.62,Low,Medium,High,1585,29,4.05
Ranchi,Wheat,Clay Loam,7.41,High,Low,Low,1022,18,1.76
Ranchi,Wheat,Loamy,6.69,Low,Medium,High,1132,20,2.27
Ranchi,Maize,Loamy,6.64,Low,Low,Medium,934,28,2.97
Ranchi,Wheat,Loamy,7.15,High,Low,Medium,1199,23,2.3
Ranchi,Pulses,Loamy,7.28,Low,Medium,Medium,975,20,1.09
Ranchi,Maize,Sandy Loam,5.86,High,High,Low,1136,22,3.58
Ranchi,Rice,Loamy,6.36,Medium,Low,Low,1483,26,2.76
Ranchi,Wheat,Loamy,6.92,Low,Low,High,976,18,2.47
Ranchi,Maize,Loamy,6.99,High,High,High,1146,18,3.91
Ranchi,Wheat,Clay Loam,6.53,Medium,Low,High,1357,18,2.45
Ranchi,Rice,Loamy,6.16,Medium,Medium,Low,1453,26,3.99
Ranchi,Maize,Loamy,6.4,Medium,Low,Medium,1104,27,3.29
Ranchi,Rice,Loamy,6.82,Low,Low,Medium,1458,23,3.18
Ranchi,Maize,Sandy Loam,7.04,Medium,High,Low,943,29,3.35
Ranchi,Rice,Loamy,6.44,High,Low,High,1513,31,4.48
Ranchi,Maize,Sandy Loam,6.37,High,High,Low,1043,18,3.0
Ranchi,Maize,Sandy Loam,7.18,High,Low,Medium,1083,27,3.44
Ranchi,Maize,Loamy,5.86,High,Medium,High,1102,18,3.25
Ranchi,Pulses,Loamy,6.73,Low,Low,Low,1018,28,1.52
Ranchi,Rice,Clayey,6.84,Low,Low,Low,1391,22,3.98
Ranchi,Maize,Sandy Loam,6.63,High,Low,High,1193,28,2.92
Ranchi,Wheat,Clay Loam,7.09,High,High,High,1375,23,3.27
Ranchi,Pulses,Loamy,7.35,High,Medium,Low,1070,18,1.66
Ranchi,Maize,Loamy,6.58,Medium,High,Medium,1021,24,2.23
Ranchi,Pulses,Sandy Loam,7.19,Medium,High,Low,986,20,1.0
Ranchi,Maize,Sandy Loam,6.96,Medium,Low,High,1058,22,2.13
Ranchi,Wheat,Loamy,6.48,Low,Low,Medium,1367,23,3.21
Ranchi,Rice,Clay Loam,5.87,Medium,Low,Medium,1578,24,4.0
Ranchi,Rice,Clayey,6.33,Low,Low,Low,1360,27,3.27
Ranchi,Wheat,Clay Loam,6.51,Medium,Medium,Low,1221,25,2.62
Ranchi,Wheat,Clay Loam,6.54,Medium,Low,Low,1258,24,2.35
Ranchi,Rice,Loamy,6.39,Medium,High,High,1326,31,4.15
Ranchi,Pulses,Loamy,6.68,High,Low,Medium,902,23,1.89
Ranchi,Maize,Loamy,6.35,Low,High,Medium,1161,27,3.75
Ranchi,Maize,Sandy Loam,7.02,Medium,High,Medium,1178,29,2.49
Ranchi,Wheat,Clay Loam,6.09,High,High,High,1094,21,2.46
Ranchi,Pulses,Sandy Loam,6.13,High,High,High,1074,24,1.35
Ranchi,Maize,Loamy,6.3,Low,High,Medium,934,20,3.41
Ranchi,Pulses,Sandy Loam,7.23,High,High,Medium,1082,28,1.91
Ranchi,Wheat,Loamy,6.71,Low,Low,High,1102,24,2.56
Ranchi,Rice,Clay Loam,5.92,Medium,Medium,Medium,1405,29,3.74
Ranchi,Maize,Loamy,7.27,Low,High,Low,1096,19,2.72
Ranchi,Rice,Clayey,5.77,Low,Low,Low,1328,31,3.04
Ranchi,Maize,Loamy,6.97,Low,Medium,Medium,1149,19,3.9
Ranchi,Rice,Loamy,5.88,Low,Low,Low,1255,23,4.37
Ranchi,Maize,Sandy Loam,6.04,Medium,Medium,Medium,931,25,2.96
Ranchi,Maize,Sandy Loam,6.01,High,Low,High,1114,29,3.2
Ranchi,Pulses,Sandy Loam,7.37,Low,Low,Medium,864,25,1.1
Ranchi,Wheat,Clay Loam,6.96,Medium,Low,Medium,997,25,3.31
Ranchi,Maize,Sandy Loam,6.91,Low,High,High,1171,19,2.4
Ranchi,Wheat,Loamy,7.43,High,Low,Low,965,19,2.25
Ranchi,Maize,Sandy Loam,7.0,Low,High,Low,1065,19,2.81
Ranchi,Wheat,Loamy,7.25,Low,Low,High,1236,19,2.76
Ranchi,Wheat,Loamy,7.3,Medium,Medium,Low,1283,24,1.72
Ranchi,Maize,Sandy Loam,6.16,Medium,High,Medium,949,23,3.29
Ranchi,Rice,Clay Loam,6.47,Low,High,Low,1421,32,4.5
Ranchi,Wheat,Loamy,7.4,High,Low,Medium,1059,19,3.32
Ranchi,Rice,Clayey,6.49,High,Low,High,1220,29,4.15
Ranchi,Wheat,Loamy,6.2,High,High,High,1116,18,2.34
Ranchi,Rice,Loamy,6.18,Low,Low,Low,1359,22,2.88
Ranchi,Maize,Sandy Loam,5.99,Medium,Medium,High,969,20,4.0
Ranchi,Maize,Sandy Loam,6.32,Low,Medium,High,913,25,2.69
Ranchi,Pulses,Sandy Loam,6.52,High,Low,Medium,983,28,1.26
Ranchi,Rice,Clay Loam,6.4,High,High,Low,1356,28,4.42
Ranchi,Pulses,Loamy,7.18,High,High,Low,1074,19,1.81
Ranchi,Wheat,Loamy,6.37,Low,Low,Low,1012,23,3.03
Ranchi,Wheat,Clay Loam,7.4,High,Low,Medium,959,19,2.07
Ranchi,Wheat,Loamy,6.39,High,Low,High,1065,24,3.19
Ranchi,Pulses,Loamy,6.71,Medium,High,Low,1075,20,1.29
Ranchi,Maize,Loamy,7.0,Medium,Medium,Low,1014,19,3.83
Ranchi,Maize,Sandy Loam,5.9,High,Low,Low,907,26,3.1
Ranchi,Pulses,Loamy,7.15,High,Medium,Low,1022,22,1.89
Ranchi,Maize,Sandy Loam,6.1,Medium,High,Low,937,22,2.32
Ranchi,Pulses,Loamy,7.25,Medium,High,Medium,803,20,1.96
Ranchi,Pulses,Loamy,7.06,Low,Medium,Low,1066,26,1.38
Ranchi,Pulses,Loamy,6.33,Medium,Low,Medium,815,19,1.66
Ranchi,Rice,Clay Loam,6.96,High,Medium,High,1211,26,4.27
Ranchi,Rice,Loamy,5.58,Medium,Low,Medium,1239,26,3.23
Ranchi,Rice,Clay Loam,6.6,High,High,Low,1295,28,2.57
Ranchi,Rice,Clayey,6.61,High,High,Medium,1306,25,3.87
Ranchi,Rice,Loamy,6.76,Medium,Low,High,1587,24,2.77
Ranchi,Wheat,Clay Loam,6.9,Medium,High,High,1045,19,1.92
Ranchi,Maize,Loamy,6.75,Medium,High,Medium,1021,25,2.16
Ranchi,Rice,Clayey,6.24,Medium,Low,Medium,1273,23,2.8
Ranchi,Rice,Loamy,6.26,High,High,High,1411,28,2.73
Ranchi,Wheat,Loamy,7.42,Low,Low,Medium,1067,18,2.81
Ranchi,Rice,Clay Loam,6.54,Low,High,High,1333,24,3.98
Ranchi,Pulses,Loamy,6.03,High,High,Low,839,22,1.33
Ranchi,Pulses,Loamy,6.93,Medium,Medium,Low,1091,28,1.58
Ranchi,Maize,Sandy Loam,5.82,Medium,Medium,Medium,962,26,2.64
Ranchi,Pulses,Sandy Loam,6.82,Low,Medium,High,990,26,1.18
Ranchi,Pulses,Loamy,6.17,High,Medium,High,998,26,1.2
Ranchi,Rice,Clay Loam,6.85,Medium,Low,Low,1597,32,3.46
Ranchi,Wheat,Loamy,6.22,Medium,Low,High,1047,22,2.88
Ranchi,Maize,Loamy,7.39,Medium,Medium,High,926,19,2.75
Ranchi,Pulses,Sandy Loam,6.21,High,High,High,861,23,1.28
Ranchi,Wheat,Loamy,7.27,High,Medium,High,1232,25,1.73
Ranchi,Rice,Loamy,6.9,High,High,Medium,1513,24,2.52
Ranchi,Wheat,Clay Loam,6.9,Low,Low,High,1004,24,2.32
Ranchi,Wheat,Clay Loam,6.04,Low,Medium,Low,1272,22,2.11
Ranchi,Rice,Clayey,5.91,High,Low,Low,1386,32,4.45
Ranchi,Wheat,Clay Loam,7.16,Medium,Medium,Low,1362,19,3.2
Ranchi,Pulses,Sandy Loam,7.21,Low,Medium,Medium,835,24,1.77
Ranchi,Rice,Clay Loam,6.79,Low,Medium,Low,1287,28,2.64
Ranchi,Wheat,Clay Loam,7.02,Medium,High,Low,1244,24,2.84
Ranchi,Rice,Clayey,5.92,High,Medium,High,1540,25,2.6
Ranchi,Wheat,Clay Loam,6.62,Medium,Medium,Low,948,23,2.9
Ranchi,Maize,Sandy Loam,7.26,High,High,Medium,1165,26,2.47
Ranchi,Wheat,Clay Loam,6.33,High,Low,High,1175,19,2.98
Ranchi,Maize,Loamy,6.08,High,Low,High,1133,21,3.59
Ranchi,Maize,Loamy,7.17,Medium,Low,High,999,18,3.0
Ranchi,Maize,Loamy,6.15,Low,High,Low,996,24,3.18
Ranchi,Rice,Clayey,6.81,Medium,High,Low,1200,24,3.19
Ranchi,Rice,Clay Loam,6.78,High,High,Medium,1235,23,4.27
Ranchi,Rice,Loamy,5.62,Medium,Medium,Medium,1583,24,2.59
Ranchi,Wheat,Loamy,6.05,Medium,High,Low,1088,22,2.75
Ranchi,Pulses,Loamy,6.19,High,Medium,Medium,820,21,1.97
Ranchi,Pulses,Sandy Loam,7.19,Medium,High,Medium,901,21,1.81
Ranchi,Pulses,Sandy Loam,7.04,High,Low,High,1100,19,1.85
Ranchi,Rice,Loamy,5.63,High,High,Medium,1574,31,3.18
Ranchi,Wheat,Loamy,6.81,Medium,Medium,Low,1071,21,2.07
Ranchi,Wheat,Loamy,6.06,High,High,Medium,992,21,2.09
Ranchi,Wheat,Loamy,6.71,Low,High,Low,1145,20,3.29
Ranchi,Wheat,Clay Loam,6.91,Low,Low,Low,1310,24,1.94
Ranchi,Rice,Clay Loam,6.43,Medium,Low,Low,1574,26,2.87
Ranchi,Pulses,Loamy,6.13,Low,Low,High,1078,18,1.44
Ranchi,Rice,Clay Loam,6.01,Low,Medium,High,1445,26,4.26
Ranchi,Wheat,Clay Loam,6.98,Low,Low,Medium,902,24,2.85
Ranchi,Maize,Loamy,5.94,Low,Medium,High,1125,27,2.42
Ranchi,Maize,Loamy,7.42,High,Low,High,1122,20,3.47
Ranchi,Wheat,Clay Loam,7.25,High,Low,Low,1136,23,3.09
Ranchi,Maize,Loamy,6.96,High,Medium,Medium,1157,26,2.77
Ranchi,Rice,Clay Loam,6.14,Medium,Medium,Medium,1393,29,4.03
Ranchi,Pulses,Sandy Loam,6.75,Medium,Medium,Medium,893,21,1.69
Ranchi,Pulses,Sandy Loam,7.33,Low,Low,Low,1093,20,1.34
Ranchi,Pulses,Loamy,6.3,High,High,Medium,994,28,1.54
Ranchi,Maize,Sandy Loam,6.0,Low,Medium,Medium,942,28,2.17
Ranchi,Wheat,Clay Loam,6.11,High,Medium,Medium,1212,20,1.92
Ranchi,Maize,Loamy,6.07,High,Low,High,1123,26,2.25
Ranchi,Maize,Loamy,6.87,Medium,High,Low,1173,21,2.84
Ranchi,Pulses,Sandy Loam,6.24,Medium,High,Medium,959,27,1.51
Ranchi,Pulses,Sandy Loam,6.48,Low,High,High,1074,22,1.38
Ranchi,Maize,Loamy,5.98,Low,High,High,1022,28,3.88
Ranchi,Pulses,Sandy Loam,7.17,High,High,High,1050,23,1.25
Ranchi,Rice,Loamy,5.93,Medium,High,High,1222,32,4.23
Ranchi,Pulses,Sandy Loam,6.45,Medium,Medium,High,867,18,1.82
Ranchi,Maize,Loamy,6.2,Medium,High,Medium,978,23,3.65
Ranchi,Rice,Clay Loam,6.19,Low,Low,Low,1410,24,3.08
Ranchi,Rice,Clay Loam,6.53,Low,Medium,Medium,1595,25,3.31
Ranchi,Pulses,Loamy,6.69,Low,Low,Low,848,20,1.2
Ranchi,Wheat,Clay Loam,7.13,Medium,Low,High,1019,21,2.52
Ranchi,Wheat,Clay Loam,6.14,Low,Medium,Medium,1151,24,2.11
Ranchi,Maize,Sandy Loam,6.11,Low,Low,Medium,910,21,2.86
Ranchi,Wheat,Loamy,7.01,High,Low,Low,969,25,2.72
Ranchi,Rice,Loamy,6.2,Medium,Low,Medium,1434,28,3.92
Ranchi,Maize,Sandy Loam,5.9,High,High,Low,1136,18,2.07
Ranchi,Pulses,Sandy Loam,6.72,Medium,Medium,Low,1032,21,1.46
Ranchi,Rice,Clayey,6.78,High,High,Medium,1284,25,3.15
Ranchi,Wheat,Loamy,6.27,Low,High,Medium,1141,19,2.79
Ranchi,Rice,Loamy,5.59,Low,Medium,Low,1238,27,2.75
Ranchi,Pulses,Sandy Loam,6.11,Low,Medium,Medium,1027,18,1.79
Ranchi,Maize,Loamy,6.08,High,Low,Medium,1166,24,2.52
Ranchi,Maize,Sandy Loam,6.84,Medium,Medium,Low,1076,30,3.16
Ranchi,Pulses,Loamy,6.86,High,Low,High,988,22,1.62
Ranchi,Pulses,Sandy Loam,7.31,High,Medium,High,887,26,1.76
Ranchi,Rice,Clayey,6.98,High,Low,High,1311,30,3.98
Ranchi,Wheat,Clay Loam,6.72,Medium,Low,Medium,1256,22,2.92
Ranchi,Wheat,Loamy,6.8,Medium,Medium,Medium,1231,23,3.03
Ranchi,Maize,Loamy,6.43,High,High,High,1054,19,3.03
Ranchi,Rice,Loamy,6.62,Low,Low,High,1308,24,3.79
Ranchi,Pulses,Loamy,6.92,Medium,Low,Medium,853,19,1.22
Ranchi,Pulses,Loamy,7.26,Medium,Medium,Medium,825,19,1.04
Ranchi,Pulses,Sandy Loam,6.09,High,Low,Low,845,21,1.39
Ranchi,Maize,Loamy,6.36,High,Medium,High,1119,26,2.32
Ranchi,Pulses,Loamy,6.86,High,High,High,1027,27,1.81
Ranchi,Maize,Sandy Loam,6.44,Low,Medium,Medium,1025,20,3.71
Ranchi,Pulses,Sandy Loam,7.26,Medium,High,High,871,22,1.15
Ranchi,Rice,Loamy,5.86,High,Low,Medium,1553,25,3.81
Ranchi,Rice,Loamy,5.94,High,High,Low,1520,31,3.45
Ranchi,Pulses,Sandy Loam,6.04,High,Medium,Medium,892,23,1.18
Ranchi,Wheat,Loamy,7.2,Low,Medium,Low,1091,23,2.19
Ranchi,Pulses,Loamy,6.63,Medium,High,High,1031,27,1.01
Ranchi,Maize,Sandy Loam,6.56,Low,Medium,High,975,30,3.14
Ranchi,Pulses,Sandy Loam,7.42,Medium,Low,Medium,948,18,1.73
Ranchi,Maize,Sandy Loam,6.38,Low,Medium,High,1187,27,2.14
Ranchi,Wheat,Clay Loam,7.26,Medium,Medium,Medium,1349,25,1.74
Ranchi,Rice,Clay Loam,5.7,Medium,High,Medium,1402,31,2.68
Ranchi,Rice,Loamy,5.77,High,Medium,Low,1492,27,3.15
Ranchi,Wheat,Clay Loam,6.09,High,Medium,High,1323,19,2.31
Ranchi,Pulses,Loamy,6.04,Low,Low,Medium,1022,23,1.53
Ranchi,Wheat,Loamy,6.48,High,Low,Medium,1124,24,3.09
Ranchi,Wheat,Loamy,7.45,Low,Medium,Low,1205,20,3.31
Ranchi,Pulses,Loamy,7.5,Low,Low,High,807,24,1.61
Ranchi,Pulses,Sandy Loam,7.33,Low,Low,Low,995,26,1.65
Ranchi,Maize,Loamy,7.19,Medium,Medium,Low,960,26,3.14
Ranchi,Rice,Clay Loam,6.13,Medium,Medium,Medium,1519,30,3.27
Ranchi,Wheat,Clay Loam,6.93,High,Medium,Low,1155,20,2.04
Ranchi,Maize,Loamy,6.21,High,Low,Medium,1058,24,2.94
Ranchi,Rice,Clay Loam,5.69,High,High,Medium,1211,29,4.37
Ranchi,Wheat,Clay Loam,7.41,Low,High,High,1294,21,1.75
Ranchi,Pulses,Loamy,6.91,Medium,Medium,Medium,885,20,1.82
Ranchi,Rice,Clayey,5.59,Medium,Low,Low,1208,28,4.05
Ranchi,Rice,Clayey,6.15,Low,Low,Low,1595,28,3.45
Ranchi,Pulses,Loamy,6.33,High,Low,Medium,866,25,1.75
Ranchi,Pulses,Loamy,6.91,Medium,High,High,959,21,1.17
Ranchi,Maize,Loamy,7.16,Low,High,High,1162,27,3.49
Ranchi,Wheat,Loamy,6.98,High,Low,Medium,1107,19,2.07
Ranchi,Rice,Loamy,6.96,Medium,Medium,Low,1298,32,3.05
Ranchi,Wheat,Clay Loam,6.56,Low,Low,Low,1120,22,2.79
Ranchi,Rice,Clayey,6.63,Low,High,Low,1558,26,3.5
Ranchi,Rice,Clay Loam,6.76,High,Medium,High,1227,26,3.01
Ranchi,Pulses,Sandy Loam,6.36,Low,Low,Medium,968,21,1.43
Ranchi,Wheat,Clay Loam,6.21,Low,Low,High,1131,24,2.19
Ranchi,Rice,Clayey,6.21,High,High,High,1220,22,3.77
Ranchi,Wheat,Clay Loam,6.65,Medium,Low,High,1311,22,3.29
Ranchi,Rice,Clay Loam,6.17,High,Low,Medium,1430,26,3.22
Ranchi,Pulses,Loamy,7.14,High,Low,High,988,19,1.96
Ranchi,Maize,Sandy Loam,6.0,Medium,High,Medium,1111,25,3.27
Ranchi,Maize,Loamy,6.18,Low,Medium,Medium,1192,23,3.15
Ranchi,Pulses,Loamy,6.92,High,High,High,1006,22,1.34
Ranchi,Pulses,Sandy Loam,6.85,Medium,Medium,Low,950,21,1.51
Ranchi,Wheat,Clay Loam,6.34,Medium,Low,Medium,1112,21,3.33
Ranchi,Pulses,Sandy Loam,6.65,High,Medium,Medium,904,25,1.62
Ranchi,Rice,Clayey,5.93,High,Medium,Low,1281,25,3.18
Ranchi,Wheat,Clay Loam,6.66,Medium,Medium,High,1177,23,3.34
Ranchi,Wheat,Clay Loam,6.88,Medium,High,Medium,1004,25,2.47
Ranchi,Wheat,Clay Loam,6.34,High,Medium,Medium,1299,22,1.91
Ranchi,Maize,Loamy,6.74,High,Medium,Medium,923,25,3.06
Ranchi,Wheat,Loamy,6.06,Low,Low,Low,1076,21,2.67
Ranchi,Maize,Sandy Loam,6.84,Low,High,Medium,1132,20,2.06
Ranchi,Pulses,Loamy,7.45,Low,High,High,920,22,1.18
Ranchi,Rice,Clay Loam,6.51,High,Low,High,1204,31,3.06
Ranchi,Maize,Sandy Loam,7.33,Low,Medium,High,965,29,2.07
Ranchi,Rice,Loamy,5.76,High,High,High,1255,31,3.87
Ranchi,Wheat,Loamy,7.21,Low,High,High,1188,23,2.64
Ranchi,Maize,Loamy,6.4,High,Medium,Medium,963,21,2.01
Ranchi,Pulses,Loamy,7.3,Low,Medium,High,898,21,1.85
Ranchi,Maize,Sandy Loam,7.44,Medium,Low,Medium,1026,24,2.96
Ranchi,Maize,Loamy,5.97,Low,High,High,1194,28,2.27
Ranchi,Pulses,Loamy,6.46,High,Medium,Medium,1098,27,1.1
Ranchi,Rice,Clayey,6.92,High,Low,Medium,1224,32,3.51
Ranchi,Pulses,Loamy,6.47,Medium,Low,High,1098,26,1.49
Ranchi,Rice,Clay Loam,6.83,High,Medium,Medium,1448,29,4.24
Ranchi,Maize,Sandy Loam,6.59,Low,High,Low,1148,28,2.22
Ranchi,Wheat,Clay Loam,6.78,Low,High,High,946,18,2.46
Ranchi,Pulses,Loamy,6.58,High,Medium,High,942,27,1.36
Ranchi,Maize,Loamy,6.25,High,High,Medium,915,19,2.77
Ranchi,Maize,Loamy,6.71,Low,High,Low,1094,21,2.93
Ranchi,Maize,Sandy Loam,7.18,Medium,High,Medium,994,28,3.64
Ranchi,Wheat,Loamy,6.74,Low,Low,High,979,22,1.74
Ranchi,Rice,Clay Loam,6.17,Medium,Medium,High,1581,29,4.18
Ranchi,Wheat,Loamy,6.6,Medium,High,High,1197,18,3.36
Ranchi,Maize,Sandy Loam,6.4,Medium,High,Low,1102,19,3.59
Ranchi,Rice,Clayey,6.47,High,High,Medium,1325,28,2.86
Ranchi,Maize,Loamy,6.18,High,Low,High,1033,21,3.12
Ranchi,Wheat,Loamy,6.55,Medium,High,Low,1048,21,2.04
Ranchi,Rice,Clayey,5.53,Low,High,Low,1442,30,3.7
Ranchi,Wheat,Loamy,7.03,Medium,High,Low,985,23,1.96
Ranchi,Maize,Sandy Loam,6.04,Low,Low,Low,1052,20,2.1
Ranchi,Rice,Clayey,6.75,Medium,Medium,High,1440,27,3.51
Ranchi,Wheat,Loamy,7.05,High,High,High,1381,23,3.05
Ranchi,Pulses,Loamy,7.23,Low,High,High,829,26,1.06
Ranchi,Pulses,Sandy Loam,6.77,Medium,Medium,High,905,24,1.63
Ranchi,Pulses,Loamy,6.42,Low,Low,High,829,19,1.8
Ranchi,Wheat,Clay Loam,6.15,Medium,Medium,High,1273,21,2.36
Ranchi,Wheat,Clay Loam,6.49,Medium,Low,Medium,900,20,2.94
Ranchi,Maize,Loamy,6.46,High,Medium,Low,1176,29,2.2
Ranchi,Wheat,Loamy,7.24,Medium,Low,High,1347,24,2.51
Ranchi,Wheat,Loamy,6.85,High,Medium,Low,1173,22,2.33
Ranchi,Wheat,Loamy,6.39,Low,Low,Low,1260,18,1.94
Ranchi,Wheat,Loamy,7.21,High,Medium,High,1220,23,2.81
Ranchi,Maize,Loamy,7.48,Medium,Low,Low,1025,29,2.82
Ranchi,Rice,Clay Loam,5.73,Medium,Medium,Low,1524,25,3.61
Ranchi,Maize,Sandy Loam,7.18,Low,Medium,Low,1188,18,3.96
Ranchi,Maize,Loamy,6.95,Medium,Medium,High,1099,27,3.84
Ranchi,Wheat,Clay Loam,6.47,High,Low,Low,1368,18,2.3
Ranchi,Pulses,Sandy Loam,6.93,Low,High,High,1061,19,1.37
Ranchi,Maize,Loamy,6.5,Medium,Medium,Medium,1120,26,2.62
Ranchi,Rice,Clayey,5.72,High,High,Low,1279,30,4.43
Ranchi,Maize,Loamy,6.57,Medium,Low,Medium,1098,24,2.84
Ranchi,Wheat,Loamy,7.39,Low,Low,Low,1148,19,2.82
Ranchi,Maize,Loamy,7.06,Medium,Medium,Medium,900,26,3.05
Ranchi,Wheat,Clay Loam,7.03,Low,Low,Medium,1025,21,2.62
Ranchi,Wheat,Clay Loam,6.73,Medium,Medium,Low,1085,21,2.64
Ranchi,Rice,Clayey,6.94,High,Medium,Medium,1579,31,3.82
Ranchi,Pulses,Loamy,6.67,High,High,Low,1021,25,1.19
Ranchi,Rice,Loamy,6.19,Medium,Low,Medium,1303,27,3.1
Ranchi,Pulses,Sandy Loam,6.54,High,Low,Medium,976,25,1.41
Ranchi,Maize,Sandy Loam,7.33,Medium,High,High,1190,26,2.43
Ranchi,Wheat,Loamy,7.45,Medium,Low,High,1328,21,1.83
Ranchi,Pulses,Sandy Loam,7.06,Medium,Medium,Medium,881,20,1.31
Ranchi,Maize,Sandy Loam,6.37,Low,High,Low,1022,20,3.3
Ranchi,Pulses,Sandy Loam,7.07,Low,Medium,Medium,1056,20,1.4
Ranchi,Rice,Clay Loam,5.55,Low,High,High,1396,30,2.73
Ranchi,Pulses,Loamy,6.44,Low,High,Medium,1097,21,1.82
Ranchi,Pulses,Sandy Loam,7.35,Low,High,Medium,960,25,1.9
Ranchi,Rice,Clayey,6.26,Low,Medium,High,1449,30,3.47
Ranchi,Rice,Clay Loam,6.36,High,Medium,Low,1266,24,3.49
Ranchi,Maize,Sandy Loam,5.98,Medium,Medium,Low,951,30,3.67
Ranchi,Pulses,Sandy Loam,6.67,High,High,High,974,27,1.56
Ranchi,Maize,Loamy,7.11,Medium,Low,Low,1200,18,3.08
Ranchi,Rice,Clayey,6.36,High,Medium,Low,1217,25,4.3
Ranchi,Maize,Loamy,7.22,Medium,Medium,Medium,973,23,3.72
Ranchi,Maize,Loamy,6.51,Medium,Medium,Medium,1192,19,2.66
Ranchi,Rice,Clayey,6.71,Low,Low,High,1396,32,4.39
Ranchi,Maize,Loamy,6.0,Medium,High,High,1007,19,3.43
Ranchi,Maize,Sandy Loam,6.51,Medium,Low,Medium,1030,20,3.54
Ranchi,Rice,Loamy,5.67,Low,Low,High,1252,24,3.31
Ranchi,Pulses,Loamy,7.19,High,Medium,Medium,957,28,1.92
Ranchi,Maize,Loamy,7.22,Low,High,Low,1127,21,3.87
Ranchi,Pulses,Loamy,6.22,High,High,Medium,1100,22,1.85
Ranchi,Maize,Sandy Loam,7.29,Low,Low,High,1054,23,3.86
Ranchi,Wheat,Clay Loam,6.28,High,Low,Medium,1019,23,3.18
Ranchi,Wheat,Clay Loam,7.42,Low,Medium,High,905,18,2.84
Ranchi,Maize,Loamy,6.96,High,Medium,Low,999,30,3.14
Ranchi,Maize,Sandy Loam,7.23,Medium,Low,Medium,1189,26,2.68
Ranchi,Rice,Clayey,6.45,Low,High,Low,1353,27,4.33
Ranchi,Pulses,Loamy,6.95,Medium,Medium,Low,1002,25,1.75
Ranchi,Pulses,Loamy,6.34,Low,Medium,Medium,1091,20,1.8
Ranchi,Maize,Sandy Loam,7.28,High,Medium,High,1157,21,3.48
Ranchi,Maize,Loamy,6.86,Low,High,High,1000,26,2.51
Ranchi,Rice,Clay Loam,6.4,Medium,Medium,Medium,1580,24,3.36
Ranchi,Wheat,Loamy,6.72,Low,Medium,High,948,25,1.73
Ranchi,Rice,Loamy,6.7,Medium,Medium,Medium,1529,28,2.65
Ranchi,Pulses,Loamy,6.6,High,Low,Medium,950,28,1.7
Ranchi,Pulses,Loamy,6.7,Low,Medium,Low,1037,26,1.38
Ranchi,Rice,Clayey,5.94,High,Medium,Low,1410,31,3.78
Ranchi,Pulses,Loamy,6.66,Medium,Low,High,975,28,1.71
Ranchi,Pulses,Sandy Loam,7.4,High,High,High,990,28,1.28
Ranchi,Maize,Loamy,7.32,High,High,Medium,1057,25,3.4
Ranchi,Maize,Loamy,6.9,Medium,Low,High,926,27,3.09
Ranchi,Maize,Loamy,7.29,Medium,Low,Low,990,18,3.88
Ranchi,Maize,Sandy Loam,6.0,High,High,Low,953,28,2.44
Ranchi,Maize,Sandy Loam,7.34,High,High,High,990,27,2.71
Ranchi,Rice,Clayey,6.29,Low,Medium,Low,1247,24,3.36
Ranchi,Maize,Sandy Loam,6.38,Low,Low,Medium,901,28,3.48
Ranchi,Maize,Sandy Loam,6.15,Medium,Medium,High,1154,29,2.34
Ranchi,Maize,Loamy,7.04,Low,High,High,1130,22,3.12
Ranchi,Maize,Loamy,6.05,Medium,Medium,High,984,22,3.08
Ranchi,Maize,Loamy,6.75,Medium,High,High,963,20,2.24
Ranchi,Maize,Sandy Loam,6.13,Medium,Medium,Low,1045,26,2.48
Ranchi,Maize,Loamy,6.77,High,Low,Medium,1051,22,2.4
Ranchi,Maize,Loamy,6.59,High,High,Medium,1195,29,3.54
Ranchi,Wheat,Clay Loam,7.06,High,Low,Low,1166,20,2.69
Ranchi,Pulses,Loamy,7.5,Medium,Medium,Medium,923,23,1.85
Ranchi,Rice,Loamy,5.75,High,Low,Low,1505,23,4.14
Ranchi,Rice,Clay Loam,6.45,Medium,High,Medium,1268,25,3.32
Ranchi,Maize,Loamy,7.35,High,Medium,High,919,29,2.7
Ranchi,Maize,Sandy Loam,7.38,High,High,High,1005,25,3.42
Ranchi,Maize,Loamy,6.58,High,High,High,1066,28,3.15
Ranchi,Pulses,Sandy Loam,6.13,Low,Medium,High,819,23,1.91
Ranchi,Maize,Loamy,6.47,Medium,Medium,Low,1142,20,3.11
Ranchi,Maize,Loamy,6.84,High,Low,Medium,1005,24,2.03
Ranchi,Maize,Loamy,5.98,Medium,High,Low,1073,23,2.63
Ranchi,Rice,Clayey,6.94,Medium,High,Medium,1225,27,3.77
Ranchi,Pulses,Loamy,6.38,Low,Low,High,1015,23,1.44
Ranchi,Pulses,Sandy Loam,6.28,High,Low,High,1022,27,1.29
Ranchi,Pulses,Sandy Loam,6.26,Low,High,High,865,20,1.21
Ranchi,Pulses,Sandy Loam,6.19,Low,Medium,Medium,995,27,1.15
Ranchi,Maize,Loamy,6.79,Medium,High,High,1023,23,2.72
Ranchi,Pulses,Sandy Loam,6.38,Low,High,High,1048,22,1.33
Ranchi,Wheat,Loamy,6.12,Low,Medium,Medium,1232,25,2.31
Ranchi,Rice,Clay Loam,6.58,High,High,Medium,1518,25,3.56
Ranchi,Rice,Loamy,5.66,Low,Low,Medium,1357,22,2.69
Ranchi,Pulses,Sandy Loam,6.46,Medium,Medium,Low,839,21,1.27
Ranchi,Maize,Loamy,5.92,High,Low,High,1133,30,2.25
Ranchi,Maize,Loamy,6.78,Medium,Medium,High,1144,18,2.26
Ranchi,Pulses,Sandy Loam,6.13,Low,High,Medium,1000,26,1.53
Ranchi,Wheat,Clay Loam,7.43,High,High,Low,1137,21,1.91
Ranchi,Maize,Sandy Loam,6.33,High,High,Low,1086,18,3.35
Ranchi,Maize,Sandy Loam,7.11,Low,Medium,Low,943,20,3.7
Ranchi,Maize,Sandy Loam,7.09,High,Medium,Low,1095,27,2.53
Ranchi,Wheat,Clay Loam,7.14,Low,Medium,High,1118,25,2.19
Ranchi,Pulses,Loamy,6.76,Medium,Low,Low,889,22,1.75
Ranchi,Pulses,Sandy Loam,7.01,High,Medium,Medium,1028,25,1.78
Ranchi,Rice,Clay Loam,6.77,Medium,Medium,Medium,1249,26,3.04
Ranchi,Wheat,Clay Loam,6.62,Low,Low,Medium,1277,20,3.18
Ranchi,Wheat,Loamy,7.31,High,Medium,High,1347,24,1.79
Ranchi,Pulses,Sandy Loam,7.12,High,Low,Medium,890,26,1.62
Ranchi,Maize,Sandy Loam,7.02,Low,Low,Medium,978,19,4.0
Ranchi,Rice,Clay Loam,5.92,Medium,Low,Medium,1364,28,3.48
Ranchi,Rice,Clayey,6.32,Medium,High,Low,1517,31,2.94
Ranchi,Pulses,Loamy,6.01,Medium,High,High,995,18,1.82
Ranchi,Rice,Clay Loam,6.89,Medium,Medium,High,1327,27,3.44
Ranchi,Rice,Clayey,6.17,High,Medium,High,1348,27,4.4
Ranchi,Wheat,Clay Loam,6.39,Medium,Low,High,1319,25,2.4
Ranchi,Wheat,Clay Loam,7.31,Low,Low,Low,1121,25,2.47
Ranchi,Wheat,Loamy,6.59,Medium,High,Low,1252,18,2.25
Ranchi,Maize,Sandy Loam,7.15,Medium,Low,High,1029,21,3.61
Ranchi,Rice,Clay Loam,6.49,Low,High,High,1590,30,2.85
Ranchi,Pulses,Loamy,7.06,Medium,Medium,High,967,27,1.88
Ranchi,Rice,Loamy,5.73,High,Medium,Low,1283,25,4.22
Ranchi,Maize,Loamy,7.38,Medium,Low,Medium,937,26,2.36
Ranchi,Wheat,Clay Loam,7.28,High,Medium,Medium,1027,23,1.93
Ranchi,Rice,Clay Loam,5.91,Low,Low,Medium,1276,25,4.35
Ranchi,Rice,Loamy,6.86,High,Medium,High,1240,23,4.14
Ranchi,Pulses,Loamy,6.07,High,High,High,803,19,1.11
Ranchi,Wheat,Clay Loam,6.24,Low,Low,Low,1103,18,1.79
Ranchi,Rice,Loamy,5.82,High,Low,High,1357,28,2.6
Ranchi,Maize,Loamy,6.94,High,High,High,1036,26,2.66
Ranchi,Pulses,Sandy Loam,6.8,Medium,High,Medium,960,18,1.29
Ranchi,Maize,Sandy Loam,6.54,Low,Medium,Medium,1051,22,2.21
Ranchi,Pulses,Sandy Loam,6.6,High,Low,High,1007,27,1.7
Ranchi,Rice,Loamy,6.18,Medium,Medium,Medium,1341,32,4.35
Ranchi,Maize,Loamy,6.82,Low,High,Medium,1092,28,3.13
Ranchi,Rice,Clayey,6.7,Medium,Medium,High,1580,23,3.1
Ranchi,Wheat,Loamy,7.46,High,High,Medium,1102,25,1.98
Ranchi,Rice,Clay Loam,6.53,High,Low,Low,1399,30,3.15
Ranchi,Rice,Clay Loam,6.19,Medium,Medium,High,1213,32,3.25
Ranchi,Rice,Loamy,5.67,High,Medium,Low,1233,31,2.77
Ranchi,Pulses,Sandy Loam,6.9,High,Medium,Low,959,19,1.5
Ranchi,Rice,Clayey,5.66,High,Medium,Low,1315,30,3.18
Ranchi,Pulses,Sandy Loam,6.67,High,Medium,Low,1028,19,1.46
Ranchi,Maize,Sandy Loam,6.54,High,Low,Medium,943,27,2.32
Ranchi,Pulses,Sandy Loam,7.12,High,High,Medium,889,22,1.25
Ranchi,Wheat,Clay Loam,7.25,Medium,Low,Low,1207,24,2.59
Ranchi,Pulses,Sandy Loam,6.53,High,High,Medium,879,28,1.17
Ranchi,Wheat,Clay Loam,6.59,Medium,Low,High,958,19,1.89
Ranchi,Wheat,Loamy,6.18,Medium,Low,High,915,19,2.3
Ranchi,Rice,Clayey,5.7,Low,High,Low,1390,25,2.91
Ranchi,Wheat,Loamy,6.32,High,High,Low,1215,19,2.39
Ranchi,Wheat,Loamy,6.24,Low,High,Medium,1160,20,2.91
Ranchi,Maize,Sandy Loam,5.81,Low,Low,Low,924,19,2.66
Ranchi,Maize,Loamy,6.23,Medium,Low,Low,1186,24,3.55
Ranchi,Pulses,Loamy,7.02,Low,Low,Medium,1024,23,1.77
Ranchi,Pulses,Loamy,6.21,Medium,Low,Low,821,28,1.66
Ranchi,Maize,Loamy,7.16,Low,Medium,Medium,1130,28,2.15
Ranchi,Pulses,Loamy,6.61,Low,Low,Medium,1078,28,1.98
Ranchi,Maize,Sandy Loam,6.31,High,High,Low,1121,20,2.78
Ranchi,Maize,Loamy,7.33,Medium,Low,Low,1034,20,2.38
Ranchi,Wheat,Clay Loam,6.44,Low,Medium,Medium,1253,22,2.23
Ranchi,Pulses,Sandy Loam,6.18,Medium,Low,Low,916,27,1.1
Ranchi,Pulses,Sandy Loam,6.3,High,High,High,852,23,1.6
Ranchi,Wheat,Clay Loam,6.08,Low,High,Low,1223,22,3.08
Ranchi,Rice,Loamy,6.68,Medium,High,Low,1576,29,2.71
Ranchi,Wheat,Clay Loam,7.13,Low,High,High,1163,19,2.89
Ranchi,Wheat,Loamy,7.43,Low,High,High,1296,24,2.91
Ranchi,Maize,Loamy,5.97,Low,Medium,High,991,25,2.1
Ranchi,Pulses,Sandy Loam,6.38,Low,High,High,853,28,1.54
Ranchi,Maize,Sandy Loam,6.97,Low,Medium,High,1046,20,3.34
Ranchi,Pulses,Loamy,6.84,High,Medium,Low,1058,25,1.17
Ranchi,Maize,Loamy,7.1,Medium,High,Low,949,18,2.99
Ranchi,Pulses,Sandy Loam,7.18,Medium,Low,Medium,928,18,1.21
Ranchi,Wheat,Loamy,6.3,Low,Medium,Medium,1012,23,2.84
Ranchi,Wheat,Clay Loam,6.23,Low,Medium,Medium,1234,20,1.82
Ranchi,Wheat,Clay Loam,6.14,Medium,Medium,Low,1313,21,2.64
Ranchi,Pulses,Loamy,6.59,High,High,High,1090,22,1.68
Ranchi,Wheat,Clay Loam,6.9,Medium,Medium,Medium,944,25,1.79
Ranchi,Pulses,Sandy Loam,7.45,Low,Medium,Low,987,20,1.31
Ranchi,Wheat,Loamy,6.16,Low,Low,High,1164,21,3.32
Ranchi,Wheat,Clay Loam,6.68,High,High,Medium,1149,19,3.25
Ranchi,Wheat,Clay Loam,7.17,Low,High,Medium,1336,24,2.42
Ranchi,Pulses,Sandy Loam,6.99,High,Medium,Low,1025,23,1.4
Ranchi,Maize,Sandy Loam,7.42,Low,Low,High,1145,30,3.55
Ranchi,Maize,Loamy,7.05,Low,Low,Medium,1143,28,3.48
Ranchi,Wheat,Loamy,6.99,High,Low,Medium,956,21,3.15
Ranchi,Maize,Sandy Loam,7.1,High,High,Low,976,29,3.44
Ranchi,Wheat,Loamy,7.1,High,High,Low,1254,24,2.37
Ranchi,Maize,Sandy Loam,6.17,Low,Low,High,1068,19,3.7
Ranchi,Pulses,Sandy Loam,6.42,High,Medium,Medium,1030,25,1.15
Ranchi,Pulses,Loamy,6.76,High,Medium,Medium,993,21,1.47
Ranchi,Pulses,Sandy Loam,7.07,Medium,Medium,High,876,19,1.64
Ranchi,Rice,Clayey,5.53,Low,Medium,High,1567,27,2.72
Ranchi,Wheat,Loamy,6.46,Medium,Low,Medium,1056,18,2.96
Ranchi,Wheat,Clay Loam,6.77,High,High,High,900,20,3.36
Ranchi,Maize,Sandy Loam,6.57,Low,Medium,High,1052,30,2.43
Ranchi,Rice,Loamy,5.53,Medium,High,High,1254,29,3.2
Ranchi,Pulses,Loamy,6.08,Low,High,Low,925,19,1.16
Ranchi,Pulses,Sandy Loam,7.29,Low,High,Medium,996,27,1.07
Ranchi,Rice,Loamy,6.71,Medium,Low,High,1563,26,3.58
Ranchi,Pulses,Loamy,7.08,High,Medium,Low,996,22,1.3
Ranchi,Maize,Sandy Loam,6.02,Low,High,High,1168,19,2.54
Ranchi,Maize,Sandy Loam,7.48,High,Medium,Low,971,18,3.73
Ranchi,Pulses,Sandy Loam,6.19,Medium,High,Low,834,22,1.49
Ranchi,Pulses,Sandy Loam,7.43,Low,Medium,Medium,1043,24,1.68
Ranchi,Rice,Clayey,6.79,Low,Low,Medium,1532,28,3.76
Ranchi,Wheat,Clay Loam,6.17,Medium,Low,High,1376,20,3.35
Ranchi,Maize,Sandy Loam,6.27,Low,Medium,Medium,1080,25,2.53
Ranchi,Rice,Clayey,6.35,Medium,Low,High,1472,26,3.31
Ranchi,Wheat,Clay Loam,6.55,High,Low,Medium,1232,25,2.74
Ranchi,Maize,Sandy Loam,6.83,High,High,Medium,1158,19,2.03
Ranchi,Rice,Clayey,6.93,Medium,Low,Low,1546,28,4.36
Ranchi,Maize,Loamy,6.68,High,Low,Medium,1106,21,2.7
Ranchi,Rice,Clay Loam,5.75,Medium,High,Medium,1572,25,4.15
Ranchi,Rice,Clay Loam,6.69,High,Low,Low,1574,23,2.73
Ranchi,Wheat,Clay Loam,6.98,Medium,Medium,Medium,900,23,2.89
Ranchi,Pulses,Loamy,7.36,Medium,Low,Medium,897,28,1.49
Ranchi,Pulses,Loamy,6.47,High,High,Low,887,18,1.53
Ranchi,Maize,Sandy Loam,5.9,High,Low,Low,934,23,3.43
Ranchi,Wheat,Loamy,7.02,Low,Medium,High,1160,19,2.75
Ranchi,Pulses,Loamy,6.94,Low,Low,Medium,912,24,1.42
Ranchi,Wheat,Loamy,6.39,High,High,Medium,1357,18,2.2
Ranchi,Maize,Loamy,7.3,Medium,Medium,High,924,19,3.31
Ranchi,Maize,Loamy,7.48,High,Low,Low,1137,25,2.64
Ranchi,Wheat,Clay Loam,7.02,Low,High,High,1386,22,1.77
Ranchi,Pulses,Loamy,7.44,High,Low,Low,950,20,1.44
Ranchi,Rice,Clay Loam,6.92,High,High,Low,1522,30,3.87
Ranchi,Maize,Sandy Loam,7.1,High,High,High,1001,21,2.01
Ranchi,Maize,Sandy Loam,5.95,Low,Low,Medium,932,21,2.76
Ranchi,Rice,Clay Loam,6.57,Medium,High,High,1556,28,3.93
Ranchi,Pulses,Loamy,6.33,High,High,High,1079,27,1.79
Ranchi,Rice,Clay Loam,6.47,Low,Medium,Low,1480,24,3.59
Ranchi,Rice,Clayey,6.05,Medium,Low,High,1217,22,4.26
Ranchi,Pulses,Loamy,6.13,Medium,Medium,Medium,932,26,1.76
Ranchi,Rice,Loamy,5.64,High,Low,Medium,1468,25,3.96
Ranchi,Rice,Loamy,6.31,High,Medium,High,1350,28,4.07
Ranchi,Maize,Sandy Loam,6.11,Low,Medium,Medium,970,26,2.24
Ranchi,Maize,Sandy Loam,6.42,Low,Low,Medium,1021,18,2.42
Ranchi,Maize,Sandy Loam,6.7,Low,Low,Medium,1047,28,3.47
Ranchi,Rice,Clay Loam,6.11,Medium,Low,High,1226,22,2.61
Ranchi,Maize,Sandy Loam,6.78,High,High,Medium,1037,23,2.39
Ranchi,Wheat,Clay Loam,7.19,High,High,Low,1024,22,1.88
Ranchi,Maize,Sandy Loam,5.91,Low,Low,Low,1073,18,2.7
Ranchi,Pulses,Sandy Loam,6.37,Low,Medium,High,969,24,1.33
Ranchi,Rice,Loamy,5.81,High,Low,Medium,1226,26,3.1
Ranchi,Rice,Loamy,6.27,High,Low,High,1382,23,4.23
Ranchi,Maize,Sandy Loam,7.21,Low,Low,Medium,1196,25,2.9
Ranchi,Rice,Clayey,6.38,Medium,Medium,Low,1272,22,3.4
Ranchi,Maize,Sandy Loam,7.4,High,Medium,High,1007,24,3.64
Ranchi,Pulses,Loamy,6.71,Low,High,Low,978,25,1.68
Ranchi,Wheat,Loamy,6.42,High,Medium,Medium,1375,22,2.71
Ranchi,Wheat,Loamy,6.99,Low,High,Low,1127,19,2.07
Ranchi,Wheat,Clay Loam,6.46,Medium,Low,Medium,1282,20,2.2
Ranchi,Pulses,Sandy Loam,6.99,Low,High,High,918,19,1.95
Ranchi,Wheat,Loamy,6.87,High,High,Low,1143,22,2.7
Ranchi,Pulses,Sandy Loam,6.28,Medium,Low,Medium,849,25,1.24
Ranchi,Rice,Clay Loam,6.28,High,Medium,High,1223,23,3.78
Ranchi,Wheat,Loamy,6.05,Medium,High,High,1368,25,3.29
Ranchi,Pulses,Sandy Loam,6.7,Low,Low,Medium,984,18,1.19
Ranchi,Maize,Loamy,5.97,High,High,Low,1113,23,3.79
Ranchi,Rice,Clay Loam,5.7,High,Low,Low,1470,25,3.15
Ranchi,Maize,Sandy Loam,6.28,High,High,Medium,1121,30,2.44
Ranchi,Rice,Clay Loam,6.48,Low,Medium,Low,1234,29,4.26
Ranchi,Pulses,Loamy,7.02,Medium,Medium,Medium,1019,21,1.67
Ranchi,Pulses,Sandy Loam,7.08,High,Low,High,1063,23,1.03
Ranchi,Pulses,Sandy Loam,6.99,Low,Low,Medium,932,18,1.82
Ranchi,Maize,Loamy,6.76,High,Medium,High,1103,29,3.91
Ranchi,Rice,Clayey,5.82,Medium,Low,Medium,1515,28,2.79
Ranchi,Maize,Loamy,7.12,High,Medium,Medium,1003,23,3.69
Ranchi,Maize,Sandy Loam,7.09,High,Low,Medium,923,29,2.68
Ranchi,Maize,Sandy Loam,6.38,Low,High,High,1167,25,2.8
Ranchi,Wheat,Loamy,6.22,Low,Low,High,1289,21,2.1
Ranchi,Maize,Loamy,6.52,Low,High,Medium,1032,25,2.76
Ranchi,Maize,Loamy,6.22,Low,Medium,Low,1040,21,2.34
Ranchi,Wheat,Loamy,6.62,Medium,Medium,Medium,1055,23,3.01
Ranchi,Rice,Clayey,5.59,Medium,High,High,1585,30,4.04
Ranchi,Maize,Loamy,5.98,Medium,Medium,High,995,25,2.99
Ranchi,Maize,Loamy,6.21,Low,Low,Low,953,28,2.8
Ranchi,Maize,Sandy Loam,6.0,Low,High,Medium,1059,24,2.24
Ranchi,Pulses,Loamy,7.06,High,High,Low,829,25,1.19
Ranchi,Maize,Sandy Loam,7.21,High,Medium,High,963,23,3.75
Ranchi,Maize,Loamy,6.18,High,High,Medium,1076,23,3.46
Ranchi,Wheat,Loamy,6.92,Medium,High,High,1363,22,2.49
Ranchi,Wheat,Loamy,6.21,Medium,High,Medium,1284,22,2.14
Ranchi,Maize,Loamy,6.21,High,Low,High,1113,23,3.23
Ranchi,Pulses,Loamy,6.69,High,Medium,Low,905,28,1.3
Ranchi,Rice,Loamy,6.08,Low,Low,Medium,1553,23,3.78
Ranchi,Wheat,Loamy,6.66,Medium,High,Low,1212,24,2.12
Ranchi,Rice,Loamy,5.71,High,High,High,1300,27,2.63
Ranchi,Pulses,Loamy,7.42,Low,Low,High,1078,20,1.07
Ranchi,Wheat,Clay Loam,6.23,High,Medium,Low,1361,24,2.55
Ranchi,Pulses,Loamy,7.29,Medium,Medium,Low,905,25,1.0
Ranchi,Wheat,Loamy,6.45,Low,High,High,1294,22,1.74
Ranchi,Maize,Loamy,5.96,High,Low,Low,1089,28,3.28
Ranchi,Maize,Loamy,7.1,Low,Low,Medium,1050,18,2.18
Ranchi,Wheat,Clay Loam,6.91,Low,Medium,High,1089,23,2.35
Ranchi,Rice,Clayey,6.04,Low,Medium,High,1522,32,2.59
Ranchi,Rice,Loamy,6.58,High,Low,Medium,1221,31,4.07
Ranchi,Pulses,Sandy Loam,7.01,High,Medium,Low,993,27,1.17
Ranchi,Pulses,Loamy,6.72,High,High,High,981,23,1.88
Ranchi,Maize,Loamy,6.67,High,High,Medium,971,24,3.24
Ranchi,Wheat,Clay Loam,6.51,High,Low,Medium,1108,24,1.78
Ranchi,Rice,Loamy,6.48,Medium,Low,Low,1402,23,3.76
Ranchi,Rice,Clay Loam,5.56,Medium,Medium,Low,1536,24,4.45
Ranchi,Pulses,Loamy,7.15,High,High,Low,1032,28,1.52
Ranchi,Maize,Loamy,6.99,Medium,Medium,Low,981,28,2.45
Ranchi,Maize,Loamy,6.71,Low,Low,High,1120,22,2.45
Ranchi,Rice,Loamy,5.78,High,Low,High,1364,29,3.51
Ranchi,Pulses,Loamy,6.25,Low,Low,Medium,933,24,1.45
Ranchi,Wheat,Loamy,6.09,High,Medium,High,1217,20,2.4
Ranchi,Wheat,Loamy,6.16,High,High,Medium,1212,20,3.22
Ranchi,Pulses,Loamy,6.04,Medium,Low,High,813,26,1.7
Ranchi,Maize,Loamy,5.93,Low,Medium,Medium,921,28,2.42
Ranchi,Rice,Clayey,5.79,High,Low,Medium,1448,26,3.26
Ranchi,Maize,Loamy,6.18,High,High,Low,945,30,3.24
Ranchi,Pulses,Loamy,6.1,Low,High,High,952,20,1.42
Ranchi,Wheat,Loamy,7.1,Medium,High,High,1328,18,1.83
Ranchi,Rice,Clayey,6.25,Medium,Medium,Low,1350,25,4.31
Ranchi,Pulses,Loamy,6.35,High,Low,High,1035,24,1.25
Ranchi,Rice,Clay Loam,5.96,Medium,Medium,High,1596,24,3.84
Ranchi,Pulses,Sandy Loam,6.64,High,High,Low,1041,26,1.13
Ranchi,Pulses,Sandy Loam,6.75,Medium,Low,High,1037,27,1.23
Ranchi,Maize,Sandy Loam,7.24,Low,High,Medium,1098,29,3.14
Ranchi,Pulses,Sandy Loam,7.22,Medium,Medium,High,828,22,1.6
Ranchi,Rice,Loamy,6.71,Low,Low,Low,1291,30,3.14
Ranchi,Rice,Clay Loam,6.59,Low,Low,High,1325,23,3.29
Ranchi,Maize,Sandy Loam,6.41,Low,Low,Low,945,19,3.93
Ranchi,Rice,Clayey,6.93,Low,High,High,1591,24,3.9
Ranchi,Maize,Sandy Loam,5.93,High,Low,Medium,1048,19,2.33
Ranchi,Wheat,Clay Loam,6.28,Medium,High,Medium,1150,18,2.42
Ranchi,Maize,Loamy,6.46,Medium,Low,Medium,980,30,2.23
Ranchi,Rice,Clayey,6.79,High,High,High,1553,29,3.52
Ranchi,Maize,Sandy Loam,7.26,High,High,Medium,938,30,3.95
Ranchi,Maize,Loamy,6.58,High,Low,Low,914,21,3.77
Ranchi,Wheat,Loamy,6.11,Medium,High,Medium,1223,19,3.09
Ranchi,Pulses,Sandy Loam,6.8,High,Medium,Low,883,26,1.86
Ranchi,Pulses,Sandy Loam,6.82,High,Low,Medium,1070,28,1.61
Ranchi,Wheat,Clay Loam,6.22,Medium,Medium,Medium,1274,23,2.75
Ranchi,Rice,Loamy,6.42,Medium,Medium,High,1583,25,3.94
Ranchi,Maize,Loamy,7.03,Medium,Low,Low,920,24,3.34
Ranchi,Maize,Sandy Loam,7.11,Low,Low,High,1081,23,3.31
Ranchi,Maize,Sandy Loam,6.07,Medium,High,Medium,951,24,3.57
Ranchi,Wheat,Clay Loam,7.26,High,Medium,Medium,1010,22,2.94
Ranchi,Maize,Loamy,7.28,Low,High,Medium,1003,18,2.64
Ranchi,Pulses,Sandy Loam,6.99,High,Medium,Low,875,19,1.38
Ranchi,Pulses,Loamy,6.42,Low,Medium,Low,943,22,1.84
Ranchi,Wheat,Clay Loam,6.53,High,Low,High,1177,20,2.94
Ranchi,Wheat,Loamy,6.29,Medium,High,Low,1258,21,2.38
Ranchi,Pulses,Loamy,6.17,Medium,High,Medium,1010,24,1.62
Ranchi,Rice,Loamy,5.77,Medium,Medium,High,1350,31,4.26
Ranchi,Rice,Loamy,6.8,Low,Low,High,1448,24,3.46
Ranchi,Pulses,Sandy Loam,6.12,Low,Low,Medium,1082,24,1.25
Ranchi,Wheat,Clay Loam,6.1,Medium,Low,Low,942,23,2.1
Ranchi,Wheat,Clay Loam,6.78,Medium,Low,Low,1333,24,3.05
Ranchi,Wheat,Clay Loam,7.34,Medium,High,Low,1315,25,2.93
Ranchi,Pulses,Sandy Loam,6.51,Low,Medium,High,1027,25,1.4
Ranchi,Rice,Clay Loam,6.54,High,High,Low,1317,31,3.26
Ranchi,Wheat,Loamy,7.04,Low,Medium,Low,1393,25,2.16
Ranchi,Pulses,Loamy,7.35,Low,Medium,Low,832,24,1.3
Ranchi,Rice,Clay Loam,6.56,Medium,High,Low,1559,27,3.56
Ranchi,Maize,Loamy,6.73,High,Low,Medium,1056,25,3.37
Ranchi,Maize,Sandy Loam,6.38,Medium,High,Low,970,22,3.17
Ranchi,Rice,Clayey,6.53,Low,Low,High,1425,25,3.92
Ranchi,Maize,Loamy,6.46,High,High,Medium,1083,19,3.36
Ranchi,Pulses,Loamy,6.47,Medium,Low,Low,925,20,1.9
Ranchi,Maize,Sandy Loam,5.89,Medium,Low,Low,1166,28,3.85
Ranchi,Maize,Loamy,6.65,Medium,Medium,Medium,918,22,2.72
Ranchi,Pulses,Loamy,6.42,Low,Medium,Medium,849,20,1.98
Ranchi,Rice,Clayey,6.33,Medium,Medium,Low,1500,22,2.76
Ranchi,Pulses,Sandy Loam,6.95,Low,High,Medium,846,21,1.76
Ranchi,Maize,Sandy Loam,7.45,Medium,Medium,Low,1072,21,2.46
Ranchi,Maize,Sandy Loam,7.43,Low,Medium,High,1117,29,2.56
Ranchi,Maize,Loamy,6.75,High,Low,Medium,1157,20,3.12
Ranchi,Maize,Sandy Loam,6.0,High,High,Medium,1112,19,2.19
Ranchi,Maize,Sandy Loam,6.3,Medium,High,Low,1082,21,3.94
Ranchi,Maize,Sandy Loam,6.17,Low,Medium,High,1143,21,3.0
Ranchi,Wheat,Loamy,6.95,High,Low,Low,932,18,2.36
Ranchi,Wheat,Loamy,7.44,Medium,Medium,High,1351,24,1.8
Ranchi,Wheat,Loamy,6.39,Low,Medium,Medium,1013,18,2.65
Ranchi,Wheat,Clay Loam,7.44,Medium,High,Low,1228,22,1.72
Ranchi,Wheat,Loamy,6.65,High,High,Low,1248,24,2.34
Ranchi,Wheat,Clay Loam,7.37,Low,High,Low,1212,18,2.83
Ranchi,Maize,Loamy,6.34,High,Medium,Low,1085,21,2.31
Ranchi,Pulses,Loamy,7.0,Medium,Low,Low,843,25,1.16
Ranchi,Maize,Loamy,6.75,Low,Low,Medium,1040,24,2.1
Ranchi,Rice,Loamy,6.18,High,Low,Medium,1210,28,3.55
Ranchi,Maize,Loamy,6.05,Low,Medium,Low,935,21,2.88
Ranchi,Rice,Loamy,6.29,High,Medium,Low,1459,29,3.21
Ranchi,Maize,Loamy,5.98,Low,Medium,Medium,1001,26,2.15
Ranchi,Maize,Sandy Loam,7.33,Low,High,High,961,20,2.68
Ranchi,Rice,Loamy,6.94,Low,Medium,High,1292,31,3.57
Ranchi,Rice,Clayey,5.54,Medium,Medium,Low,1205,26,2.58
Ranchi,Maize,Loamy,7.36,Medium,Medium,Low,997,24,3.87
Ranchi,Rice,Clayey,5.54,Low,High,Medium,1484,30,3.31
Ranchi,Pulses,Sandy Loam,6.16,High,Low,Medium,806,23,1.03
Ranchi,Rice,Loamy,6.06,High,Medium,Low,1376,27,4.14
Ranchi,Rice,Loamy,6.24,High,Medium,High,1427,27,3.77
Ranchi,Pulses,Sandy Loam,6.97,High,High,Low,807,21,1.7
Ranchi,Maize,Sandy Loam,6.6,Low,Medium,High,1092,28,3.48
Ranchi,Wheat,Clay Loam,7.25,Medium,High,Medium,1297,21,1.83
Ranchi,Wheat,Clay Loam,6.0,High,High,High,1062,20,2.76
Ranchi,Wheat,Clay Loam,6.1,Medium,Low,Low,1275,23,2.83
Ranchi,Pulses,Loamy,7.23,High,High,Low,1079,27,1.81
Ranchi,Wheat,Loamy,6.48,High,Medium,Low,1015,25,2.48
Ranchi,Wheat,Loamy,7.2,High,Low,Medium,1107,19,1.82
Ranchi,Wheat,Loamy,6.12,Medium,Low,Low,1117,18,2.27
Ranchi,Rice,Clayey,6.04,Medium,Medium,High,1511,26,4.04
Ranchi,Maize,Sandy Loam,6.26,Low,High,Medium,1065,25,2.98
Ranchi,Pulses,Loamy,6.24,High,High,Low,958,25,1.7
Ranchi,Maize,Sandy Loam,6.65,Low,Medium,High,967,20,3.47
Ranchi,Pulses,Loamy,6.27,High,High,Low,959,24,1.76
Ranchi,Pulses,Sandy Loam,6.0,High,High,High,965,18,1.57
Ranchi,Pulses,Loamy,6.22,High,Low,Low,926,26,1.93
Ranchi,Pulses,Loamy,6.9,High,Medium,Medium,969,28,1.7
Ranchi,Pulses,Sandy Loam,6.02,Low,Medium,Low,1082,21,1.44
Ranchi,Pulses,Loamy,7.35,Medium,High,High,1090,25,1.53
Ranchi,Maize,Loamy,5.94,High,High,Low,1109,20,3.76
Ranchi,Pulses,Loamy,6.44,High,Low,Medium,960,18,1.72
Ranchi,Maize,Loamy,6.99,High,Medium,Medium,1041,29,2.33
Ranchi,Wheat,Loamy,6.49,Medium,Medium,High,1203,23,3.22
Ranchi,Maize,Sandy Loam,7.08,Medium,Low,Medium,1186,28,3.47
Ranchi,Pulses,Loamy,6.6,Low,Low,Medium,1077,24,1.79
Ranchi,Pulses,Sandy Loam,6.33,Medium,High,Low,954,21,1.41
Ranchi,Maize,Loamy,6.51,Low,Low,Low,1015,26,2.01
Ranchi,Rice,Loamy,5.73,Medium,High,High,1434,28,4.45
Ranchi,Maize,Loamy,5.88,Low,Medium,High,909,29,3.66
Ranchi,Maize,Loamy,6.42,Low,Medium,Medium,963,29,3.18
Ranchi,Wheat,Clay Loam,6.76,Medium,Low,High,1320,23,3.39
Ranchi,Maize,Loamy,6.09,Medium,Low,Medium,1007,24,3.69
Ranchi,Wheat,Clay Loam,7.03,Medium,Medium,High,1159,20,3.19
Ranchi,Rice,Clayey,6.05,High,Low,High,1455,23,4.16
Ranchi,Wheat,Loamy,7.31,Low,Low,Medium,1007,25,2.63
Ranchi,Maize,Sandy Loam,6.62,Low,High,Medium,990,25,2.11
Ranchi,Maize,Loamy,6.47,Low,Low,Medium,978,20,2.43
Ranchi,Pulses,Loamy,7.05,Medium,Low,Low,852,19,1.47
Ranchi,Maize,Loamy,7.15,High,Medium,High,1002,20,3.02
Ranchi,Maize,Sandy Loam,6.94,Medium,Medium,Medium,981,26,2.37
Ranchi,Maize,Loamy,6.8,Low,Low,Low,996,18,2.56
Ranchi,Rice,Clay Loam,6.24,Low,Low,Low,1511,22,4.45
Ranchi,Maize,Sandy Loam,7.24,Medium,High,Medium,916,26,3.7
Ranchi,Rice,Clayey,6.53,Low,High,Low,1409,25,2.57
Ranchi,Pulses,Sandy Loam,6.06,Low,High,High,1016,18,1.72
Ranchi,Rice,Clayey,5.85,High,High,Low,1573,27,3.99
Ranchi,Rice,Loamy,5.76,High,High,Low,1397,32,2.55
Ranchi,Rice,Loamy,6.79,High,High,Low,1372,26,4.07
Ranchi,Wheat,Loamy,6.53,Low,Medium,Medium,1036,22,1.95
Ranchi,Pulses,Loamy,6.64,Low,High,Medium,837,21,1.6
Ranchi,Wheat,Clay Loam,6.17,Low,Medium,High,903,21,2.79
Ranchi,Wheat,Loamy,6.1,Low,Medium,Low,1124,21,2.73
Ranchi,Wheat,Loamy,7.43,Low,High,Low,1278,21,2.4
Ranchi,Pulses,Sandy Loam,6.9,Medium,Low,Low,998,20,1.24
Ranchi,Maize,Sandy Loam,7.02,High,Medium,High,1143,25,3.47
Ranchi,Wheat,Clay Loam,6.85,High,High,Low,1278,24,2.65
Ranchi,Pulses,Loamy,6.45,Medium,Medium,Low,889,22,1.47
Ranchi,Rice,Loamy,6.08,Low,Low,Medium,1455,23,4.16
Ranchi,Wheat,Clay Loam,6.21,Low,Medium,High,1166,19,3.09
Ranchi,Rice,Clay Loam,5.84,Medium,Low,Low,1317,28,2.88
Ranchi,Wheat,Clay Loam,7.17,Low,Low,Medium,1361,18,2.41
Ranchi,Wheat,Clay Loam,6.95,Low,Low,High,983,20,2.04
Ranchi,Wheat,Clay Loam,7.19,Low,Medium,High,1355,24,2.94
Ranchi,Rice,Clayey,5.78,Medium,Low,Low,1598,24,2.95
Ranchi,Maize,Loamy,7.48,Medium,High,High,919,25,3.3
Ranchi,Pulses,Sandy Loam,6.57,High,Low,High,934,19,1.3
Ranchi,Wheat,Clay Loam,6.12,Medium,Low,High,1077,22,1.93
Ranchi,Pulses,Loamy,6.87,Medium,Low,Low,1073,24,1.97
Ranchi,Maize,Loamy,6.0,Low,Low,Low,1200,30,3.92
Ranchi,Rice,Loamy,6.05,Medium,High,Medium,1584,28,4.18
Ranchi,Maize,Loamy,6.59,Low,Medium,Low,948,19,2.35
Ranchi,Maize,Sandy Loam,6.71,Medium,Low,Medium,1097,30,3.99
Ranchi,Pulses,Loamy,7.27,Medium,Low,High,957,28,1.62
Ranchi,Maize,Sandy Loam,7.19,High,Medium,Medium,1013,28,3.37
Ranchi,Pulses,Sandy Loam,6.35,Low,Low,Medium,841,19,1.93
Ranchi,Wheat,Clay Loam,6.33,Low,High,Low,994,19,2.74
Ranchi,Rice,Loamy,5.52,Medium,High,Medium,1302,23,2.85
Ranchi,Wheat,Clay Loam,6.23,High,Medium,Medium,1280,24,3.25
Ranchi,Wheat,Loamy,7.29,High,High,Low,981,23,1.85
Ranchi,Rice,Clayey,6.11,Medium,Low,Medium,1422,27,3.42
Ranchi,Wheat,Loamy,6.96,Low,Medium,Medium,964,20,2.84
Ranchi,Rice,Loamy,6.24,Medium,Medium,Medium,1595,25,3.67
Ranchi,Maize,Loamy,7.48,Medium,High,High,1091,18,3.16
Ranchi,Rice,Loamy,5.64,Low,Medium,Low,1256,25,4.18
Ranchi,Pulses,Loamy,6.26,Low,High,High,926,20,1.66
Ranchi,Rice,Loamy,5.77,Low,High,Low,1291,29,2.52
Ranchi,Pulses,Loamy,6.55,Low,High,High,869,26,1.04
Ranchi,Pulses,Sandy Loam,6.46,Medium,Medium,High,1083,19,1.65
Ranchi,Rice,Clay Loam,6.63,High,Medium,Medium,1383,30,4.08
Ranchi,Wheat,Clay Loam,6.7,High,High,Medium,1262,20,2.04
Ranchi,Wheat,Clay Loam,6.8,Medium,High,Low,1142,22,2.02
Ranchi,Maize,Loamy,5.97,Low,Low,Low,1172,29,3.8
Ranchi,Pulses,Sandy Loam,7.4,Low,High,Low,1050,21,1.89
Ranchi,Wheat,Loamy,6.92,High,High,High,932,25,2.03
Ranchi,Rice,Clayey,5.93,Medium,Low,High,1405,32,3.7
Ranchi,Pulses,Sandy Loam,6.34,Medium,Medium,High,1089,25,1.58
Ranchi,Pulses,Loamy,6.79,Low,Low,Medium,1054,25,1.85
Ranchi,Wheat,Clay Loam,7.22,Low,Medium,Medium,1337,24,2.94
Ranchi,Wheat,Loamy,6.73,Low,Low,Low,1391,21,2.53
Ranchi,Rice,Clayey,6.62,Medium,Medium,Low,1579,31,3.73
Ranchi,Maize,Loamy,6.23,Medium,Medium,Medium,979,18,2.76
Ranchi,Rice,Clayey,5.89,Low,Low,Low,1502,30,3.31
Ranchi,Rice,Clayey,5.55,High,Low,Low,1472,32,4.16
Ranchi,Wheat,Loamy,6.26,Low,Low,High,1022,24,1.91
Ranchi,Rice,Clayey,6.89,High,High,High,1493,22,2.79
Ranchi,Wheat,Loamy,6.6,Medium,High,Medium,925,22,1.85
Ranchi,Rice,Loamy,5.52,Low,Medium,High,1483,26,4.04
Ranchi,Maize,Sandy Loam,7.39,Low,Medium,High,946,27,2.07
Ranchi,Pulses,Sandy Loam,6.36,Low,Low,Low,981,21,1.34
Ranchi,Pulses,Loamy,6.4,Low,High,Low,1090,26,1.69
Ranchi,Pulses,Loamy,7.18,Low,Low,Medium,1060,25,1.55
Ranchi,Rice,Loamy,6.5,Medium,Low,Low,1305,22,3.16
Ranchi,Rice,Clayey,6.28,Medium,Medium,Low,1410,28,3.34
Ranchi,Wheat,Clay Loam,7.11,High,Low,Medium,1309,23,1.73
Ranchi,Maize,Loamy,6.52,High,Low,High,905,20,2.51
Ranchi,Rice,Clayey,5.96,High,High,High,1421,32,3.03
Ranchi,Rice,Clay Loam,6.64,Low,High,Low,1211,27,3.27
Ranchi,Maize,Loamy,7.36,High,Medium,Low,971,19,2.18
Ranchi,Pulses,Sandy Loam,6.06,Medium,High,Low,976,21,1.79
Ranchi,Rice,Clayey,5.72,Low,High,Medium,1552,32,2.95
Ranchi,Maize,Sandy Loam,5.92,Low,High,High,1137,28,3.68
Ranchi,Maize,Loamy,7.01,Medium,Medium,Low,1003,23,2.7
Ranchi,Wheat,Clay Loam,6.71,High,High,Medium,1134,21,2.82
Ranchi,Wheat,Clay Loam,6.48,Low,Medium,Medium,1122,21,1.96
Ranchi,Pulses,Sandy Loam,6.64,Medium,Medium,Medium,1042,25,1.06
Ranchi,Rice,Loamy,5.78,Medium,Medium,Medium,1594,31,3.04
Ranchi,Rice,Clay Loam,6.77,Medium,High,Medium,1513,23,3.94
Ranchi,Pulses,Loamy,6.29,Low,High,Medium,966,28,1.3
Ranchi,Rice,Loamy,6.81,Medium,High,Low,1264,22,3.61
Ranchi,Wheat,Loamy,6.59,High,Low,High,1095,23,2.43
Ranchi,Pulses,Sandy Loam,6.42,Low,Medium,Medium,869,18,1.08
Ranchi,Pulses,Loamy,6.89,Low,Low,High,1041,28,1.36
Ranchi,Pulses,Sandy Loam,6.44,Medium,Low,High,859,19,1.17
Ranchi,Pulses,Sandy Loam,6.36,High,Low,High,990,20,1.06
Ranchi,Rice,Loamy,6.07,High,High,Low,1544,30,2.53
Ranchi,Maize,Loamy,6.24,High,Low,Medium,1138,20,3.3
Ranchi,Wheat,Loamy,6.13,Medium,High,High,947,22,3.32
Ranchi,Maize,Sandy Loam,7.17,Low,Medium,High,1156,18,3.72
Ranchi,Maize,Sandy Loam,7.12,Low,Medium,High,1016,18,2.71
Ranchi,Rice,Clay Loam,6.02,Medium,Low,Low,1298,22,3.45
Ranchi,Rice,Clay Loam,5.99,Low,Medium,High,1429,31,4.08
Ranchi,Wheat,Clay Loam,7.15,Medium,High,Medium,1290,23,2.93
Ranchi,Wheat,Loamy,6.3,High,Low,High,1317,22,1.77
Ranchi,Wheat,Clay Loam,6.43,Low,High,Low,1305,24,2.23
Ranchi,Rice,Clay Loam,5.55,High,Low,Low,1294,25,3.43
Ranchi,Maize,Sandy Loam,7.33,High,Low,High,1144,22,2.26
Ranchi,Rice,Clay Loam,5.95,Medium,High,Medium,1370,27,3.77
Ranchi,Maize,Sandy Loam,6.39,Medium,High,Low,1023,23,3.42
Ranchi,Wheat,Clay Loam,6.32,Medium,High,Low,1225,22,2.98
Ranchi,Rice,Clayey,5.97,High,Medium,Low,1351,25,2.66
Ranchi,Pulses,Loamy,6.37,Medium,High,Low,1031,22,1.68
Ranchi,Wheat,Clay Loam,7.44,Low,High,Medium,1337,21,2.07
Ranchi,Maize,Sandy Loam,6.0,Low,High,Low,1111,27,2.87
Ranchi,Pulses,Sandy Loam,6.81,Low,Medium,High,842,25,1.31
Ranchi,Pulses,Sandy Loam,7.24,High,High,Low,1036,28,1.36
Ranchi,Rice,Loamy,5.54,Medium,Medium,High,1328,32,4.39
Ranchi,Wheat,Clay Loam,7.46,Medium,High,Low,994,22,2.97
Ranchi,Maize,Loamy,6.32,Low,Medium,Low,1161,18,2.6
Ranchi,Pulses,Sandy Loam,6.05,Low,High,Medium,916,28,1.66
Ranchi,Maize,Sandy Loam,6.11,High,High,Low,950,23,2.95
Ranchi,Wheat,Clay Loam,6.67,Medium,Low,Low,1207,24,2.57
Ranchi,Rice,Clay Loam,5.76,Medium,Low,High,1474,32,2.99
Ranchi,Pulses,Sandy Loam,6.73,High,Low,Low,979,19,1.8
Ranchi,Maize,Loamy,5.93,Low,Medium,High,1132,30,2.85
Ranchi,Wheat,Loamy,6.96,Low,High,High,1346,21,2.78
Ranchi,Maize,Sandy Loam,6.22,Low,Medium,Medium,1152,21,3.06
Ranchi,Rice,Loamy,6.86,Low,High,High,1554,31,3.14
Ranchi,Maize,Loamy,7.0,High,Medium,High,1138,19,3.52
Ranchi,Pulses,Sandy Loam,7.23,Low,Medium,High,845,19,1.23
Ranchi,Maize,Loamy,6.56,Medium,Low,High,1142,19,3.18
Ranchi,Rice,Clayey,6.28,Medium,High,High,1388,23,3.06
Ranchi,Rice,Loamy,6.11,Medium,Medium,High,1546,24,3.1
Ranchi,Rice,Clayey,6.39,Low,High,Low,1222,30,2.66
Ranchi,Rice,Loamy,5.66,Low,Low,Medium,1395,22,3.55
Ranchi,Rice,Clay Loam,6.17,High,Medium,Low,1396,29,2.88
Ranchi,Rice,Clayey,6.41,Low,Medium,Medium,1512,23,3.4
Ranchi,Rice,Clay Loam,6.44,Low,High,High,1362,28,4.22
Ranchi,Maize,Loamy,5.92,Medium,Low,Low,1189,28,3.3
Ranchi,Rice,Clayey,6.46,Low,Low,High,1298,29,4.11
Ranchi,Maize,Loamy,5.82,Medium,Low,Medium,1149,28,3.88
Ranchi,Maize,Sandy Loam,6.46,High,High,Medium,1187,21,3.63
Ranchi,Rice,Loamy,5.74,High,Low,High,1552,24,3.8
Ranchi,Wheat,Loamy,7.24,Low,Low,Medium,1353,25,2.82
Ranchi,Rice,Loamy,6.35,Low,High,High,1573,26,2.55
Ranchi,Wheat,Clay Loam,6.49,Medium,Medium,Low,1074,25,2.72
Ranchi,Maize,Sandy Loam,6.7,Medium,Low,Low,1172,27,2.25
Ranchi,Rice,Clay Loam,6.37,Low,Medium,Medium,1471,22,3.58
Ranchi,Rice,Clay Loam,6.81,Low,Medium,Low,1551,31,4.35
Ranchi,Maize,Loamy,6.87,Low,High,Low,1158,18,2.55
Ranchi,Pulses,Sandy Loam,6.17,Low,Low,High,1028,27,1.17
Ranchi,Pulses,Sandy Loam,6.67,Low,Low,Low,812,19,1.46
Ranchi,Pulses,Sandy Loam,7.18,Medium,Medium,High,870,23,1.69
Ranchi,Maize,Loamy,6.23,Low,Low,Low,1070,22,2.19
Ranchi,Rice,Clay Loam,6.05,Medium,Medium,High,1331,28,3.73
Ranchi,Rice,Clayey,6.55,Medium,Low,Medium,1244,32,2.98
Ranchi,Wheat,Loamy,6.62,Low,Medium,Medium,1164,18,2.87
Ranchi,Pulses,Loamy,6.96,High,Low,High,952,25,1.16
Ranchi,Rice,Clay Loam,6.12,High,High,High,1304,29,2.75
Ranchi,Rice,Loamy,6.8,High,Low,Low,1310,32,4.27
Ranchi,Pulses,Sandy Loam,6.84,Low,High,Low,997,26,1.45
Ranchi,Pulses,Loamy,7.28,High,Medium,Low,897,25,1.65
Ranchi,Wheat,Clay Loam,7.46,High,Medium,Medium,1063,25,2.41
Ranchi,Wheat,Loamy,6.63,High,High,High,1044,24,3.3
Ranchi,Pulses,Sandy Loam,6.05,High,Low,Low,1058,27,1.57
Ranchi,Wheat,Loamy,6.49,Medium,Medium,Low,1154,20,2.88
Ranchi,Rice,Clay Loam,5.91,High,Low,Medium,1334,26,3.38
Ranchi,Rice,Loamy,6.7,High,High,Medium,1431,22,2.58
Ranchi,Maize,Loamy,5.82,Medium,Low,Low,1018,27,3.06
Ranchi,Maize,Loamy,5.93,Medium,Medium,High,1078,29,2.31
Ranchi,Rice,Clay Loam,6.21,Medium,Low,High,1465,24,2.51
Ranchi,Maize,Loamy,6.57,High,High,High,1039,20,3.21
Ranchi,Maize,Sandy Loam,6.31,High,High,Medium,1133,18,3.31
Ranchi,Rice,Clay Loam,6.05,High,High,Low,1227,31,3.21
Ranchi,Wheat,Clay Loam,6.52,Medium,Medium,Low,1167,22,1.8
Ranchi,Rice,Clay Loam,5.91,Medium,Low,Medium,1540,25,2.66
Ranchi,Wheat,Loamy,7.38,High,Low,Medium,1285,20,2.1
Ranchi,Rice,Loamy,6.22,Low,Medium,Medium,1457,25,2.84
Ranchi,Rice,Loamy,6.36,High,Medium,High,1250,31,3.04
Ranchi,Rice,Loamy,5.96,Medium,Medium,Medium,1383,27,4.05
Ranchi,Wheat,Loamy,6.31,High,Medium,Low,1106,24,2.67
Ranchi,Rice,Loamy,6.5,Medium,Low,Medium,1277,24,3.12
Ranchi,Rice,Clay Loam,6.76,Medium,Low,Medium,1505,32,2.64
Ranchi,Rice,Clayey,6.4,Medium,High,Medium,1533,24,3.52
Ranchi,Pulses,Loamy,7.42,Medium,Low,Low,960,21,1.52
Ranchi,Wheat,Loamy,6.51,Medium,High,High,1309,18,3.13
Ranchi,Pulses,Loamy,7.01,Low,Medium,Low,913,26,1.38
Ranchi,Wheat,Clay Loam,6.43,Medium,High,Low,1321,24,3.36
Ranchi,Pulses,Sandy Loam,6.94,Medium,Medium,Low,1064,25,1.53
Ranchi,Wheat,Clay Loam,7.1,High,Medium,Medium,1118,19,3.29
Ranchi,Maize,Sandy Loam,6.63,Medium,Low,Low,1075,25,2.86
Ranchi,Wheat,Clay Loam,6.56,High,Medium,Medium,1310,20,2.55
Ranchi,Pulses,Sandy Loam,6.16,Low,High,High,819,18,1.21
Ranchi,Pulses,Loamy,6.58,Medium,High,Medium,920,23,1.21
Ranchi,Maize,Sandy Loam,5.94,High,Low,Medium,999,21,4.0
Ranchi,Rice,Clayey,6.35,Low,Medium,High,1364,29,3.75
Ranchi,Maize,Sandy Loam,6.21,Medium,High,High,957,20,2.01
Ranchi,Pulses,Loamy,6.71,Medium,Medium,Medium,819,24,1.69
Ranchi,Wheat,Clay Loam,6.93,Medium,Medium,Medium,1199,21,1.9
Ranchi,Pulses,Loamy,7.16,High,Medium,High,837,24,1.32
Ranchi,Pulses,Sandy Loam,7.49,Low,High,Low,1024,23,1.11
Ranchi,Maize,Sandy Loam,6.81,Low,Low,High,1003,20,2.05
Ranchi,Wheat,Clay Loam,6.1,High,Low,High,1367,19,2.79
Ranchi,Pulses,Sandy Loam,7.11,Low,Low,High,975,28,1.67
Ranchi,Wheat,Loamy,6.27,Low,Medium,High,1054,22,2.77
Ranchi,Maize,Loamy,5.97,Medium,Low,Medium,1101,28,3.18
Ranchi,Maize,Sandy Loam,7.04,Medium,Low,Low,1072,21,3.46
Ranchi,Wheat,Loamy,7.14,Medium,High,Medium,1398,23,2.49
Ranchi,Wheat,Loamy,7.33,Low,High,Medium,1083,19,3.37
Ranchi,Maize,Sandy Loam,7.42,Low,Low,Medium,912,28,3.99
Ranchi,Wheat,Clay Loam,6.97,Low,High,Medium,1174,21,2.25
Ranchi,Maize,Sandy Loam,5.88,High,High,High,1114,24,3.88
Ranchi,Pulses,Sandy Loam,6.58,High,Medium,Medium,955,23,1.42
Ranchi,Rice,Loamy,6.78,Medium,Low,High,1257,23,2.66
Ranchi,Maize,Loamy,6.5,Medium,High,Low,1104,18,2.9
Ranchi,Pulses,Sandy Loam,6.86,Low,High,High,970,18,1.71
Ranchi,Pulses,Loamy,6.52,Low,Medium,Low,923,25,1.51
Ranchi,Wheat,Loamy,7.31,High,Medium,Medium,1160,19,3.13
Ranchi,Wheat,Clay Loam,7.46,High,High,High,1081,22,3.39
Ranchi,Maize,Loamy,6.46,High,High,High,980,30,2.49
Ranchi,Maize,Loamy,7.16,Medium,High,Medium,1138,23,3.17
Ranchi,Pulses,Loamy,6.72,High,Low,High,819,23,1.69
Ranchi,Pulses,Loamy,6.56,Medium,Medium,Low,834,27,1.34
Ranchi,Pulses,Loamy,6.3,High,High,High,959,27,1.21
Ranchi,Maize,Loamy,6.12,Medium,Medium,High,960,27,2.85
Ranchi,Rice,Loamy,6.81,Medium,High,High,1214,32,4.43
Ranchi,Wheat,Loamy,6.78,Low,Low,Low,1244,18,2.1
Ranchi,Pulses,Sandy Loam,6.51,High,High,Low,924,22,1.11
Ranchi,Pulses,Sandy Loam,6.92,Low,Low,High,812,27,1.61
Ranchi,Maize,Sandy Loam,7.48,Low,Medium,Medium,1149,20,3.91
Ranchi,Maize,Sandy Loam,6.33,Medium,High,Medium,1180,19,2.3
Ranchi,Maize,Loamy,6.76,Medium,Medium,High,1155,29,3.15
Ranchi,Pulses,Sandy Loam,7.49,Low,High,Low,1028,19,1.51
Ranchi,Pulses,Sandy Loam,6.64,Medium,Low,Medium,940,21,1.6
Ranchi,Pulses,Sandy Loam,6.54,High,High,Low,965,27,1.04
Ranchi,Pulses,Sandy Loam,6.48,Medium,Low,Medium,813,25,1.55
Ranchi,Wheat,Clay Loam,6.77,High,High,Low,1385,22,1.82
Ranchi,Maize,Loamy,6.25,Medium,High,High,1038,20,3.74
Ranchi,Rice,Clay Loam,6.88,Medium,High,Medium,1545,26,4.24
Ranchi,Maize,Loamy,5.92,High,Low,Medium,1062,24,2.22
Ranchi,Pulses,Loamy,6.67,Low,Low,Medium,923,26,1.77
Ranchi,Rice,Clay Loam,5.61,Low,High,Low,1511,25,2.55
Ranchi,Rice,Clayey,6.73,High,Medium,High,1315,22,2.89
Ranchi,Rice,Clay Loam,6.69,Medium,High,Low,1453,22,3.35
Ranchi,Rice,Loamy,6.21,Low,High,Low,1459,25,4.08
Ranchi,Rice,Clayey,6.16,Low,Low,Medium,1261,29,3.34
Ranchi,Pulses,Sandy Loam,7.1,Low,Medium,Medium,841,25,1.38
Ranchi,Rice,Loamy,6.46,Medium,Medium,High,1524,31,4.39
Ranchi,Wheat,Clay Loam,6.51,Medium,Low,Low,1034,25,2.03
Ranchi,Wheat,Clay Loam,6.11,High,High,Low,1281,21,2.84
Ranchi,Rice,Clayey,6.14,High,Low,Medium,1385,30,2.58
Ranchi,Maize,Sandy Loam,5.82,Medium,Medium,Medium,1186,26,2.1
Ranchi,Pulses,Loamy,6.56,High,Medium,High,952,25,1.64
Ranchi,Pulses,Sandy Loam,7.34,Medium,High,High,1032,22,1.6
Ranchi,Rice,Clayey,6.54,High,High,Medium,1512,31,2.5
Ranchi,Pulses,Sandy Loam,7.05,High,High,Low,952,19,1.65
Ranchi,Maize,Sandy Loam,6.24,High,High,High,1007,28,2.21
Ranchi,Maize,Loamy,7.13,Medium,Low,Low,1026,27,2.14
Ranchi,Rice,Clayey,6.28,Low,Low,Low,1440,25,3.59
Ranchi,Wheat,Loamy,7.34,Medium,High,High,1054,20,2.01
Ranchi,Rice,Loamy,5.8,High,Low,High,1499,30,3.5
Ranchi,Maize,Loamy,6.73,High,Low,Medium,1177,30,2.88
Ranchi,Wheat,Loamy,6.03,Low,Medium,High,1241,24,2.86
Ranchi,Wheat,Loamy,6.66,Medium,High,Low,940,21,2.26
Ranchi,Rice,Clayey,5.59,High,Medium,Low,1402,28,4.05
Ranchi,Pulses,Sandy Loam,7.28,High,Medium,High,1064,22,1.8
Ranchi,Pulses,Loamy,6.8,Medium,Low,High,828,25,1.91
Ranchi,Pulses,Loamy,6.57,High,High,Medium,1059,21,1.47
Ranchi,Maize,Loamy,6.75,Low,Low,Medium,909,25,3.58
Ranchi,Pulses,Loamy,6.78,High,Low,Medium,870,24,1.49
Ranchi,Wheat,Loamy,6.25,Medium,Low,High,1268,23,3.36
Ranchi,Maize,Loamy,6.39,Low,High,Low,1142,19,3.67
Ranchi,Maize,Loamy,6.68,High,High,Low,937,27,3.2
Ranchi,Maize,Loamy,6.23,High,Medium,High,925,30,2.71
Ranchi,Wheat,Clay Loam,6.43,High,Medium,Medium,964,20,2.38
Ranchi,Wheat,Loamy,6.24,Medium,Low,Low,1289,22,2.79
Ranchi,Rice,Clay Loam,6.3,High,Low,Low,1288,28,3.41
Ranchi,Rice,Clayey,6.94,Low,Medium,Low,1483,29,2.93
Ranchi,Rice,Clayey,6.97,High,Low,Medium,1511,31,3.17
Ranchi,Rice,Clayey,5.96,Low,Low,Medium,1309,25,3.4
Ranchi,Maize,Loamy,6.74,Medium,Low,High,1044,26,3.21
Ranchi,Wheat,Loamy,7.41,High,Medium,High,1098,19,2.45
Ranchi,Wheat,Loamy,6.14,High,High,Medium,1111,22,2.22
Ranchi,Pulses,Sandy Loam,7.13,High,High,High,840,19,1.26
Ranchi,Wheat,Clay Loam,6.8,Medium,Medium,Low,943,23,2.88
Ranchi,Rice,Clay Loam,5.58,Low,Medium,Medium,1426,28,3.2
Ranchi,Maize,Loamy,6.73,Medium,Medium,High,1116,19,2.44
Ranchi,Pulses,Sandy Loam,6.7,High,Medium,Low,905,18,1.14
Ranchi,Pulses,Loamy,7.21,High,Low,Medium,862,22,1.32
Ranchi,Wheat,Loamy,6.19,High,High,Medium,1081,19,1.92
Ranchi,Pulses,Sandy Loam,7.22,Low,Low,High,922,22,1.84
Ranchi,Rice,Clay Loam,6.59,Low,Low,Low,1315,28,4.1
Ranchi,Pulses,Loamy,6.61,Low,Medium,High,1042,22,1.24
Ranchi,Pulses,Sandy Loam,6.53,Medium,High,Low,1017,21,1.65
Ranchi,Maize,Sandy Loam,7.17,High,Low,Medium,924,20,2.23
Ranchi,Pulses,Loamy,6.42,Medium,Low,High,1050,20,1.71
Ranchi,Pulses,Sandy Loam,6.57,High,Medium,Low,942,20,1.68
Ranchi,Maize,Loamy,6.87,High,Low,High,1118,28,2.24
Ranchi,Pulses,Sandy Loam,6.4,Low,Low,Medium,1045,24,1.3
Ranchi,Wheat,Loamy,6.78,High,High,High,1139,20,2.83
Ranchi,Wheat,Loamy,6.17,High,Low,High,945,23,3.18
Ranchi,Pulses,Loamy,6.58,Low,High,Medium,1091,22,1.49
Ranchi,Wheat,Loamy,6.76,Medium,High,Medium,1202,22,2.5
Ranchi,Rice,Clay Loam,6.83,Medium,Medium,High,1589,22,2.79
Ranchi,Wheat,Clay Loam,6.15,Medium,High,Low,1322,22,1.73
Ranchi,Wheat,Loamy,6.4,High,Low,Medium,1157,18,2.97
Ranchi,Maize,Sandy Loam,6.39,High,Medium,High,1077,29,2.12
Ranchi,Wheat,Loamy,7.42,High,Low,High,1309,18,2.46
Ranchi,Rice,Clay Loam,5.74,High,Medium,High,1217,31,3.95
Ranchi,Pulses,Sandy Loam,7.19,High,High,High,982,21,1.94
Ranchi,Rice,Clay Loam,6.7,Medium,High,Medium,1224,28,3.33
Ranchi,Rice,Loamy,5.66,High,Medium,High,1303,30,3.33
Ranchi,Maize,Sandy Loam,6.48,Medium,Medium,Low,1017,22,3.77
Ranchi,Maize,Sandy Loam,7.07,High,Low,Medium,912,20,3.23
Ranchi,Rice,Clayey,6.28,High,Low,Medium,1553,29,3.21
Ranchi,Pulses,Loamy,7.01,Medium,Medium,Low,834,21,1.8
Ranchi,Maize,Loamy,7.25,Medium,High,High,1008,29,2.75
Ranchi,Wheat,Loamy,6.5,Medium,Medium,Low,979,24,2.4
Ranchi,Rice,Clayey,6.65,Medium,High,Low,1548,32,2.83
Ranchi,Rice,Clayey,6.14,Low,High,High,1256,23,3.36
Ranchi,Maize,Sandy Loam,7.04,High,Low,Medium,1060,28,3.56
Ranchi,Pulses,Loamy,6.22,High,Medium,High,1037,24,1.7
Ranchi,Wheat,Clay Loam,6.8,Medium,Low,High,1366,23,2.93
Ranchi,Wheat,Loamy,6.58,High,Low,Medium,1043,19,1.97
Ranchi,Pulses,Loamy,7.36,High,High,Medium,893,27,1.59
Ranchi,Rice,Clay Loam,5.88,Low,High,High,1305,30,3.41
Ranchi,Rice,Loamy,5.67,High,Low,Low,1412,27,3.21
Ranchi,Wheat,Clay Loam,6.78,Medium,Medium,Medium,1283,20,2.7
Ranchi,Maize,Sandy Loam,7.2,Medium,Low,Low,986,21,3.84
Ranchi,Pulses,Loamy,6.97,Medium,High,Low,892,27,1.08
Ranchi,Maize,Sandy Loam,7.13,Low,Medium,Medium,1141,29,3.46
Ranchi,Pulses,Sandy Loam,6.48,Low,Medium,Medium,1013,25,1.71
Ranchi,Wheat,Clay Loam,7.49,High,Medium,High,1060,23,2.58
Ranchi,Rice,Loamy,6.01,Low,Medium,Medium,1285,31,3.49
Ranchi,Maize,Sandy Loam,7.44,High,Medium,High,925,23,2.63
Ranchi,Rice,Clayey,5.81,High,Medium,Medium,1437,24,4.32
Ranchi,Wheat,Clay Loam,6.39,Low,Low,Medium,999,20,2.09
Ranchi,Maize,Loamy,7.02,Medium,Low,Medium,1126,19,3.38
Ranchi,Maize,Sandy Loam,6.91,High,High,Low,1016,21,2.16
Ranchi,Pulses,Loamy,6.34,Medium,High,Low,973,25,1.1
Ranchi,Rice,Clayey,6.79,Low,Low,Low,1511,27,3.44
Ranchi,Wheat,Loamy,6.59,Medium,High,Low,1117,21,2.79
Ranchi,Pulses,Loamy,6.95,Medium,Medium,Low,1041,23,1.33
Ranchi,Pulses,Loamy,6.18,Low,Low,Medium,1081,27,1.11
Ranchi,Pulses,Loamy,6.22,High,Low,Low,1092,18,1.6
Ranchi,Maize,Sandy Loam,5.87,Medium,Low,High,1056,22,3.53
Ranchi,Rice,Clayey,6.0,High,Low,High,1334,23,2.72
Ranchi,Pulses,Loamy,7.12,High,High,High,845,22,1.82
Ranchi,Pulses,Loamy,7.5,High,Medium,Low,822,25,1.58
Ranchi,Pulses,Loamy,7.11,Medium,Low,High,814,22,1.01
Ranchi,Maize,Sandy Loam,7.27,Medium,High,High,1182,25,2.41
Ranchi,Wheat,Clay Loam,6.19,Medium,Low,High,1165,23,3.03
Ranchi,Pulses,Sandy Loam,7.13,Low,High,High,897,20,1.61
Ranchi,Pulses,Sandy Loam,6.52,Medium,Low,Low,1062,21,1.88
Ranchi,Wheat,Clay Loam,6.11,High,Medium,High,1331,19,1.7
Ranchi,Maize,Sandy Loam,6.64,Medium,Low,Medium,947,24,3.13
Ranchi,Maize,Loamy,7.14,Medium,High,Low,1125,18,3.54
Ranchi,Rice,Clay Loam,6.04,Medium,High,High,1526,32,2.81
Ranchi,Maize,Sandy Loam,5.93,Low,High,Medium,956,23,2.72
Ranchi,Maize,Sandy Loam,6.01,Medium,Low,Medium,1000,26,3.62
Ranchi,Rice,Loamy,6.78,Low,Low,High,1264,25,2.86
Ranchi,Rice,Loamy,5.85,High,High,High,1537,26,3.54
Ranchi,Wheat,Clay Loam,7.45,Low,Medium,Low,1113,19,1.83
Ranchi,Maize,Sandy Loam,6.5,Medium,Low,Medium,1040,25,3.36
Ranchi,Wheat,Loamy,6.12,Low,Low,Low,1282,25,2.43
Ranchi,Wheat,Loamy,7.2,Low,Medium,Medium,1062,25,2.61
Ranchi,Pulses,Sandy Loam,6.76,High,Medium,Medium,1060,28,1.98
Ranchi,Wheat,Clay Loam,6.35,High,High,Low,1348,19,3.13
Ranchi,Wheat,Loamy,6.81,Low,Medium,Medium,1218,19,2.11
Ranchi,Pulses,Sandy Loam,6.78,High,Medium,Medium,809,20,1.53
Ranchi,Rice,Clay Loam,6.84,Low,Low,High,1317,27,2.97
Ranchi,Wheat,Clay Loam,7.37,High,Medium,Low,1075,19,1.79
Ranchi,Rice,Loamy,6.39,Medium,High,High,1493,28,3.73
Ranchi,Rice,Clay Loam,7.0,High,High,High,1570,22,4.36
Ranchi,Wheat,Clay Loam,7.07,Low,Low,High,1135,20,2.02
Ranchi,Pulses,Sandy Loam,6.66,High,High,High,1027,21,1.7
Ranchi,Pulses,Sandy Loam,6.1,Low,Low,Low,1006,23,1.09
Ranchi,Wheat,Clay Loam,7.49,Medium,Low,Low,1379,22,3.3
Ranchi,Maize,Loamy,5.93,Low,High,Low,920,18,3.22
Ranchi,Maize,Loamy,6.31,Low,Medium,High,1191,20,3.52
Ranchi,Pulses,Loamy,6.86,Low,Low,Medium,877,21,1.31
Ranchi,Wheat,Clay Loam,7.19,High,Medium,Low,1172,21,2.07
Ranchi,Maize,Loamy,7.17,Low,Medium,High,936,19,2.94
Ranchi,Wheat,Loamy,6.37,Low,High,Low,933,22,1.92
Ranchi,Maize,Loamy,6.36,Low,High,Low,1001,26,2.6
Ranchi,Wheat,Loamy,6.48,Low,Medium,High,961,20,2.39
Ranchi,Rice,Clayey,5.95,Medium,Low,Low,1524,22,3.62
Ranchi,Maize,Sandy Loam,6.77,High,Medium,Medium,1136,23,2.76
Ranchi,Maize,Loamy,7.45,Medium,High,Low,1082,23,3.24
Ranchi,Wheat,Clay Loam,6.86,Low,Low,High,915,25,2.83
Ranchi,Maize,Sandy Loam,6.58,Medium,Medium,Medium,1088,19,4.0
Ranchi,Maize,Sandy Loam,7.4,Low,Low,Low,1036,22,3.95
Ranchi,Rice,Clay Loam,5.73,High,Medium,Low,1346,25,3.61
Ranchi,Rice,Clay Loam,6.32,High,Low,High,1554,25,3.49
Ranchi,Wheat,Clay Loam,7.07,Medium,Medium,Low,1328,24,3.33
Ranchi,Pulses,Loamy,6.42,Low,High,Medium,987,21,1.19
Ranchi,Maize,Sandy Loam,6.19,High,High,Medium,1105,30,2.93
Ranchi,Maize,Sandy Loam,6.98,Medium,Low,Low,1030,25,2.68
Ranchi,Wheat,Loamy,6.93,Medium,Medium,Low,988,23,2.28
Ranchi,Wheat,Loamy,7.13,Low,Low,Low,1321,25,2.83
Ranchi,Wheat,Loamy,7.24,Low,High,Medium,1054,25,3.38
Ranchi,Pulses,Sandy Loam,6.66,Low,Medium,Low,986,21,1.49
Ranchi,Wheat,Loamy,6.18,Low,High,Medium,1278,24,2.88
Ranchi,Wheat,Loamy,7.05,Low,Low,Low,906,25,1.91
Ranchi,Wheat,Loamy,6.05,Low,High,Low,946,24,2.69
Ranchi,Rice,Loamy,5.63,Medium,Medium,Medium,1553,29,2.86
Ranchi,Pulses,Loamy,7.14,Medium,High,Low,967,22,1.33
Ranchi,Pulses,Loamy,6.65,Medium,High,High,1022,18,1.61
Ranchi,Rice,Loamy,6.91,Medium,High,Medium,1362,30,3.37
Ranchi,Wheat,Loamy,6.52,High,Medium,High,1319,23,3.04
Ranchi,Maize,Loamy,7.03,Medium,Low,Medium,966,25,2.41
Ranchi,Maize,Sandy Loam,7.42,Medium,High,High,1072,22,3.96
Ranchi,Pulses,Loamy,6.64,Low,High,High,904,21,1.18
Ranchi,Wheat,Loamy,6.86,High,High,Medium,1060,23,2.25
Ranchi,Rice,Loamy,6.07,High,Medium,Medium,1235,23,2.59
Ranchi,Wheat,Loamy,6.07,Low,Low,Low,1197,20,3.39
Ranchi,Maize,Sandy Loam,5.87,High,Medium,Low,1154,18,3.96
Ranchi,Rice,Clayey,6.78,Low,Low,Medium,1290,22,2.93
Ranchi,Maize,Sandy Loam,7.2,Low,Low,Medium,1123,27,2.6
Ranchi,Maize,Sandy Loam,7.34,High,Medium,Low,1163,29,3.89
Ranchi,Maize,Sandy Loam,7.21,High,Medium,Medium,1149,29,2.9
Ranchi,Maize,Loamy,7.11,Low,Medium,Medium,1032,21,2.53
Ranchi,Pulses,Loamy,6.41,High,Low,Low,1052,25,1.13
Ranchi,Pulses,Sandy Loam,7.17,Medium,Low,Low,1021,19,1.93
Ranchi,Wheat,Loamy,6.25,High,Medium,Low,1214,25,3.39
Ranchi,Wheat,Loamy,6.2,Low,Medium,Medium,1173,24,3.11
Ranchi,Maize,Sandy Loam,6.65,Low,High,Low,1183,29,2.15
Ranchi,Wheat,Loamy,7.13,Low,High,High,1261,21,1.81
Ranchi,Wheat,Clay Loam,7.08,High,High,High,1361,22,2.38
Ranchi,Rice,Clayey,5.54,Low,High,Low,1517,22,3.31
Ranchi,Wheat,Loamy,6.51,Medium,Low,Medium,1359,20,2.1
Ranchi,Pulses,Loamy,7.33,Low,Medium,Medium,965,22,1.74
Ranchi,Maize,Loamy,7.09,Low,Low,High,979,26,3.63
Ranchi,Wheat,Clay Loam,6.17,Low,High,High,921,19,2.99
Ranchi,Wheat,Clay Loam,7.49,Medium,High,Low,1358,23,2.24
Ranchi,Pulses,Sandy Loam,6.48,Medium,Low,High,1094,19,1.73
Ranchi,Maize,Sandy Loam,7.09,Medium,Low,High,928,24,2.22
Ranchi,Maize,Loamy,5.88,High,High,Low,927,22,2.79
Ranchi,Pulses,Sandy Loam,6.64,Medium,Medium,Low,993,28,1.21
Ranchi,Maize,Loamy,7.2,High,Medium,High,1093,20,2.55
Ranchi,Rice,Clayey,6.63,High,Medium,Low,1243,23,3.8
Ranchi,Pulses,Sandy Loam,7.09,High,High,Low,952,19,1.21
Ranchi,Rice,Loamy,5.92,Medium,Low,Medium,1412,28,4.27
Ranchi,Rice,Clay Loam,7.0,Low,Low,High,1320,28,2.64
Ranchi,Maize,Sandy Loam,6.47,High,Medium,High,1144,24,2.38
Ranchi,Rice,Loamy,6.62,Medium,High,Medium,1556,29,2.95
Ranchi,Maize,Sandy Loam,6.63,Medium,Medium,High,1091,28,3.2
Ranchi,Rice,Loamy,5.68,Medium,Medium,Medium,1532,29,3.01
Ranchi,Rice,Clayey,6.79,Medium,Low,Low,1415,29,3.44
Ranchi,Wheat,Clay Loam,6.18,Medium,Low,Medium,914,18,1.97
Ranchi,Rice,Clay Loam,6.07,Medium,Low,Low,1345,25,3.31
Ranchi,Maize,Sandy Loam,6.07,Medium,Medium,High,953,28,3.67
Ranchi,Pulses,Sandy Loam,7.49,Low,High,High,1039,28,1.74
Ranchi,Wheat,Clay Loam,6.89,High,Medium,High,1214,23,3.39
Ranchi,Wheat,Loamy,7.08,Low,Low,Medium,1362,22,2.23
Ranchi,Wheat,Loamy,6.84,Low,High,Medium,1366,19,2.83
Ranchi,Pulses,Loamy,6.71,Low,High,High,834,26,1.47
Ranchi,Wheat,Loamy,6.54,Low,Medium,Medium,1324,24,2.79
Ranchi,Pulses,Sandy Loam,6.91,Low,Low,Medium,807,24,1.05
Ranchi,Pulses,Sandy Loam,6.3,High,High,Medium,819,23,1.28
Ranchi,Pulses,Sandy Loam,6.75,Low,Medium,Medium,835,22,1.57
Ranchi,Maize,Loamy,6.35,Low,Low,Medium,1117,19,2.36
Ranchi,Maize,Sandy Loam,6.83,Low,Low,High,987,26,2.3
Ranchi,Rice,Clay Loam,5.84,Medium,Medium,Medium,1307,28,3.76
Ranchi,Pulses,Loamy,6.33,Medium,Medium,High,874,26,1.75
Ranchi,Pulses,Sandy Loam,6.73,Low,Low,Medium,966,25,1.82
Ranchi,Wheat,Loamy,6.14,Low,High,High,1356,23,2.05
Ranchi,Rice,Clay Loam,6.46,High,Low,High,1560,28,3.64
Ranchi,Rice,Clayey,6.62,High,High,Medium,1570,27,2.93
Ranchi,Pulses,Sandy Loam,7.1,High,Medium,High,904,21,1.03
Ranchi,Rice,Clayey,6.24,High,High,Medium,1341,26,4.09
Ranchi,Maize,Loamy,6.25,Medium,Medium,High,1071,27,3.97
Ranchi,Rice,Loamy,5.7,Medium,Low,Medium,1472,28,2.99
Ranchi,Maize,Sandy Loam,6.46,Medium,Low,High,1063,30,2.68
Ranchi,Pulses,Loamy,7.32,Low,Medium,Low,1054,26,1.78
Ranchi,Maize,Sandy Loam,7.08,Medium,Medium,High,965,22,2.41
Ranchi,Wheat,Loamy,6.07,Medium,Low,Low,1167,23,2.88
Ranchi,Pulses,Sandy Loam,6.92,Medium,Low,Low,1053,27,1.73
Ranchi,Maize,Loamy,7.47,Medium,Low,Low,1061,24,3.23
Ranchi,Wheat,Loamy,6.63,Low,Medium,Low,914,22,1.96
Ranchi,Rice,Loamy,6.7,Medium,High,Low,1269,23,3.61
Ranchi,Pulses,Sandy Loam,6.11,High,Medium,Low,905,26,1.19
Ranchi,Maize,Loamy,6.72,High,High,High,1070,23,3.99
Ranchi,Pulses,Loamy,6.38,Low,Medium,High,868,19,1.61
Ranchi,Pulses,Loamy,6.07,Medium,High,High,1004,25,1.96
Ranchi,Pulses,Loamy,6.53,Medium,Low,Medium,1031,23,1.11
Ranchi,Maize,Loamy,6.76,High,High,Low,1070,28,2.08
Ranchi,Wheat,Loamy,6.35,Low,Medium,Low,903,22,2.28
Ranchi,Pulses,Sandy Loam,7.1,Low,High,Medium,860,24,1.81
Ranchi,Pulses,Loamy,7.22,Medium,High,Medium,818,22,1.37
Ranchi,Pulses,Sandy Loam,6.07,Low,High,Low,1052,21,1.65
Ranchi,Rice,Clayey,6.35,High,Low,Medium,1499,25,2.95
Ranchi,Wheat,Loamy,6.96,Medium,Low,Low,904,20,3.38
Ranchi,Pulses,Sandy Loam,6.97,High,Low,Low,1034,27,1.77
Ranchi,Pulses,Loamy,7.05,High,High,Low,821,19,1.21
Ranchi,Pulses,Sandy Loam,6.92,Low,High,Low,1046,18,1.59
Ranchi,Wheat,Loamy,6.19,High,Low,High,1056,25,3.39
Ranchi,Wheat,Clay Loam,7.29,High,High,High,1066,23,3.28
Ranchi,Rice,Loamy,6.22,High,Low,Low,1395,25,4.16
Ranchi,Rice,Clay Loam,5.78,High,Medium,Low,1491,28,3.06
Ranchi,Wheat,Clay Loam,7.35,High,Medium,Medium,1181,21,2.77
Ranchi,Maize,Sandy Loam,6.14,Low,Medium,Medium,1013,23,2.75
Ranchi,Rice,Clay Loam,6.51,High,High,Low,1431,32,2.96
Ranchi,Wheat,Clay Loam,6.17,Low,Medium,High,1039,19,2.02
Ranchi,Wheat,Clay Loam,6.09,Medium,Medium,Medium,1083,24,2.77
Ranchi,Pulses,Loamy,6.34,High,Medium,Medium,924,19,1.61
Ranchi,Pulses,Loamy,6.17,Low,High,High,929,28,1.07
Ranchi,Rice,Clayey,5.55,Low,Medium,High,1462,23,3.1
Ranchi,Maize,Loamy,7.34,Low,Low,High,1056,22,3.79
Ranchi,Rice,Clay Loam,6.1,Medium,High,Low,1558,26,3.29
Ranchi,Pulses,Sandy Loam,6.18,Medium,Low,Medium,971,25,1.95
Ranchi,Wheat,Clay Loam,6.72,High,Low,High,928,24,3.3
Ranchi,Wheat,Clay Loam,7.25,Medium,Medium,High,1319,18,2.63
Ranchi,Wheat,Clay Loam,6.36,Medium,Low,Low,947,25,3.38
Ranchi,Rice,Loamy,6.97,Medium,Low,High,1319,25,3.54
Ranchi,Maize,Sandy Loam,6.05,Low,Low,High,1062,22,2.25
Ranchi,Wheat,Loamy,6.08,Low,Low,Low,1170,22,2.84
Ranchi,Maize,Sandy Loam,7.28,Medium,Low,Low,1109,20,3.69
Ranchi,Wheat,Loamy,7.18,Low,High,Low,993,21,2.08
Ranchi,Wheat,Loamy,6.39,High,Medium,Medium,1063,23,2.76
Ranchi,Pulses,Loamy,7.11,High,High,Low,1032,19,1.38
Ranchi,Pulses,Loamy,6.54,High,Low,Low,845,26,1.2
Ranchi,Wheat,Loamy,6.32,High,High,High,1299,25,2.13
Ranchi,Rice,Clay Loam,5.64,Medium,Low,High,1236,22,3.75
Ranchi,Rice,Clayey,5.88,High,Low,High,1486,22,3.53
Ranchi,Maize,Sandy Loam,5.87,Medium,Medium,Low,908,30,3.64
Ranchi,Rice,Loamy,5.76,High,Low,High,1334,25,3.21
Ranchi,Wheat,Clay Loam,6.66,Medium,Medium,Medium,922,23,3.29
Ranchi,Pulses,Loamy,7.05,High,High,High,1079,26,1.1
Ranchi,Pulses,Sandy Loam,7.21,High,High,High,823,24,1.2
Ranchi,Wheat,Clay Loam,6.43,Low,Medium,Low,984,19,1.89
Ranchi,Pulses,Loamy,6.29,High,Medium,Medium,1099,24,1.45
Ranchi,Wheat,Loamy,6.72,Low,High,Low,1154,25,2.43
Ranchi,Wheat,Clay Loam,7.23,Low,High,Medium,1299,23,2.06
Ranchi,Rice,Clay Loam,6.49,Medium,High,High,1279,29,3.51
Ranchi,Wheat,Clay Loam,6.06,High,Medium,High,1319,25,2.65
Ranchi,Wheat,Loamy,7.36,Low,Medium,Low,1163,20,3.11
Ranchi,Rice,Loamy,6.5,High,Medium,High,1331,27,2.68
Ranchi,Wheat,Loamy,6.87,High,Low,High,1371,20,2.39
Ranchi,Rice,Clay Loam,6.49,Low,Low,Medium,1269,24,3.17
Ranchi,Wheat,Loamy,6.68,Medium,Medium,High,992,19,2.99
Ranchi,Maize,Sandy Loam,7.04,High,High,Medium,1023,24,3.86
Ranchi,Maize,Sandy Loam,6.7,High,High,Low,948,18,3.52
Ranchi,Pulses,Sandy Loam,6.76,Medium,Low,Medium,827,20,1.1
Ranchi,Rice,Loamy,6.65,High,Medium,Medium,1229,28,3.86
Ranchi,Rice,Loamy,5.58,Low,Medium,Low,1236,31,4.31
Ranchi,Rice,Loamy,5.64,Medium,Medium,Low,1585,23,3.33
Ranchi,Maize,Sandy Loam,5.88,Low,Medium,Medium,1059,27,3.14
Ranchi,Pulses,Sandy Loam,6.45,Low,Medium,Medium,820,19,1.35
Ranchi,Pulses,Loamy,6.76,Medium,High,High,1030,19,1.07
Ranchi,Maize,Loamy,6.89,Medium,Low,High,1000,25,3.31
Ranchi,Rice,Clayey,6.88,Medium,High,Low,1232,25,2.84
Ranchi,Wheat,Clay Loam,6.58,Medium,Medium,Medium,1166,21,3.11
Ranchi,Rice,Loamy,6.69,Medium,High,High,1265,24,2.93
Ranchi,Maize,Sandy Loam,6.01,Medium,Low,Medium,997,23,3.24
Ranchi,Wheat,Clay Loam,7.34,High,High,Low,1000,24,3.15
Ranchi,Pulses,Sandy Loam,6.33,High,High,Low,819,23,1.61
Ranchi,Pulses,Loamy,7.4,High,High,High,1015,24,1.45
Ranchi,Wheat,Loamy,7.16,High,High,Medium,1344,20,2.25
Ranchi,Rice,Loamy,6.15,High,High,High,1201,31,4.03
Ranchi,Rice,Loamy,5.63,High,Low,Low,1593,27,3.94
Ranchi,Wheat,Loamy,6.82,Medium,Medium,High,974,21,2.85
Ranchi,Pulses,Loamy,6.93,Low,High,Low,900,25,1.56
Ranchi,Pulses,Sandy Loam,6.75,Medium,High,Medium,834,21,1.77
Ranchi,Wheat,Loamy,7.17,High,Medium,High,1015,19,2.04
Ranchi,Maize,Sandy Loam,6.91,Medium,High,High,1152,23,2.18
Ranchi,Maize,Sandy Loam,6.95,Low,Low,Medium,925,19,2.29
Ranchi,Pulses,Sandy Loam,6.42,Low,Low,High,1090,22,1.6
Ranchi,Rice,Loamy,5.86,Low,Low,High,1300,30,2.62
Ranchi,Maize,Loamy,5.91,Medium,Low,High,1167,27,3.19
Ranchi,Pulses,Sandy Loam,6.03,High,High,High,852,24,1.51
Ranchi,Maize,Sandy Loam,7.14,Medium,High,Medium,943,25,2.54
Ranchi,Maize,Loamy,7.21,High,High,Low,917,25,3.79
Ranchi,Pulses,Sandy Loam,6.29,Low,Medium,Medium,944,20,1.5
Ranchi,Maize,Loamy,6.73,Medium,High,Medium,934,23,3.0
Ranchi,Wheat,Loamy,7.26,Medium,Medium,Low,1258,21,3.31
Ranchi,Pulses,Loamy,7.42,Low,High,Medium,802,21,1.24
Ranchi,Pulses,Loamy,6.65,Low,High,Medium,880,25,1.41
Ranchi,Wheat,Clay Loam,6.8,Medium,Medium,High,1243,20,3.03
Ranchi,Maize,Loamy,7.13,Medium,Low,Medium,1108,20,2.0
Ranchi,Wheat,Loamy,6.69,Medium,Medium,Low,1380,23,2.69
Ranchi,Wheat,Clay Loam,6.1,Medium,Medium,Low,1211,18,2.35
Ranchi,Wheat,Clay Loam,6.54,Medium,High,High,1223,19,2.76
Ranchi,Wheat,Loamy,6.06,Low,Medium,Low,1006,24,3.22
Ranchi,Rice,Clay Loam,5.68,High,Medium,High,1330,30,3.03
Ranchi,Maize,Sandy Loam,7.02,Low,High,Medium,1022,25,2.68
Ranchi,Pulses,Loamy,6.4,Low,Low,Low,1047,22,1.59
Ranchi,Maize,Loamy,6.6,Medium,Low,Low,1132,28,3.93
Ranchi,Maize,Sandy Loam,7.37,High,Medium,Low,922,21,3.29
Ranchi,Pulses,Loamy,7.33,Low,High,Low,1011,24,1.05
Ranchi,Wheat,Clay Loam,7.34,Medium,Low,Medium,1209,22,3.18
Ranchi,Maize,Sandy Loam,5.98,Medium,Low,Medium,915,18,2.8
Ranchi,Rice,Clay Loam,6.05,Low,High,Medium,1562,22,3.0
Ranchi,Rice,Clay Loam,6.12,Low,Low,High,1338,28,3.17
Ranchi,Rice,Clay Loam,6.86,Medium,High,High,1380,23,3.25
Ranchi,Maize,Sandy Loam,6.88,High,Low,Low,1176,23,2.87
Ranchi,Pulses,Sandy Loam,6.91,Medium,Medium,High,839,28,1.25
Ranchi,Maize,Sandy Loam,6.98,Medium,Low,Medium,901,20,3.75
Ranchi,Rice,Clayey,6.93,High,Low,Low,1555,22,2.99
Ranchi,Wheat,Loamy,7.26,Low,Medium,Medium,964,25,2.7
Ranchi,Pulses,Sandy Loam,6.68,Low,Medium,Medium,1063,25,1.08
Ranchi,Pulses,Sandy Loam,6.82,Medium,Medium,Low,1075,27,1.33
Ranchi,Rice,Clay Loam,6.72,High,Medium,Low,1205,27,3.23
Ranchi,Rice,Loamy,6.76,Medium,High,Medium,1346,32,3.18
Ranchi,Wheat,Clay Loam,6.38,Low,High,Low,910,25,2.39
Ranchi,Wheat,Loamy,7.06,Medium,High,High,1308,24,3.0
Ranchi,Rice,Loamy,6.0,High,High,Low,1425,23,3.72
Ranchi,Maize,Sandy Loam,6.89,High,Medium,Medium,1171,21,2.82
Ranchi,Maize,Sandy Loam,7.23,Medium,Low,Medium,916,25,2.82
Ranchi,Wheat,Clay Loam,6.23,Low,High,Medium,1391,24,2.42
Ranchi,Rice,Loamy,5.86,High,High,High,1334,31,2.72
Ranchi,Rice,Loamy,6.92,High,Medium,Medium,1501,26,3.42
Ranchi,Wheat,Loamy,6.84,Low,Medium,High,1068,20,1.73
Ranchi,Rice,Loamy,6.97,Medium,Medium,Medium,1546,32,3.68
Ranchi,Wheat,Loamy,6.74,High,Medium,High,1145,25,2.61
Ranchi,Wheat,Loamy,6.98,Low,Low,Low,1281,25,2.09
Ranchi,Maize,Sandy Loam,7.19,High,Low,Low,1122,28,3.6
Ranchi,Wheat,Loamy,7.27,Low,Low,High,1319,23,3.26
Ranchi,Rice,Clayey,6.75,Low,Medium,High,1395,32,4.38
Ranchi,Rice,Clayey,6.41,Low,Low,Medium,1401,25,3.55
Ranchi,Wheat,Loamy,7.08,High,Medium,Low,1062,21,1.88
Ranchi,Rice,Loamy,6.39,Medium,High,High,1323,30,3.2
Ranchi,Pulses,Loamy,6.46,High,High,High,1068,23,1.98
Ranchi,Pulses,Sandy Loam,6.58,High,High,High,938,25,1.94
Ranchi,Pulses,Sandy Loam,6.71,Low,High,Medium,1032,21,1.53
Ranchi,Maize,Loamy,7.06,Medium,Medium,Low,1185,18,3.24
Ranchi,Pulses,Sandy Loam,6.25,Low,High,Low,1039,24,1.09
Ranchi,Pulses,Sandy Loam,6.99,High,Low,High,1024,23,1.9
Ranchi,Rice,Clay Loam,5.62,Medium,High,High,1332,32,2.61
Ranchi,Rice,Clay Loam,5.96,Medium,High,High,1542,22,3.62
Ranchi,Pulses,Sandy Loam,7.13,Medium,High,Low,959,27,1.02
Ranchi,Maize,Loamy,7.23,Medium,Medium,Medium,926,24,3.19
Ranchi,Wheat,Loamy,7.49,High,High,High,1301,18,2.49
Ranchi,Rice,Clay Loam,6.9,Low,Medium,Medium,1232,26,4.1
Ranchi,Maize,Loamy,6.64,Low,Medium,High,1119,29,2.01
Ranchi,Rice,Clayey,6.66,High,High,High,1432,25,3.7
Ranchi,Wheat,Clay Loam,7.24,Medium,Medium,Medium,1159,20,3.12
Ranchi,Rice,Loamy,6.43,Low,Low,Medium,1221,26,4.31
Ranchi,Rice,Loamy,5.86,High,Medium,High,1357,30,3.64
Ranchi,Pulses,Loamy,6.48,High,Low,Low,882,19,1.63
Ranchi,Wheat,Clay Loam,6.59,High,High,Medium,1117,22,2.55
Ranchi,Wheat,Loamy,7.08,Low,High,Low,1259,22,2.2
Ranchi,Pulses,Loamy,6.73,High,High,Medium,947,18,1.63
Ranchi,Maize,Loamy,6.51,Medium,Low,Medium,1128,29,2.43
Ranchi,Rice,Clayey,5.92,Medium,High,Low,1583,30,3.75
Ranchi,Maize,Sandy Loam,5.99,Medium,High,High,1161,28,3.47
Ranchi,Pulses,Loamy,7.39,Low,Low,Low,810,24,1.43
Ranchi,Pulses,Loamy,6.13,Low,High,Low,852,23,1.58
Ranchi,Maize,Loamy,7.5,Low,Medium,High,977,21,2.65
Ranchi,Wheat,Loamy,6.26,Low,High,High,1020,24,2.76
Ranchi,Rice,Loamy,6.34,Medium,Medium,Low,1425,23,2.92
Ranchi,Rice,Clayey,6.44,Medium,Medium,Medium,1298,22,3.38
Ranchi,Maize,Sandy Loam,7.27,High,Low,Medium,1055,20,3.68
Ranchi,Pulses,Sandy Loam,7.0,Medium,Medium,High,959,21,1.57
Ranchi,Maize,Sandy Loam,6.19,Medium,High,Medium,1023,26,2.04
Ranchi,Wheat,Loamy,6.17,Medium,High,High,1133,25,2.43
Ranchi,Maize,Sandy Loam,7.43,Medium,Medium,Low,932,20,2.63
Ranchi,Rice,Clay Loam,5.53,Medium,High,Low,1296,22,3.43
Ranchi,Wheat,Loamy,6.31,High,Medium,Low,900,18,2.1
Ranchi,Rice,Clay Loam,6.5,High,Medium,Medium,1475,29,3.34
Ranchi,Pulses,Sandy Loam,6.5,Medium,Medium,Low,850,23,1.85
Ranchi,Pulses,Loamy,7.04,Medium,Low,High,947,22,1.35
Ranchi,Pulses,Loamy,6.04,Medium,Low,High,1070,24,1.68
Ranchi,Rice,Clay Loam,6.1,Medium,Medium,High,1448,26,2.52
Ranchi,Maize,Loamy,6.38,Medium,Low,High,1053,26,2.88
Ranchi,Wheat,Loamy,6.87,High,Medium,High,1324,24,2.2
Ranchi,Rice,Clay Loam,6.71,Medium,High,Medium,1495,31,3.65
Ranchi,Maize,Loamy,6.77,High,Medium,High,1125,29,3.86
Ranchi,Wheat,Loamy,6.89,Low,Medium,Low,1223,21,2.6
Ranchi,Rice,Clayey,6.45,High,Medium,Medium,1357,27,3.36
Ranchi,Maize,Sandy Loam,6.62,High,High,Medium,1053,27,2.2
Ranchi,Pulses,Sandy Loam,6.26,High,Low,Low,927,20,1.12
Ranchi,Pulses,Sandy Loam,6.45,High,Medium,Medium,922,23,1.57
Ranchi,Wheat,Loamy,7.41,High,Low,Low,922,25,2.56
Ranchi,Wheat,Clay Loam,6.88,Low,High,Medium,1291,22,2.71
Ranchi,Wheat,Clay Loam,7.05,Medium,Low,Low,1269,24,2.0
Ranchi,Maize,Loamy,6.49,Medium,Medium,Low,1119,30,2.0
Ranchi,Pulses,Loamy,6.72,Low,High,High,802,21,1.44
Ranchi,Wheat,Clay Loam,6.22,High,Low,Low,1298,25,3.09
Ranchi,Pulses,Loamy,7.3,Medium,Low,Medium,1034,23,1.84
Ranchi,Maize,Sandy Loam,6.05,High,Low,High,947,26,2.67
Ranchi,Rice,Clay Loam,5.89,Low,Medium,Low,1276,25,3.26
Ranchi,Pulses,Sandy Loam,6.76,Medium,Low,Low,971,20,1.32
Ranchi,Rice,Clayey,6.81,Medium,Medium,High,1591,30,2.54
Ranchi,Wheat,Loamy,6.97,Low,Medium,High,1025,23,2.82
Ranchi,Maize,Loamy,6.6,High,Low,High,1056,30,2.19
Ranchi,Pulses,Loamy,6.73,High,Low,High,814,26,1.49
Ranchi,Rice,Clayey,5.96,High,High,Medium,1444,22,4.15
Ranchi,Rice,Clayey,5.78,Medium,Medium,High,1248,31,2.64
Ranchi,Rice,Loamy,5.87,Medium,High,High,1578,22,3.73
Ranchi,Maize,Loamy,6.08,High,Low,Low,942,25,2.94
Ranchi,Maize,Sandy Loam,5.96,High,Low,Medium,1104,19,3.76
Ranchi,Wheat,Loamy,6.19,High,High,Medium,1098,23,2.39
Ranchi,Pulses,Sandy Loam,7.15,Low,Low,Medium,824,18,1.49
Ranchi,Maize,Sandy Loam,7.41,Low,Low,Medium,1103,18,3.4
Ranchi,Maize,Loamy,6.38,High,Low,Low,1100,24,3.88
Ranchi,Maize,Sandy Loam,7.48,Low,Medium,Low,971,20,2.25
Ranchi,Wheat,Loamy,7.0,Medium,High,Low,1223,18,2.67
Ranchi,Maize,Loamy,6.5,Medium,Medium,Medium,933,24,2.23
Ranchi,Wheat,Clay Loam,6.25,Medium,Medium,Low,1240,21,2.34
Ranchi,Wheat,Loamy,6.52,Low,High,High,1302,21,3.08
Ranchi,Maize,Sandy Loam,6.8,Low,Low,Medium,1160,30,2.75
Ranchi,Wheat,Clay Loam,6.22,High,High,Medium,967,20,2.38
Ranchi,Maize,Sandy Loam,7.13,Medium,Medium,Low,1111,26,3.11
Ranchi,Wheat,Clay Loam,6.01,Low,Medium,High,1359,21,2.77
Ranchi,Wheat,Loamy,6.18,Medium,Low,Medium,1035,21,2.31
Ranchi,Pulses,Sandy Loam,7.35,Medium,High,High,1045,19,1.18
Ranchi,Rice,Clay Loam,6.82,High,High,Medium,1222,31,3.77
Ranchi,Maize,Sandy Loam,6.55,Medium,High,Medium,915,30,3.64
Ranchi,Pulses,Loamy,7.08,High,Low,High,889,25,1.13
Ranchi,Wheat,Clay Loam,6.2,Low,High,Medium,1187,20,2.34
Ranchi,Wheat,Clay Loam,6.96,Low,Low,Medium,1109,25,1.91
Ranchi,Pulses,Sandy Loam,6.07,Low,High,High,851,21,1.53
Ranchi,Pulses,Loamy,6.08,High,High,High,832,25,1.58
Ranchi,Pulses,Sandy Loam,6.95,High,Medium,High,1080,24,1.69
Ranchi,Wheat,Clay Loam,6.65,Low,Low,Low,1311,22,1.73
Ranchi,Pulses,Loamy,6.84,Medium,Medium,High,957,20,1.65
Ranchi,Rice,Clay Loam,6.43,Medium,Low,High,1467,28,2.52
Ranchi,Wheat,Clay Loam,6.53,Low,Low,High,1171,24,2.2
Ranchi,Wheat,Loamy,6.11,Low,Low,High,1164,23,2.92
Ranchi,Maize,Loamy,6.68,Low,High,Medium,1145,21,3.57
Ranchi,Pulses,Loamy,7.02,High,High,Low,867,23,1.57
Ranchi,Maize,Loamy,6.46,Low,Low,Low,968,18,2.72
Ranchi,Pulses,Sandy Loam,6.23,Medium,High,Low,800,28,1.93
Ranchi,Rice,Clay Loam,5.72,Medium,High,Low,1421,29,2.97
Ranchi,Rice,Loamy,6.83,Medium,Medium,Low,1436,31,3.26
Ranchi,Maize,Loamy,5.82,High,Medium,Medium,1130,24,2.09
Ranchi,Pulses,Loamy,6.4,Medium,High,High,1035,19,1.22
Ranchi,Maize,Sandy Loam,7.33,Medium,High,Medium,943,21,3.49
Ranchi,Wheat,Loamy,7.38,High,High,High,1080,20,1.9
Ranchi,Maize,Loamy,7.45,High,High,Low,1092,20,2.93
Ranchi,Rice,Loamy,6.74,Low,High,Medium,1552,29,2.76
Ranchi,Pulses,Loamy,6.01,Low,Medium,Low,1001,25,1.35
Ranchi,Maize,Sandy Loam,6.12,High,Low,Low,966,24,3.22
Ranchi,Wheat,Clay Loam,6.4,High,Medium,Low,1292,24,3.01
Ranchi,Wheat,Loamy,7.12,High,Medium,Medium,1318,18,2.63
Ranchi,Wheat,Loamy,7.49,Low,High,Low,1131,18,2.81
Ranchi,Wheat,Loamy,6.06,Medium,Medium,Low,1190,25,1.82
Ranchi,Maize,Sandy Loam,5.89,Low,Low,Medium,918,21,3.71
Ranchi,Wheat,Clay Loam,7.48,High,High,Low,1233,18,2.46
Ranchi,Rice,Clay Loam,5.7,Medium,Low,High,1261,30,3.27
Ranchi,Maize,Loamy,6.15,Medium,High,High,954,22,2.11
Ranchi,Maize,Sandy Loam,6.74,Low,High,Medium,1174,30,2.3
Ranchi,Pulses,Sandy Loam,7.02,Low,High,High,964,23,1.65
Ranchi,Maize,Loamy,7.05,High,Medium,Medium,1172,22,2.73
Ranchi,Rice,Clay Loam,5.8,Medium,Medium,Medium,1305,28,3.41
Ranchi,Maize,Sandy Loam,7.28,Medium,High,Medium,1102,30,3.19
Ranchi,Maize,Sandy Loam,6.61,Medium,High,Medium,948,24,2.75
Ranchi,Rice,Clayey,5.54,Medium,Medium,Medium,1505,25,2.87
Ranchi,Maize,Loamy,7.25,High,Medium,Low,1057,24,2.5
Ranchi,Pulses,Sandy Loam,6.39,Low,Medium,Medium,851,18,1.23
Ranchi,Pulses,Loamy,6.81,Low,Low,Low,876,21,1.14
Ranchi,Maize,Sandy Loam,6.87,Medium,High,Low,1121,24,3.02
Ranchi,Wheat,Clay Loam,6.6,High,Low,High,901,25,2.54
Ranchi,Pulses,Sandy Loam,7.3,Medium,Low,Medium,1013,20,1.67
Ranchi,Wheat,Loamy,6.91,High,Medium,Medium,1208,20,2.1
Ranchi,Rice,Clayey,5.99,Low,High,High,1370,27,4.3
Ranchi,Rice,Loamy,5.79,High,Medium,Medium,1204,22,3.8
Ranchi,Wheat,Clay Loam,6.88,High,Medium,High,1304,24,3.23
Ranchi,Maize,Loamy,6.89,Low,Low,Medium,933,30,2.7
Ranchi,Rice,Loamy,5.93,Low,High,High,1518,25,3.76
Ranchi,Wheat,Clay Loam,6.48,Medium,Medium,Medium,957,19,3.39
Ranchi,Pulses,Loamy,7.25,High,High,Low,843,24,1.24
Ranchi,Pulses,Sandy Loam,7.43,Medium,Low,Medium,998,23,1.43
Ranchi,Rice,Clay Loam,5.84,High,High,Medium,1526,30,3.52
Ranchi,Rice,Clayey,6.17,Medium,Low,High,1304,32,2.64
Ranchi,Pulses,Sandy Loam,6.29,High,Low,Low,912,24,1.78
Ranchi,Rice,Clayey,6.96,Medium,Low,High,1201,29,3.04
Ranchi,Pulses,Sandy Loam,6.03,Low,Medium,Low,851,26,1.48
Ranchi,Pulses,Sandy Loam,6.4,Low,Low,Low,994,19,1.23
Ranchi,Wheat,Clay Loam,7.26,Low,Low,Medium,1010,24,2.66
Ranchi,Maize,Loamy,5.89,Medium,High,Medium,1015,26,2.94
Ranchi,Wheat,Loamy,6.79,High,High,Medium,1141,21,3.33
Ranchi,Rice,Clay Loam,6.94,High,Low,Medium,1402,25,3.23
Ranchi,Maize,Loamy,6.89,Medium,High,High,1035,27,3.69
Ranchi,Maize,Loamy,6.01,Medium,Medium,High,1007,26,3.74
Ranchi,Pulses,Sandy Loam,7.28,Low,Low,Low,938,22,1.88
Ranchi,Rice,Loamy,5.61,Low,Low,Low,1515,24,3.4
Ranchi,Pulses,Sandy Loam,6.3,Medium,Medium,High,1094,25,1.87
Ranchi,Maize,Sandy Loam,6.9,High,Low,High,1061,22,2.45
Ranchi,Rice,Clay Loam,6.03,Medium,High,Low,1501,27,2.66
Ranchi,Pulses,Sandy Loam,7.21,Medium,Low,Low,889,23,1.18
Ranchi,Rice,Loamy,6.2,High,Medium,Low,1580,29,2.73
Ranchi,Maize,Sandy Loam,6.32,Medium,High,High,1143,19,2.46
Ranchi,Maize,Sandy Loam,6.42,High,High,Medium,944,29,3.46
Ranchi,Rice,Loamy,6.97,High,Low,Medium,1341,30,3.3
Ranchi,Maize,Loamy,6.95,Low,Low,High,1078,22,2.34
Ranchi,Rice,Loamy,7.0,Low,Low,Medium,1539,28,3.42
Ranchi,Wheat,Clay Loam,6.06,High,High,Low,1113,20,3.34
Ranchi,Maize,Sandy Loam,5.88,Medium,Low,High,980,29,3.75
Ranchi,Maize,Sandy Loam,7.43,Medium,Low,Low,1170,23,3.3
Ranchi,Wheat,Clay Loam,6.08,High,High,Medium,940,21,2.55
Ranchi,Rice,Loamy,6.18,Medium,Medium,Medium,1251,26,4.39
Ranchi,Wheat,Clay Loam,6.49,Low,Low,Low,994,23,2.96
Ranchi,Maize,Sandy Loam,7.36,High,High,Low,916,19,3.86
Ranchi,Wheat,Loamy,6.52,Low,Medium,Medium,970,20,3.29
Ranchi,Rice,Loamy,6.36,Medium,Medium,Medium,1480,31,2.52
Ranchi,Pulses,Sandy Loam,7.06,High,Low,High,954,26,1.25
Ranchi,Wheat,Loamy,6.94,Low,Medium,Medium,930,19,2.71
Ranchi,Rice,Clay Loam,5.62,High,Medium,High,1389,22,2.95
Ranchi,Pulses,Loamy,6.08,High,High,Medium,1002,23,1.13
Ranchi,Wheat,Loamy,6.02,Low,High,High,1344,24,1.93
Ranchi,Wheat,Loamy,6.04,Medium,Low,Low,1077,18,3.36
Ranchi,Wheat,Clay Loam,7.33,Medium,Medium,Medium,1268,22,1.92
Ranchi,Pulses,Sandy Loam,6.55,Medium,Low,Medium,933,22,1.85
Ranchi,Pulses,Loamy,6.74,Low,High,Low,831,22,1.99
Ranchi,Rice,Clay Loam,6.51,High,Low,High,1395,23,3.18
Ranchi,Maize,Loamy,6.08,High,Low,Low,957,19,2.83
Ranchi,Wheat,Clay Loam,6.44,Medium,High,Medium,1260,25,3.14
Ranchi,Pulses,Loamy,6.96,Medium,Medium,Low,1050,18,1.68
Ranchi,Maize,Loamy,5.85,Medium,High,Medium,936,28,2.03
Ranchi,Wheat,Clay Loam,7.24,Medium,Low,Low,1226,18,3.28
Ranchi,Pulses,Sandy Loam,6.52,Medium,High,Low,1032,20,1.62
Ranchi,Pulses,Loamy,6.47,Low,High,Medium,923,25,1.41
Ranchi,Wheat,Loamy,6.52,High,Low,Medium,1268,22,2.72
Ranchi,Rice,Clay Loam,6.17,Low,Medium,High,1379,22,2.99
Ranchi,Maize,Loamy,5.85,Low,Medium,High,1183,29,2.24
Ranchi,Rice,Loamy,6.89,High,High,High,1276,29,4.49
Ranchi,Pulses,Sandy Loam,7.2,Low,Medium,Low,1010,18,1.24
Ranchi,Rice,Clayey,6.03,High,High,High,1340,30,3.71
Ranchi,Wheat,Clay Loam,6.4,High,High,Medium,1393,18,2.6
Ranchi,Maize,Sandy Loam,7.32,Medium,Medium,High,901,27,2.39
Ranchi,Wheat,Clay Loam,7.01,High,High,Medium,1047,18,2.68
Ranchi,Maize,Loamy,6.68,Medium,Medium,Medium,959,20,2.13
Ranchi,Rice,Clayey,6.71,Low,Medium,Medium,1244,23,3.65
Ranchi,Wheat,Loamy,6.65,Medium,Low,Low,1261,20,3.31
Ranchi,Pulses,Sandy Loam,6.66,Low,High,Medium,925,18,1.91
Ranchi,Wheat,Loamy,7.39,Low,Low,Medium,1395,19,2.32
Ranchi,Wheat,Loamy,7.32,High,Medium,High,1049,24,2.03
Ranchi,Pulses,Sandy Loam,6.18,High,Low,Low,848,27,1.86
Ranchi,Rice,Loamy,5.83,Medium,Low,Medium,1562,30,2.63
Ranchi,Rice,Clay Loam,5.51,Medium,High,Low,1474,28,3.18
Ranchi,Maize,Loamy,5.93,High,Low,Medium,1064,26,2.16
Ranchi,Rice,Clay Loam,5.6,Low,High,Low,1204,25,3.11
Ranchi,Maize,Sandy Loam,6.72,High,Medium,Medium,1081,23,2.43
Ranchi,Maize,Sandy Loam,7.1,Low,Medium,High,984,30,3.53
Ranchi,Wheat,Loamy,7.32,Medium,Low,High,916,22,2.1
Ranchi,Maize,Sandy Loam,6.08,Medium,High,Low,1165,28,3.92
Ranchi,Rice,Clay Loam,6.03,Medium,Low,Medium,1321,24,3.05
Ranchi,Maize,Sandy Loam,6.38,High,Low,Medium,1143,25,3.91
Ranchi,Pulses,Sandy Loam,6.93,Low,Medium,Low,843,22,1.55
Ranchi,Rice,Loamy,6.52,Low,Low,High,1468,32,3.2
Ranchi,Pulses,Loamy,6.0,Medium,Medium,Medium,815,26,1.92
Ranchi,Pulses,Sandy Loam,7.28,High,Medium,Low,986,22,1.13
Ranchi,Wheat,Clay Loam,6.3,Low,Medium,High,961,22,3.06
Ranchi,Pulses,Loamy,6.66,Low,Low,Low,865,26,1.95
Ranchi,Rice,Loamy,6.78,Medium,Medium,Medium,1390,27,2.8
Ranchi,Rice,Clayey,6.55,High,Medium,Low,1359,32,2.6
Ranchi,Rice,Loamy,6.31,Low,Medium,Medium,1531,32,3.67
Ranchi,Rice,Clay Loam,6.11,Medium,Low,High,1302,23,3.89
Ranchi,Pulses,Loamy,7.5,High,Medium,High,835,26,1.13
Ranchi,Rice,Clay Loam,5.88,High,High,Low,1232,32,2.57
Ranchi,Pulses,Loamy,7.1,High,Low,High,969,18,1.14
Ranchi,Wheat,Clay Loam,6.37,High,High,Low,1079,23,2.84
Ranchi,Maize,Sandy Loam,6.21,Medium,High,High,1156,22,3.39
Ranchi,Maize,Loamy,7.32,Low,Medium,Medium,1011,25,2.41
Ranchi,Rice,Loamy,6.77,Low,High,Medium,1588,30,2.88
Ranchi,Rice,Clay Loam,5.94,Low,Medium,Medium,1557,32,3.67
Ranchi,Pulses,Loamy,6.29,Low,High,Medium,1048,18,1.55
Ranchi,Maize,Loamy,5.8,Low,Medium,Medium,975,30,3.96
Ranchi,Pulses,Sandy Loam,7.26,High,Medium,Medium,1020,20,1.62
Ranchi,Rice,Clayey,5.55,Low,Medium,Medium,1417,31,3.46
Ranchi,Maize,Sandy Loam,6.72,High,High,Medium,1185,29,2.34
Ranchi,Rice,Clay Loam,5.79,Medium,Medium,Medium,1590,23,3.02
Ranchi,Wheat,Loamy,6.69,Low,High,Low,1028,20,2.05
Ranchi,Wheat,Clay Loam,6.55,Low,High,Medium,1399,25,3.23
Ranchi,Wheat,Loamy,7.06,High,Medium,High,1048,25,2.58
Ranchi,Rice,Loamy,6.47,Medium,High,High,1504,26,3.97
Ranchi,Rice,Clay Loam,6.41,Low,Low,Low,1457,24,2.64
Ranchi,Rice,Clay Loam,6.16,Medium,Medium,Medium,1315,24,4.33
Ranchi,Pulses,Sandy Loam,6.81,Low,Low,High,945,26,1.7
Ranchi,Maize,Loamy,6.29,High,Low,Medium,1112,21,3.63
Ranchi,Pulses,Loamy,6.49,High,Low,High,885,20,1.41
Ranchi,Rice,Loamy,6.44,Medium,High,Low,1540,22,2.63
Ranchi,Rice,Clayey,6.02,Medium,High,Low,1295,30,2.52
Ranchi,Maize,Sandy Loam,7.11,Medium,Medium,Low,1171,27,3.11
Ranchi,Pulses,Loamy,6.39,Low,Medium,High,944,24,1.96
Ranchi,Pulses,Loamy,6.88,Low,Low,Medium,1091,26,1.04
Ranchi,Maize,Sandy Loam,7.09,Low,High,High,1003,24,2.54
Ranchi,Rice,Loamy,5.81,Low,Low,High,1396,22,3.72
Ranchi,Wheat,Clay Loam,6.61,Medium,Medium,Low,1075,18,2.47
Ranchi,Pulses,Sandy Loam,6.75,High,High,Medium,899,27,1.56
Ranchi,Maize,Loamy,6.01,Low,Medium,Medium,1107,18,2.98
Ranchi,Wheat,Clay Loam,6.56,High,Low,Low,947,23,3.17
Ranchi,Wheat,Loamy,6.41,Low,Low,Medium,1296,19,1.7
Ranchi,Rice,Clayey,5.75,Medium,Low,Medium,1589,25,3.41
Ranchi,Maize,Sandy Loam,6.35,Medium,Medium,Medium,1066,21,3.64
Ranchi,Wheat,Clay Loam,6.13,Low,Medium,High,1098,18,3.24
Ranchi,Rice,Loamy,6.36,High,Medium,Medium,1355,23,2.99
Ranchi,Rice,Clayey,6.91,High,Low,Medium,1450,24,3.48
Ranchi,Wheat,Loamy,6.74,Medium,High,High,1249,23,3.04
Ranchi,Rice,Clay Loam,6.75,High,High,Low,1462,27,3.04
Ranchi,Maize,Sandy Loam,5.95,Low,Medium,Low,988,28,2.05
Ranchi,Wheat,Loamy,7.44,Medium,High,Medium,903,24,2.8
Ranchi,Pulses,Sandy Loam,6.85,Low,Medium,Medium,887,23,1.99
Ranchi,Maize,Loamy,6.0,Medium,Medium,High,1169,25,3.8
Ranchi,Maize,Sandy Loam,7.08,Medium,Medium,High,1042,24,2.3
Ranchi,Pulses,Loamy,6.04,Low,Medium,Low,1003,23,1.18
Ranchi,Pulses,Loamy,6.92,Medium,Low,High,981,23,1.49
Ranchi,Rice,Clay Loam,6.62,Low,Low,High,1500,25,2.65
Ranchi,Maize,Sandy Loam,7.13,Low,High,Medium,1072,18,3.98
Ranchi,Pulses,Sandy Loam,6.32,Low,Medium,Medium,900,23,1.8
Ranchi,Pulses,Loamy,7.18,Low,High,High,979,18,1.06
Ranchi,Maize,Loamy,6.15,Medium,Low,Low,1037,26,3.06
Ranchi,Pulses,Loamy,6.03,Low,High,High,1099,21,1.89
Ranchi,Pulses,Sandy Loam,7.17,Low,Medium,High,1074,24,1.02
Ranchi,Rice,Loamy,6.91,Low,High,High,1352,31,4.07
Ranchi,Wheat,Loamy,6.87,Medium,High,Medium,1067,20,3.13
Ranchi,Rice,Clayey,6.47,Low,High,High,1221,32,4.11
Ranchi,Maize,Sandy Loam,6.8,Medium,Low,Low,1069,28,2.17
Ranchi,Pulses,Sandy Loam,7.43,Low,Medium,High,1098,28,1.98
Ranchi,Maize,Sandy Loam,6.29,High,Medium,Medium,1081,26,3.9
Ranchi,Pulses,Sandy Loam,6.57,Medium,Low,Medium,872,24,1.48
Ranchi,Rice,Loamy,6.69,High,Medium,Medium,1334,24,3.37
Ranchi,Wheat,Clay Loam,6.37,Medium,Medium,High,966,18,1.88
Ranchi,Wheat,Loamy,7.27,High,High,High,1026,18,2.01
Ranchi,Maize,Loamy,6.21,Low,High,Medium,1080,27,3.21
Ranchi,Rice,Clay Loam,6.41,High,Low,High,1381,31,4.42
Ranchi,Maize,Sandy Loam,7.07,High,Low,High,1038,18,3.17
Ranchi,Rice,Clayey,6.43,High,Medium,Low,1251,27,3.11
Ranchi,Pulses,Sandy Loam,6.61,Low,High,High,1051,18,1.45
Ranchi,Wheat,Loamy,7.11,High,High,High,964,20,2.18
Ranchi,Rice,Clayey,6.78,Low,High,High,1459,29,3.5
Ranchi,Wheat,Loamy,7.22,Low,Low,High,1113,21,1.88
Ranchi,Wheat,Clay Loam,6.04,High,Medium,High,993,19,3.27
Ranchi,Maize,Loamy,6.16,Low,Medium,Medium,944,23,2.77
Ranchi,Maize,Sandy Loam,6.88,Low,Low,Low,1145,28,2.67
Ranchi,Maize,Sandy Loam,6.68,High,Medium,Low,923,20,2.28
Ranchi,Pulses,Sandy Loam,6.74,Medium,High,Low,812,21,1.7
Ranchi,Wheat,Clay Loam,6.78,Low,Low,Medium,1230,23,3.23
Ranchi,Pulses,Sandy Loam,6.65,High,High,Low,805,25,1.62
Ranchi,Rice,Loamy,6.76,Low,Medium,High,1219,25,3.42
Ranchi,Wheat,Clay Loam,6.96,High,High,Low,1363,19,3.17
Ranchi,Pulses,Loamy,7.11,Low,Medium,Low,824,20,1.86
Ranchi,Wheat,Loamy,7.3,High,Low,Low,1046,25,2.1
Ranchi,Maize,Sandy Loam,7.12,High,Low,Medium,926,29,2.59
Ranchi,Pulses,Sandy Loam,7.41,Low,Medium,Medium,1007,24,1.38
Ranchi,Pulses,Sandy Loam,6.79,Low,Low,Medium,1068,28,1.21
Ranchi,Wheat,Clay Loam,6.39,Low,Medium,Low,1057,21,3.1
Ranchi,Rice,Clay Loam,5.59,Medium,Low,High,1203,29,3.5
Ranchi,Pulses,Loamy,7.27,Low,Low,Low,1034,26,1.43
Ranchi,Rice,Clayey,5.94,Medium,Low,Low,1208,26,2.61
Ranchi,Wheat,Clay Loam,7.12,High,Medium,High,1050,24,3.02
Ranchi,Wheat,Loamy,6.24,High,Medium,Low,1105,19,2.43
Ranchi,Wheat,Clay Loam,7.48,Low,Low,Medium,980,24,2.17
Ranchi,Pulses,Loamy,6.36,Low,Medium,Low,1099,25,1.76
Ranchi,Rice,Clay Loam,6.58,Medium,High,Medium,1467,26,3.06
Ranchi,Maize,Sandy Loam,6.49,Medium,Medium,Low,960,18,2.85
Ranchi,Rice,Clay Loam,5.83,Low,High,Medium,1407,30,3.1
Ranchi,Pulses,Sandy Loam,6.92,Low,High,High,1036,26,1.65
Ranchi,Rice,Clay Loam,6.86,High,Low,High,1567,28,3.4
Ranchi,Rice,Clay Loam,6.54,Low,Medium,Medium,1317,22,3.43
Ranchi,Maize,Sandy Loam,6.05,High,High,High,1193,20,3.79
Ranchi,Pulses,Sandy Loam,6.58,Low,Medium,Low,869,22,1.22
Ranchi,Maize,Sandy Loam,5.84,Medium,Medium,Medium,985,28,2.8
Ranchi,Maize,Sandy Loam,6.8,Medium,Medium,Medium,988,20,2.26
Ranchi,Maize,Loamy,6.95,Medium,Low,High,1013,24,3.56
Ranchi,Pulses,Loamy,6.56,Low,Low,Medium,920,28,1.36
Ranchi,Pulses,Loamy,7.36,Low,Low,Medium,908,25,1.64
Ranchi,Maize,Sandy Loam,6.22,Low,High,Medium,1167,28,2.01
Ranchi,Pulses,Loamy,6.85,Low,Low,Low,919,18,1.82
Ranchi,Pulses,Loamy,6.2,High,Medium,Low,1038,23,1.76
Ranchi,Rice,Clay Loam,6.12,Medium,Medium,Medium,1275,30,3.88
Ranchi,Maize,Loamy,6.52,Low,Medium,Medium,1079,27,2.53
Ranchi,Wheat,Loamy,6.74,High,Medium,Medium,1228,18,2.76
Ranchi,Wheat,Clay Loam,6.7,High,Low,Low,1018,21,2.26
Ranchi,Rice,Clayey,6.34,Medium,Medium,Medium,1532,30,4.19
Ranchi,Wheat,Clay Loam,6.76,High,Medium,High,1322,23,2.11
Ranchi,Wheat,Loamy,7.03,Medium,Low,Low,1349,24,1.79
Ranchi,Rice,Loamy,6.19,Low,High,Medium,1563,22,3.96
Ranchi,Pulses,Sandy Loam,7.43,High,Medium,Low,1029,27,1.35
Ranchi,Pulses,Loamy,7.09,Low,Medium,Medium,807,20,1.45
Ranchi,Rice,Clay Loam,6.63,Medium,Medium,Low,1292,22,3.89
Ranchi,Pulses,Sandy Loam,7.22,Low,High,Medium,995,20,1.28
Ranchi,Pulses,Loamy,7.19,High,Low,High,1073,27,1.04
Ranchi,Maize,Sandy Loam,7.17,Medium,Low,High,927,19,2.56
Ranchi,Rice,Clayey,5.69,High,Medium,High,1249,29,2.88
Ranchi,Wheat,Loamy,6.67,Low,Medium,High,1139,25,1.94
Ranchi,Wheat,Loamy,7.0,High,High,Low,1056,23,1.79
Ranchi,Pulses,Loamy,6.6,Medium,High,Low,969,24,1.02
Ranchi,Rice,Loamy,5.75,Medium,High,Low,1343,23,4.34
Ranchi,Wheat,Loamy,6.67,High,Low,Medium,1163,19,1.72
Ranchi,Rice,Clay Loam,6.21,High,Low,Medium,1493,27,4.36
Ranchi,Maize,Sandy Loam,6.86,Low,Medium,Medium,1074,19,2.89
Ranchi,Pulses,Sandy Loam,6.92,Medium,Low,Low,1076,26,1.79
Ranchi,Wheat,Loamy,6.04,Medium,Medium,High,1142,25,2.93
Ranchi,Wheat,Clay Loam,6.21,Low,Medium,Low,1056,18,2.07
Ranchi,Pulses,Loamy,6.74,Low,High,Low,820,24,1.22
Ranchi,Pulses,Sandy Loam,6.61,Low,Medium,High,1049,26,1.23
Ranchi,Pulses,Loamy,7.36,Low,Low,Medium,883,23,1.66
Ranchi,Pulses,Sandy Loam,6.08,High,Low,Low,908,21,1.31
Ranchi,Pulses,Sandy Loam,6.4,High,High,High,963,22,1.11
Ranchi,Rice,Clay Loam,6.68,Low,Low,Medium,1226,24,3.63
Ranchi,Rice,Loamy,5.58,Low,Low,Low,1454,22,4.21
Ranchi,Maize,Sandy Loam,6.88,Low,Medium,Low,1145,27,2.24
Ranchi,Rice,Clayey,6.56,Low,Medium,Medium,1339,23,4.35
Ranchi,Pulses,Loamy,6.15,Medium,Medium,Medium,966,27,1.08
Ranchi,Rice,Loamy,6.56,High,Low,Medium,1445,30,3.15
Ranchi,Maize,Loamy,6.17,Medium,Medium,High,993,23,2.01
Ranchi,Wheat,Loamy,7.38,Medium,High,Low,1375,19,3.14
Ranchi,Wheat,Loamy,6.23,Low,Medium,Medium,1279,18,1.93
Ranchi,Maize,Loamy,5.95,High,Medium,Low,1123,23,2.35
Ranchi,Wheat,Clay Loam,7.25,Medium,High,High,980,21,2.93
Ranchi,Maize,Loamy,6.18,Medium,Medium,Low,1190,18,3.7
Ranchi,Wheat,Loamy,7.09,Medium,Low,High,1225,18,3.36
Ranchi,Maize,Loamy,6.79,High,High,Low,980,22,2.64
Ranchi,Pulses,Sandy Loam,7.45,Medium,Medium,Medium,981,18,1.43
Ranchi,Wheat,Clay Loam,7.27,Medium,High,High,1188,21,2.89
Ranchi,Wheat,Loamy,7.23,Medium,High,Low,1381,22,3.0
Ranchi,Wheat,Clay Loam,6.05,Low,High,Medium,1064,20,3.01
Ranchi,Rice,Clayey,6.97,Low,High,Low,1223,25,4.5
Ranchi,Pulses,Sandy Loam,7.4,Low,Low,Medium,936,21,1.33
Ranchi,Pulses,Sandy Loam,7.47,Low,Low,Low,956,26,1.04
Ranchi,Maize,Sandy Loam,6.32,Low,Low,High,1178,24,2.33
Ranchi,Pulses,Loamy,6.03,High,Medium,Medium,964,24,1.5
Ranchi,Pulses,Sandy Loam,6.93,Medium,Medium,Medium,808,28,1.33
Ranchi,Rice,Loamy,6.36,High,Medium,High,1535,25,3.64
Ranchi,Wheat,Loamy,6.75,Low,Low,Low,940,23,2.8
Ranchi,Rice,Loamy,6.92,Low,High,High,1577,28,4.36
Ranchi,Rice,Loamy,6.58,Low,Medium,Medium,1380,26,3.15
Ranchi,Wheat,Clay Loam,7.01,Medium,Low,High,1069,21,3.12
Ranchi,Rice,Clayey,6.74,Medium,High,Medium,1302,31,2.92
Ranchi,Rice,Clay Loam,6.42,High,Low,High,1304,28,4.47
Ranchi,Maize,Sandy Loam,6.27,Low,Low,Medium,950,21,2.76
Ranchi,Maize,Loamy,7.42,Low,Low,Medium,1000,29,3.2
Ranchi,Pulses,Sandy Loam,7.31,Low,Medium,Low,1063,22,1.82
Ranchi,Pulses,Sandy Loam,7.04,Low,Medium,Medium,1006,27,1.35
Ranchi,Pulses,Loamy,7.31,High,Medium,Low,844,27,1.57
Ranchi,Maize,Sandy Loam,6.65,Low,High,Low,1062,23,2.55
Ranchi,Wheat,Loamy,7.1,Medium,High,High,1342,25,2.72
Ranchi,Wheat,Loamy,7.28,Medium,High,Medium,1345,24,2.75
Ranchi,Wheat,Clay Loam,6.17,High,Medium,Medium,1320,19,2.7
Ranchi,Rice,Loamy,6.73,Medium,Medium,Low,1363,30,4.15
Ranchi,Rice,Clayey,6.77,High,Low,High,1445,25,3.56
Ranchi,Maize,Sandy Loam,6.54,Medium,Low,Low,1130,20,3.11
Ranchi,Maize,Sandy Loam,7.08,Low,Medium,Low,1199,29,2.13
Ranchi,Pulses,Loamy,6.1,High,Medium,Medium,1028,21,1.05
Ranchi,Pulses,Sandy Loam,7.02,Medium,Medium,High,851,26,1.53
Ranchi,Rice,Clayey,5.57,Low,Medium,Low,1589,31,3.69
Ranchi,Rice,Clay Loam,5.52,Medium,High,Low,1511,29,3.31
Ranchi,Pulses,Loamy,6.89,Low,Low,High,1018,25,1.82
Ranchi,Wheat,Clay Loam,6.88,High,Medium,Medium,1168,19,1.7
Ranchi,Maize,Loamy,7.11,Low,Medium,Low,975,27,3.39
Ranchi,Wheat,Clay Loam,6.76,High,Medium,High,994,24,3.07
Ranchi,Maize,Sandy Loam,6.87,High,Medium,Low,1038,29,3.94
Ranchi,Maize,Sandy Loam,5.87,Medium,Medium,Low,927,26,2.57
Ranchi,Pulses,Sandy Loam,6.56,Low,Low,Low,946,21,1.19
Ranchi,Rice,Clay Loam,6.1,Low,Low,Medium,1392,23,2.71
Ranchi,Rice,Loamy,6.39,Medium,Low,Low,1518,25,3.0
Ranchi,Maize,Sandy Loam,7.36,Medium,Low,High,909,20,3.1
Ranchi,Pulses,Loamy,6.45,High,Low,Medium,939,19,1.38
Ranchi,Wheat,Clay Loam,7.03,Medium,Low,High,976,20,2.36
Ranchi,Rice,Clay Loam,5.82,Medium,Low,Low,1482,31,3.61
Ranchi,Pulses,Sandy Loam,6.33,Medium,Low,Medium,845,18,1.89
Ranchi,Maize,Loamy,7.35,Medium,High,High,1131,22,3.34
Ranchi,Wheat,Clay Loam,7.08,High,Medium,Medium,1375,20,2.3
Ranchi,Pulses,Sandy Loam,6.4,Medium,Low,Medium,910,19,1.56
Ranchi,Maize,Sandy Loam,7.12,Low,High,Medium,1065,24,2.53
Ranchi,Wheat,Loamy,6.58,High,Medium,Low,1333,19,1.87
Ranchi,Wheat,Loamy,6.32,Low,High,Medium,1209,19,2.99
Ranchi,Maize,Loamy,7.06,Low,Medium,Medium,1140,26,2.22
Ranchi,Wheat,Clay Loam,7.3,Medium,High,Medium,998,22,2.52
Ranchi,Wheat,Clay Loam,7.26,High,Low,Low,1172,24,2.64
Ranchi,Wheat,Loamy,7.19,High,High,Medium,952,25,2.38
Ranchi,Wheat,Clay Loam,7.41,Medium,High,Medium,1324,22,3.1
Ranchi,Maize,Sandy Loam,6.66,Medium,High,High,1023,29,3.51
Ranchi,Maize,Sandy Loam,5.95,Medium,High,Low,1087,29,3.89
Ranchi,Pulses,Sandy Loam,7.07,Low,Medium,Medium,1027,20,1.87
Ranchi,Wheat,Loamy,7.49,High,Low,High,1260,22,2.42
Ranchi,Maize,Loamy,6.17,Medium,High,Medium,1152,19,3.39
Ranchi,Rice,Clayey,6.08,Low,High,Medium,1224,31,3.14
Ranchi,Rice,Loamy,6.79,Medium,Medium,High,1388,27,3.52
Ranchi,Maize,Loamy,6.86,Low,Low,High,1152,19,2.9
Ranchi,Maize,Loamy,6.44,Medium,High,Low,968,29,2.78
Ranchi,Rice,Clay Loam,6.4,High,Low,High,1333,25,3.21
Ranchi,Pulses,Sandy Loam,6.45,Low,Low,Low,820,21,1.13
Ranchi,Pulses,Loamy,6.08,Low,Low,High,997,18,1.53
Ranchi,Maize,Loamy,6.76,High,Low,Low,1058,28,3.38
Ranchi,Pulses,Sandy Loam,6.98,Low,Low,Medium,957,22,1.04
Ranchi,Pulses,Sandy Loam,7.34,Low,Low,Low,809,18,1.25
Ranchi,Wheat,Loamy,6.84,High,Low,Low,989,21,2.21
Ranchi,Rice,Clayey,6.86,Medium,Low,Low,1322,29,4.13
Ranchi,Rice,Clay Loam,5.7,Medium,Medium,Low,1369,25,2.53
Ranchi,Pulses,Loamy,6.66,Medium,Medium,High,1029,20,1.66
Ranchi,Pulses,Loamy,7.11,High,Low,Low,802,24,1.92
Ranchi,Wheat,Loamy,6.21,High,Low,Low,1175,24,3.1
Ranchi,Rice,Clay Loam,6.86,High,High,High,1592,24,3.71
Ranchi,Pulses,Sandy Loam,7.3,High,Low,Low,961,25,1.51
Ranchi,Rice,Clay Loam,6.64,High,High,Medium,1592,30,2.66
Ranchi,Wheat,Loamy,7.29,Medium,Low,Medium,1184,20,2.35
Ranchi,Maize,Sandy Loam,5.98,Low,Medium,Low,1142,30,2.1
Ranchi,Maize,Loamy,6.11,High,High,Low,1133,26,2.23
Ranchi,Maize,Loamy,7.5,Low,Medium,Low,936,28,2.2
Ranchi,Maize,Loamy,7.0,Low,High,High,1180,25,3.29
Ranchi,Pulses,Loamy,6.38,High,Low,Medium,841,21,1.73
Ranchi,Wheat,Loamy,7.49,High,High,High,1007,22,2.19
Ranchi,Maize,Loamy,6.71,Medium,Low,Medium,969,18,2.4
Ranchi,Wheat,Loamy,7.33,High,High,Medium,937,21,1.96
Ranchi,Wheat,Loamy,6.1,Medium,Low,Medium,1101,18,2.65
Ranchi,Pulses,Loamy,7.31,Medium,Medium,High,836,18,1.27
Ranchi,Maize,Loamy,5.96,Low,Medium,Medium,1042,21,2.33
Ranchi,Maize,Loamy,6.95,Low,Medium,Low,1163,23,3.18
Ranchi,Maize,Sandy Loam,6.7,Low,High,Medium,903,30,2.59
Ranchi,Pulses,Loamy,6.62,Medium,Low,High,944,20,1.02
Ranchi,Rice,Loamy,6.02,High,High,High,1205,28,3.59
Ranchi,Rice,Clay Loam,6.41,Medium,Medium,Low,1345,32,2.88
Ranchi,Maize,Sandy Loam,7.48,Low,Low,Low,998,28,3.22
Ranchi,Wheat,Clay Loam,6.67,High,High,High,910,19,3.21
Ranchi,Wheat,Loamy,6.05,Medium,Medium,Low,950,23,2.15
Ranchi,Rice,Clayey,5.63,High,High,High,1461,28,3.17
Ranchi,Rice,Loamy,6.17,High,Medium,Medium,1383,30,3.68
Ranchi,Rice,Loamy,6.65,Medium,High,High,1298,25,4.37
Ranchi,Rice,Clayey,6.21,High,Medium,Low,1401,32,4.39
Ranchi,Pulses,Sandy Loam,7.07,Medium,High,High,1057,22,1.69
Ranchi,Wheat,Clay Loam,6.41,Medium,High,Medium,1007,22,2.63
Ranchi,Pulses,Sandy Loam,6.92,High,Medium,High,836,26,1.97
Ranchi,Pulses,Loamy,6.97,Medium,Medium,Medium,1098,26,1.51
Ranchi,Maize,Loamy,5.94,Low,High,Medium,1103,30,2.04
Ranchi,Wheat,Loamy,7.47,High,Medium,High,925,19,1.71
Ranchi,Rice,Clayey,6.35,High,Low,High,1599,30,2.98
Ranchi,Rice,Loamy,6.57,Medium,Low,Low,1210,23,3.42
Ranchi,Rice,Clayey,6.24,High,High,Low,1236,28,4.05
Ranchi,Maize,Loamy,6.16,Medium,Medium,Medium,1057,25,2.59
Ranchi,Pulses,Sandy Loam,6.78,Low,Medium,High,1041,20,1.33
Ranchi,Wheat,Loamy,7.27,High,Medium,High,1370,22,3.17
Ranchi,Pulses,Sandy Loam,7.17,Low,Medium,Medium,1072,20,1.5
Ranchi,Maize,Loamy,7.08,Medium,High,High,959,30,3.02
Ranchi,Pulses,Sandy Loam,6.26,Low,Low,Medium,1054,24,1.8
Ranchi,Wheat,Clay Loam,7.47,Medium,Medium,High,1210,24,2.57
Ranchi,Pulses,Sandy Loam,6.73,High,High,Low,801,23,1.85
Ranchi,Maize,Loamy,5.96,Medium,Low,Low,1170,26,2.05
Ranchi,Maize,Sandy Loam,6.87,High,Low,High,1066,20,3.68
Ranchi,Wheat,Loamy,7.26,High,High,High,1105,21,3.14
Ranchi,Pulses,Sandy Loam,6.98,Medium,High,High,927,23,1.11
Ranchi,Wheat,Loamy,6.79,Low,Medium,Low,1048,23,2.33
Ranchi,Wheat,Loamy,6.02,High,Medium,Medium,1152,18,3.09
Ranchi,Rice,Clayey,6.58,Low,Low,High,1319,24,3.04
Ranchi,Pulses,Loamy,6.72,Medium,High,High,937,25,1.53
Ranchi,Rice,Clay Loam,6.67,Medium,High,Low,1388,32,4.31
Ranchi,Pulses,Loamy,6.94,Medium,Low,Medium,1083,19,1.63
Ranchi,Pulses,Sandy Loam,6.52,Low,High,Low,1041,24,1.67
Ranchi,Rice,Clayey,6.8,Medium,Low,Low,1546,32,3.82
Ranchi,Rice,Clay Loam,5.52,Medium,Low,Medium,1481,32,2.79
Ranchi,Wheat,Loamy,6.05,Medium,High,Medium,1022,23,3.1
Ranchi,Maize,Loamy,6.08,High,Medium,High,1180,30,2.76
Ranchi,Maize,Sandy Loam,6.0,Medium,Medium,Low,950,29,2.47
Ranchi,Maize,Loamy,6.65,High,Medium,High,1126,20,3.42
Ranchi,Maize,Loamy,6.42,Medium,High,Medium,1181,23,3.15
Ranchi,Wheat,Clay Loam,7.19,High,High,Low,1101,20,1.75
Ranchi,Maize,Sandy Loam,6.69,Low,Medium,High,1072,25,2.73
Ranchi,Pulses,Sandy Loam,7.11,High,Low,Medium,960,18,1.15
Ranchi,Maize,Loamy,6.2,Medium,High,Low,1164,23,2.35
Ranchi,Wheat,Loamy,6.6,Medium,Low,Low,1037,23,1.72
Ranchi,Maize,Sandy Loam,6.75,Low,Medium,High,1056,27,3.74
Ranchi,Rice,Clay Loam,6.35,Low,High,Medium,1243,22,2.56
Ranchi,Rice,Clay Loam,6.26,Medium,High,Medium,1483,22,2.68
Ranchi,Pulses,Loamy,6.94,Low,Low,Low,842,21,1.98
Ranchi,Rice,Loamy,6.79,Medium,Medium,Medium,1575,24,4.21
Ranchi,Rice,Clay Loam,6.54,High,Low,Medium,1527,31,2.57
Ranchi,Maize,Loamy,6.13,Low,Low,High,948,25,3.93
Ranchi,Wheat,Loamy,6.73,High,High,Medium,1071,24,3.15
Ranchi,Rice,Loamy,6.39,Medium,High,High,1597,28,4.1
Ranchi,Maize,Loamy,7.21,Low,High,Low,1164,26,3.48
Ranchi,Rice,Clay Loam,6.07,Medium,Low,High,1233,30,4.46
Ranchi,Maize,Sandy Loam,7.49,High,Low,Medium,1052,20,2.2
Ranchi,Wheat,Loamy,6.28,Medium,Medium,Low,1186,21,2.68
Ranchi,Pulses,Sandy Loam,7.06,Medium,Low,Medium,933,23,1.18
Ranchi,Maize,Loamy,6.04,Low,Medium,Low,1068,22,3.07
Ranchi,Pulses,Loamy,7.25,High,High,High,923,22,1.16
Ranchi,Rice,Clayey,5.56,High,Medium,Low,1354,24,4.07
Ranchi,Pulses,Sandy Loam,6.43,High,Low,Medium,955,25,1.79
Ranchi,Pulses,Loamy,6.52,Low,High,Medium,856,26,1.53
Ranchi,Maize,Sandy Loam,6.73,Low,Medium,Medium,1184,27,2.44
Ranchi,Wheat,Loamy,6.25,High,Medium,Medium,1047,19,3.17
Ranchi,Rice,Loamy,6.79,Medium,Medium,Medium,1457,30,2.93
Ranchi,Pulses,Loamy,6.43,Medium,Low,Low,858,25,1.69
Ranchi,Pulses,Sandy Loam,6.76,Medium,Low,High,1039,27,1.13
Ranchi,Rice,Clayey,6.26,Low,High,Low,1576,22,4.27
Ranchi,Pulses,Loamy,6.2,High,Low,Low,828,24,1.61
Ranchi,Maize,Loamy,6.94,Low,Low,Low,1046,30,2.26
Ranchi,Pulses,Sandy Loam,7.39,Medium,Medium,Medium,884,22,1.91
Ranchi,Wheat,Clay Loam,6.08,High,Medium,Low,1372,24,2.44
Ranchi,Pulses,Sandy Loam,7.26,High,Low,High,914,27,1.13
Ranchi,Pulses,Sandy Loam,7.03,Medium,Medium,Low,1029,26,1.69
Ranchi,Rice,Loamy,5.61,High,High,High,1422,22,4.37
Ranchi,Pulses,Sandy Loam,6.63,High,Low,Low,921,22,1.29
Ranchi,Rice,Clay Loam,6.26,High,Low,Medium,1548,25,3.58
Ranchi,Rice,Clayey,6.46,High,Medium,High,1459,24,3.35
Ranchi,Maize,Sandy Loam,7.01,Medium,Low,Medium,1146,27,3.34
Ranchi,Rice,Clay Loam,5.93,Medium,High,High,1349,24,2.76
Ranchi,Wheat,Clay Loam,6.88,Low,Medium,Medium,1167,23,3.22
Ranchi,Wheat,Loamy,7.1,High,Medium,Low,1370,20,2.72
Ranchi,Pulses,Loamy,6.28,Low,High,Low,964,25,1.79
Ranchi,Maize,Sandy Loam,5.96,Medium,High,Low,1108,21,3.12
Ranchi,Pulses,Loamy,6.47,Medium,Low,High,1069,27,1.52
Ranchi,Pulses,Sandy Loam,6.99,High,High,Medium,950,27,1.6
Ranchi,Rice,Loamy,6.81,High,Low,Low,1519,32,2.52
Ranchi,Pulses,Loamy,7.08,Medium,Low,Medium,877,26,1.87
Ranchi,Rice,Loamy,6.52,Medium,Low,Medium,1335,26,3.61
Ranchi,Maize,Loamy,7.49,Medium,High,High,1028,26,3.21
Ranchi,Maize,Sandy Loam,7.02,Low,High,Low,1166,22,3.82
Ranchi,Pulses,Sandy Loam,6.57,Low,Low,High,1005,23,1.41
Ranchi,Maize,Sandy Loam,6.57,High,Low,Low,1167,26,3.97
Ranchi,Pulses,Loamy,7.07,Low,High,Low,907,20,1.05
Ranchi,Pulses,Sandy Loam,6.84,High,High,Medium,1004,22,1.49
Ranchi,Pulses,Sandy Loam,7.32,Low,Low,Low,975,23,1.7
Ranchi,Rice,Clayey,6.98,Medium,High,High,1229,31,2.64
Ranchi,Pulses,Sandy Loam,6.77,Medium,Low,High,1040,25,1.35
Ranchi,Pulses,Sandy Loam,6.08,High,Medium,Medium,1044,27,1.76
Ranchi,Maize,Sandy Loam,7.31,High,Low,High,1108,23,2.35
Ranchi,Rice,Loamy,6.75,Medium,Medium,Low,1322,22,2.62
Ranchi,Wheat,Clay Loam,6.47,High,Low,High,1362,25,2.17
Ranchi,Wheat,Clay Loam,6.45,Medium,High,Medium,1266,20,2.86
Ranchi,Rice,Clayey,6.12,High,Medium,High,1568,26,3.17
Ranchi,Rice,Clay Loam,5.52,Medium,High,Low,1343,28,2.86
Ranchi,Wheat,Clay Loam,7.08,Low,Low,High,1037,21,2.47
Ranchi,Rice,Clay Loam,6.66,Low,Medium,High,1554,24,3.84
Ranchi,Wheat,Loamy,6.06,Medium,Medium,High,1149,19,2.3
Ranchi,Wheat,Clay Loam,6.27,High,Low,Medium,1268,22,1.84
Ranchi,Maize,Sandy Loam,6.99,Low,Medium,Medium,1062,18,2.06
Ranchi,Pulses,Loamy,6.19,High,Medium,Low,1064,27,1.4
Ranchi,Maize,Loamy,6.42,Medium,Low,Medium,1091,21,3.94
Ranchi,Wheat,Clay Loam,6.17,High,Medium,High,1161,19,3.23
Ranchi,Pulses,Sandy Loam,6.97,Low,High,High,812,24,1.23
Ranchi,Wheat,Loamy,6.19,Medium,Medium,Low,1138,21,1.73
Ranchi,Rice,Clayey,6.59,High,Medium,Medium,1443,27,3.1
Ranchi,Maize,Loamy,7.39,High,Medium,High,988,30,3.11
Ranchi,Pulses,Sandy Loam,6.64,Medium,High,Medium,856,19,1.44
Ranchi,Wheat,Loamy,6.19,Low,Low,Low,1333,18,1.99
Ranchi,Rice,Clay Loam,6.77,Medium,Medium,High,1227,30,4.06
Ranchi,Wheat,Loamy,6.6,Medium,Medium,Low,1289,20,3.1
Ranchi,Wheat,Clay Loam,7.33,High,Low,Medium,1079,25,2.07
Ranchi,Maize,Loamy,6.84,Low,High,High,1099,22,2.65
Ranchi,Pulses,Sandy Loam,6.93,Low,Low,Low,896,22,1.46
Ranchi,Rice,Clay Loam,6.93,Medium,Low,Medium,1547,29,2.79
Ranchi,Pulses,Sandy Loam,7.04,Medium,Medium,Medium,919,26,1.37
Ranchi,Rice,Loamy,6.35,Low,High,High,1371,28,4.47
Ranchi,Rice,Clay Loam,5.66,Medium,Medium,Low,1424,24,2.82
Ranchi,Rice,Clay Loam,6.28,Low,Medium,Medium,1259,23,4.04
Ranchi,Maize,Sandy Loam,5.82,Medium,Medium,Medium,921,20,2.78
Ranchi,Wheat,Loamy,6.47,Low,High,Medium,1104,21,3.01
Ranchi,Maize,Loamy,6.94,Medium,Low,Low,1185,28,3.65
Ranchi,Wheat,Loamy,6.22,Low,Medium,Medium,1279,25,2.15
Ranchi,Pulses,Loamy,6.82,Medium,Medium,High,930,22,1.87
Ranchi,Maize,Loamy,6.13,High,Low,Medium,1132,24,3.48
Ranchi,Rice,Clay Loam,6.85,High,Medium,Low,1315,26,4.2
Ranchi,Maize,Loamy,7.19,Low,Low,High,951,21,3.24
Ranchi,Rice,Loamy,6.95,High,Medium,Low,1413,29,3.06
Ranchi,Pulses,Sandy Loam,6.36,High,Low,High,1085,20,1.97
Ranchi,Maize,Sandy Loam,6.32,Low,Medium,Low,928,24,2.48
Ranchi,Pulses,Sandy Loam,6.16,Medium,Medium,High,922,25,1.09
Ranchi,Maize,Loamy,5.8,Medium,Medium,High,1067,26,2.68
Ranchi,Wheat,Clay Loam,6.2,High,Medium,High,926,19,2.83
Ranchi,Wheat,Loamy,7.46,High,High,Medium,952,23,2.2
Ranchi,Wheat,Loamy,6.98,High,High,Low,1347,21,2.33
Ranchi,Wheat,Clay Loam,6.14,Low,High,High,1302,23,2.57
Ranchi,Pulses,Sandy Loam,6.87,High,Low,Low,807,26,1.02
Ranchi,Maize,Loamy,6.82,Medium,Low,Low,1136,20,3.23
Ranchi,Rice,Clayey,6.49,High,Medium,Medium,1273,23,3.25
Ranchi,Pulses,Sandy Loam,6.68,Medium,Low,Low,1083,21,1.71
Ranchi,Rice,Loamy,6.49,Medium,Medium,High,1472,25,3.3
Ranchi,Rice,Clay Loam,6.05,Medium,Low,Low,1510,26,4.29
Ranchi,Pulses,Sandy Loam,7.13,Low,Medium,Medium,885,25,1.33
Ranchi,Wheat,Clay Loam,7.49,Medium,Medium,Low,1184,22,3.31
Ranchi,Wheat,Clay Loam,6.14,Medium,Medium,Medium,1187,23,2.37
Ranchi,Maize,Loamy,7.33,Medium,High,High,1133,25,3.67
Ranchi,Maize,Sandy Loam,6.41,High,Medium,Medium,1063,22,3.21
Ranchi,Maize,Loamy,6.81,Low,Low,Medium,1066,30,3.46
Ranchi,Wheat,Loamy,6.84,Medium,High,Medium,943,21,2.73
Ranchi,Wheat,Clay Loam,6.52,Medium,High,High,1207,23,2.58
Ranchi,Rice,Loamy,6.89,High,Medium,Low,1236,29,3.12
Ranchi,Pulses,Loamy,6.8,Low,Medium,High,1079,19,1.07
Ranchi,Wheat,Loamy,7.07,High,High,High,1228,23,2.58
Ranchi,Pulses,Loamy,7.32,Low,Low,High,844,28,1.19
Ranchi,Pulses,Loamy,7.42,High,Low,Low,974,26,1.96
Ranchi,Maize,Sandy Loam,6.34,Low,Low,Medium,1063,23,2.41
Ranchi,Rice,Clayey,6.5,Low,High,Low,1253,32,2.69
Ranchi,Wheat,Loamy,6.42,Low,Low,High,1147,24,2.67
Ranchi,Wheat,Loamy,7.38,High,High,Medium,1221,20,3.09
Ranchi,Pulses,Loamy,6.79,Low,Medium,Low,819,25,1.53
Ranchi,Wheat,Loamy,6.3,Low,Medium,High,1290,21,3.15
Ranchi,Rice,Loamy,6.69,High,Low,Low,1439,30,4.46
Ranchi,Wheat,Loamy,7.19,Medium,Low,Medium,1177,20,1.91
Ranchi,Maize,Sandy Loam,6.76,High,High,Low,1087,18,2.77
Ranchi,Rice,Loamy,5.86,High,Low,Medium,1564,23,2.57
Ranchi,Maize,Loamy,6.02,Low,Medium,Medium,1044,30,3.81
Ranchi,Maize,Loamy,5.85,Low,High,Medium,928,20,2.61
Ranchi,Maize,Loamy,7.41,Low,Low,Low,1107,28,2.1
Ranchi,Maize,Sandy Loam,5.95,Medium,High,Medium,1104,19,2.99
Ranchi,Wheat,Clay Loam,6.9,High,Medium,Medium,1205,22,2.67
Ranchi,Pulses,Sandy Loam,7.16,Medium,Low,High,954,20,1.91
Ranchi,Rice,Clayey,6.84,Medium,High,Medium,1551,27,3.42
Ranchi,Rice,Loamy,6.6,Low,Medium,Medium,1311,27,2.95
Ranchi,Pulses,Loamy,6.8,Medium,Medium,Low,1007,27,1.26
Ranchi,Maize,Loamy,7.16,High,High,High,1021,21,3.86
Ranchi,Pulses,Sandy Loam,6.76,Medium,High,Medium,810,28,1.3
Ranchi,Wheat,Clay Loam,6.56,Medium,High,Low,906,23,2.64
Ranchi,Wheat,Clay Loam,6.29,Medium,Medium,Medium,1237,22,3.05
Ranchi,Pulses,Sandy Loam,6.94,Medium,Medium,Medium,1062,26,1.93
Ranchi,Wheat,Loamy,7.32,Low,Medium,High,1183,23,1.96
Ranchi,Maize,Loamy,7.17,High,Medium,Low,978,29,3.23
Ranchi,Pulses,Loamy,7.39,Low,High,Low,1072,18,1.22
Ranchi,Pulses,Loamy,7.08,Medium,Low,High,896,27,1.33
Ranchi,Pulses,Sandy Loam,7.35,Medium,Medium,Low,1011,20,2.0
Ranchi,Maize,Sandy Loam,7.38,Medium,Medium,High,1112,26,3.54
Ranchi,Rice,Clay Loam,6.84,Low,High,Low,1552,26,3.81
Ranchi,Maize,Loamy,7.01,High,Low,Medium,985,24,2.54
Ranchi,Rice,Clay Loam,5.92,Low,High,High,1287,23,2.5
Ranchi,Maize,Sandy Loam,6.1,High,High,High,1000,23,2.69
Ranchi,Rice,Clayey,6.49,Medium,High,Low,1520,27,2.68
Ranchi,Wheat,Clay Loam,6.03,Low,High,Low,1179,19,2.95
Ranchi,Maize,Loamy,6.9,Medium,High,High,1107,24,2.12
Ranchi,Rice,Loamy,6.39,High,Low,Low,1288,22,3.81
Ranchi,Rice,Clay Loam,6.87,Medium,High,Low,1489,25,3.53
Ranchi,Maize,Loamy,7.45,Low,High,Low,1065,18,2.91
Ranchi,Wheat,Clay Loam,7.39,High,Low,Medium,1256,20,2.22
Ranchi,Rice,Loamy,6.87,Low,High,High,1328,27,4.21
Ranchi,Rice,Loamy,6.44,Low,Medium,High,1531,23,3.24
Ranchi,Maize,Sandy Loam,6.02,Medium,Medium,Low,1008,25,2.83
Ranchi,Pulses,Loamy,6.75,High,Medium,Low,824,25,1.86
Ranchi,Maize,Loamy,5.87,Medium,Medium,Low,1159,22,2.32
Ranchi,Pulses,Sandy Loam,7.31,Medium,Medium,Low,1008,18,1.26
Ranchi,Wheat,Clay Loam,6.86,Medium,High,Medium,916,18,2.17
Ranchi,Pulses,Loamy,6.92,High,Medium,High,1023,22,1.6
Ranchi,Rice,Loamy,5.74,Medium,Medium,Low,1559,31,2.96
Ranchi,Pulses,Loamy,6.31,High,Medium,Low,986,23,1.04
Ranchi,Maize,Loamy,6.02,Medium,Low,High,983,24,3.93
Ranchi,Pulses,Loamy,6.21,Low,Medium,Low,822,27,1.12
Ranchi,Rice,Clay Loam,6.36,Low,Medium,Low,1398,23,4.07
Ranchi,Wheat,Clay Loam,6.98,Low,Low,Low,1093,20,2.74
Ranchi,Rice,Loamy,5.64,High,High,Low,1540,27,2.58
Ranchi,Rice,Clayey,5.93,Low,High,Medium,1294,27,2.79
Ranchi,Wheat,Clay Loam,6.95,Low,Medium,High,1128,22,2.7
Ranchi,Pulses,Sandy Loam,7.03,High,High,High,1056,24,1.65
Ranchi,Wheat,Loamy,7.34,High,Low,Low,1290,20,2.33
Ranchi,Wheat,Loamy,6.78,Medium,Medium,Medium,1307,23,2.4
Ranchi,Wheat,Clay Loam,7.5,Medium,Medium,Low,1014,24,3.06
Ranchi,Rice,Loamy,5.69,Medium,High,High,1218,23,4.2
Ranchi,Pulses,Sandy Loam,6.8,Medium,Low,High,987,19,1.62
Ranchi,Pulses,Sandy Loam,7.34,Low,High,Medium,879,26,1.27
Ranchi,Pulses,Loamy,7.04,Low,High,High,911,22,1.33
Ranchi,Maize,Sandy Loam,7.04,Low,Medium,Low,1132,27,3.02
Ranchi,Pulses,Loamy,6.47,Low,Low,High,1057,27,1.61
Ranchi,Rice,Loamy,5.83,Low,Low,Medium,1433,29,3.23
Ranchi,Wheat,Clay Loam,7.23,High,High,Low,1187,19,2.36
Ranchi,Maize,Loamy,5.95,Low,Medium,Medium,1141,27,2.36
Ranchi,Rice,Clay Loam,6.55,Medium,Low,Low,1345,25,4.17
Ranchi,Wheat,Clay Loam,6.23,Medium,Low,Low,995,25,1.89
Ranchi,Wheat,Loamy,6.86,High,Medium,Medium,1192,18,1.86
Ranchi,Rice,Clayey,5.9,Medium,Medium,Low,1562,28,4.42
Ranchi,Maize,Loamy,6.09,Medium,Medium,Medium,914,28,3.63
Ranchi,Wheat,Loamy,6.6,High,Low,Medium,1325,20,2.42
Ranchi,Rice,Clayey,6.71,Medium,High,Medium,1378,30,4.22
Ranchi,Rice,Clay Loam,6.56,Medium,Medium,Medium,1586,25,3.33
Ranchi,Maize,Sandy Loam,6.06,High,Medium,High,927,28,2.64
Ranchi,Maize,Loamy,7.49,High,High,High,948,24,3.8
Ranchi,Rice,Clay Loam,6.01,Low,Medium,High,1289,27,4.1
Ranchi,Maize,Loamy,7.18,High,Medium,Medium,1118,30,2.77
Ranchi,Pulses,Sandy Loam,7.5,Medium,High,High,814,26,1.29
Ranchi,Pulses,Loamy,6.18,Medium,Low,Medium,1087,20,1.9
Ranchi,Wheat,Clay Loam,7.33,High,Medium,Medium,1212,19,1.84
Ranchi,Wheat,Loamy,6.18,High,Low,Medium,1184,19,2.1
Ranchi,Rice,Clayey,6.31,High,Medium,High,1418,29,4.49
Ranchi,Maize,Loamy,5.87,Low,Low,Low,1141,25,2.44
Ranchi,Pulses,Sandy Loam,6.05,Low,Medium,Medium,900,19,1.24
Ranchi,Wheat,Clay Loam,7.15,High,Medium,Medium,1271,25,2.65
Ranchi,Rice,Clay Loam,5.5,Medium,High,High,1520,32,3.34
Ranchi,Maize,Loamy,5.81,Low,Medium,Medium,1094,21,3.81
Ranchi,Wheat,Loamy,6.29,Low,Medium,Low,1395,21,2.85
Ranchi,Pulses,Loamy,6.66,Low,Low,Medium,1060,27,1.32
Ranchi,Maize,Sandy Loam,7.25,Low,Low,Medium,925,25,2.68
Ranchi,Wheat,Loamy,6.05,High,Medium,High,1216,22,2.48
Ranchi,Maize,Loamy,6.4,High,Low,Low,1008,26,3.0
Ranchi,Wheat,Loamy,6.9,High,Medium,Low,1014,24,3.31
Ranchi,Wheat,Loamy,7.39,High,High,Medium,1354,18,2.83
Ranchi,Pulses,Sandy Loam,6.75,Medium,Low,High,871,27,1.23
Ranchi,Rice,Clayey,5.7,Low,High,High,1374,22,4.22
Ranchi,Wheat,Clay Loam,6.55,Low,High,Low,929,21,1.87
Ranchi,Maize,Loamy,5.98,Low,Medium,High,1058,24,3.3
Ranchi,Rice,Loamy,6.03,Low,High,Medium,1573,22,2.74
Ranchi,Wheat,Clay Loam,7.15,Low,Medium,Low,1051,24,2.22
Ranchi,Pulses,Loamy,6.71,High,High,High,805,27,1.59
Ranchi,Wheat,Clay Loam,7.36,Low,Low,Low,1397,20,2.38
Ranchi,Pulses,Loamy,6.05,High,Medium,High,905,18,1.64
Ranchi,Pulses,Sandy Loam,6.31,High,Medium,Low,864,18,1.47
Ranchi,Wheat,Clay Loam,6.22,High,Medium,Medium,1171,19,2.41
Ranchi,Wheat,Loamy,6.32,Medium,Low,Medium,1363,23,2.25
Ranchi,Wheat,Clay Loam,7.45,Low,High,Low,1142,25,2.62
Ranchi,Rice,Clayey,6.98,Medium,Medium,High,1312,22,4.43
Ranchi,Pulses,Sandy Loam,6.44,Medium,Low,Low,1026,27,1.61
Ranchi,Maize,Sandy Loam,6.85,Low,Medium,Low,1159,29,2.05
Ranchi,Rice,Clay Loam,6.07,Medium,High,Low,1352,23,3.69
Ranchi,Rice,Loamy,5.78,Medium,High,High,1576,24,2.56
Ranchi,Wheat,Clay Loam,6.55,Low,Low,Medium,934,19,2.53
Ranchi,Maize,Sandy Loam,7.01,High,Medium,Low,1061,22,2.73
Ranchi,Rice,Clay Loam,6.24,Medium,High,Medium,1357,32,3.81
Ranchi,Maize,Loamy,6.73,Medium,Medium,Medium,1079,23,2.26
Ranchi,Rice,Loamy,6.75,Medium,Low,Low,1322,27,2.82
Ranchi,Pulses,Loamy,6.83,High,High,High,973,18,1.17
Ranchi,Wheat,Loamy,6.68,Low,Medium,Low,1152,18,2.06
Ranchi,Pulses,Loamy,6.21,Low,Low,Medium,1024,21,1.08
Ranchi,Pulses,Loamy,7.02,Medium,Low,Low,928,26,1.05
Ranchi,Wheat,Clay Loam,7.39,High,Medium,Low,1248,21,2.46
Ranchi,Maize,Loamy,5.97,Low,High,Low,1171,18,3.68
Ranchi,Maize,Loamy,7.33,Medium,High,Low,967,19,3.05
Ranchi,Wheat,Clay Loam,6.16,High,Medium,High,1357,22,2.79
Ranchi,Maize,Loamy,7.25,High,High,High,1110,27,2.26
Ranchi,Maize,Loamy,6.67,Low,High,Medium,998,23,3.27
Ranchi,Maize,Loamy,7.31,Medium,High,Low,1195,22,3.15
Ranchi,Rice,Loamy,6.48,High,High,High,1207,22,3.49
Ranchi,Rice,Clay Loam,5.51,High,Medium,High,1497,29,4.18
Ranchi,Rice,Loamy,6.18,High,Medium,Medium,1467,26,2.8
Ranchi,Pulses,Sandy Loam,7.37,Medium,Medium,Medium,900,20,1.59
Ranchi,Pulses,Loamy,7.08,Low,Low,Low,965,25,1.74
Ranchi,Rice,Clay Loam,6.37,Low,Medium,High,1516,29,3.97
Ranchi,Maize,Sandy Loam,7.42,Low,Low,Low,1138,21,2.38
Ranchi,Wheat,Clay Loam,6.9,Low,High,Medium,1266,24,2.8
Ranchi,Pulses,Loamy,6.7,Medium,High,High,1070,21,1.6
Ranchi,Wheat,Loamy,6.17,Low,Medium,Medium,1346,18,2.33
Ranchi,Wheat,Clay Loam,6.62,Low,High,Medium,1128,18,2.52
Ranchi,Rice,Loamy,6.91,Low,High,Medium,1305,24,3.03
Ranchi,Rice,Loamy,6.08,Low,Low,Medium,1580,29,4.45
Ranchi,Rice,Clay Loam,5.55,High,Medium,Low,1372,32,3.75
Ranchi,Maize,Sandy Loam,6.53,High,Low,Medium,1181,29,3.1
Ranchi,Wheat,Clay Loam,6.2,Medium,Medium,High,902,20,3.23
Ranchi,Wheat,Loamy,7.27,Low,Medium,High,1390,22,2.78
Ranchi,Rice,Clayey,5.92,High,High,High,1407,24,2.55
Ranchi,Maize,Loamy,5.87,High,Low,Medium,999,19,2.11
Ranchi,Pulses,Loamy,6.85,Medium,High,Low,891,22,1.39
Ranchi,Maize,Loamy,7.32,Medium,Low,Medium,1095,23,3.06
Ranchi,Wheat,Loamy,6.79,Medium,Low,Low,1024,21,2.39
Ranchi,Wheat,Loamy,7.07,Low,Low,High,1103,22,3.26
Ranchi,Maize,Sandy Loam,6.11,High,Medium,High,952,18,3.65
Ranchi,Maize,Sandy Loam,7.35,Medium,Low,Medium,1083,27,2.86
Ranchi,Pulses,Sandy Loam,7.34,Low,High,Low,942,24,1.37
Ranchi,Rice,Loamy,6.37,Medium,Low,Medium,1316,25,3.01
Ranchi,Pulses,Loamy,7.33,Medium,Medium,High,822,22,1.84
Ranchi,Rice,Loamy,6.49,High,Low,Medium,1336,23,4.17
Ranchi,Pulses,Sandy Loam,7.34,High,Medium,High,1039,28,1.81
Ranchi,Rice,Clayey,6.2,High,Low,Low,1549,29,2.81
Ranchi,Maize,Sandy Loam,6.52,High,Low,Low,959,22,2.14
Ranchi,Rice,Loamy,5.78,Low,High,High,1487,31,2.98
Ranchi,Rice,Clayey,5.89,Low,Medium,Low,1435,28,3.9
Ranchi,Pulses,Loamy,7.28,High,Low,Low,950,20,1.62
Ranchi,Wheat,Loamy,6.06,High,High,Medium,1269,21,2.91
Ranchi,Pulses,Sandy Loam,6.44,High,Medium,Medium,837,18,1.55
Ranchi,Pulses,Loamy,6.95,High,Medium,Low,1074,22,1.4
Ranchi,Wheat,Loamy,7.28,Medium,Low,High,910,19,2.03
Ranchi,Rice,Clayey,6.28,Low,High,High,1278,30,2.71
Ranchi,Wheat,Loamy,6.64,High,Low,High,1381,20,1.71
Ranchi,Rice,Clay Loam,5.78,Medium,Medium,Low,1417,25,4.36
Ranchi,Wheat,Clay Loam,6.26,Low,Medium,High,1152,22,3.02
Ranchi,Wheat,Loamy,6.28,Low,High,High,1045,22,2.48
Ranchi,Rice,Clay Loam,6.77,Medium,Medium,High,1530,30,2.76
Ranchi,Maize,Sandy Loam,7.1,High,Medium,Low,1162,27,2.11
Ranchi,Rice,Loamy,5.99,Low,High,Low,1259,23,4.37
Ranchi,Maize,Sandy Loam,6.35,Medium,Low,Medium,1197,18,3.05
Ranchi,Pulses,Sandy Loam,6.73,Medium,Low,High,1099,28,1.56
Ranchi,Wheat,Clay Loam,7.08,Low,Medium,Medium,1346,19,3.21
Ranchi,Wheat,Loamy,7.14,High,Low,Medium,1223,19,2.81
Ranchi,Pulses,Sandy Loam,6.51,High,Medium,Medium,1058,21,1.94
Ranchi,Wheat,Clay Loam,6.73,Medium,High,Low,1323,24,2.38
Ranchi,Wheat,Clay Loam,6.07,Medium,Low,High,989,21,3.12
Ranchi,Rice,Clayey,6.18,Medium,High,Medium,1439,30,3.11
Ranchi,Pulses,Sandy Loam,6.01,High,High,High,930,26,1.5
Ranchi,Maize,Sandy Loam,6.08,Medium,Medium,High,1138,21,2.55
Ranchi,Rice,Clay Loam,5.7,Low,High,Medium,1453,23,3.53
Ranchi,Rice,Loamy,6.05,Medium,High,Low,1583,32,3.81
Ranchi,Wheat,Clay Loam,6.73,High,Low,Medium,1334,18,3.16
Ranchi,Wheat,Loamy,6.27,Medium,High,Low,1020,21,1.72
Ranchi,Rice,Clayey,6.26,Low,High,Low,1338,26,3.65
Ranchi,Maize,Sandy Loam,5.9,High,Low,Medium,928,20,2.79
Ranchi,Wheat,Loamy,7.31,Medium,Low,Low,1002,21,3.39
Ranchi,Maize,Sandy Loam,6.94,High,Medium,Low,948,18,3.29
Ranchi,Maize,Sandy Loam,7.14,Medium,Medium,Medium,1106,19,3.03
Ranchi,Maize,Loamy,7.18,Low,Medium,Medium,1024,27,3.13
Ranchi,Rice,Clayey,6.8,Low,High,High,1403,26,2.89
Ranchi,Wheat,Loamy,7.1,High,Low,High,1043,20,2.22
Ranchi,Pulses,Loamy,6.99,Low,High,High,858,23,1.04
Ranchi,Wheat,Clay Loam,7.5,High,High,Low,1377,22,3.23
Ranchi,Pulses,Loamy,6.56,Low,High,High,1032,28,1.96
Ranchi,Rice,Clayey,6.28,High,Medium,Low,1447,22,3.48
Ranchi,Maize,Sandy Loam,7.12,Low,Medium,Low,906,30,3.61
Ranchi,Maize,Loamy,6.73,Low,High,Low,1167,20,3.17
Ranchi,Maize,Sandy Loam,5.9,Medium,High,Medium,1045,23,3.83
Ranchi,Wheat,Clay Loam,6.29,Medium,Low,High,1142,24,1.95
Ranchi,Rice,Clay Loam,6.39,High,Medium,Medium,1472,26,3.75
Ranchi,Pulses,Sandy Loam,7.08,High,Low,Low,1026,26,1.82
Ranchi,Rice,Loamy,6.18,Medium,Medium,High,1298,28,3.93
Ranchi,Pulses,Sandy Loam,6.05,High,High,Low,968,19,1.39
Ranchi,Pulses,Loamy,6.74,Medium,High,High,1088,26,1.31
Ranchi,Pulses,Sandy Loam,7.29,High,Medium,High,875,19,1.69
Ranchi,Rice,Clayey,6.28,Medium,Medium,Low,1591,29,4.1
Ranchi,Maize,Loamy,6.78,Low,Medium,Medium,1086,20,3.02
Ranchi,Wheat,Loamy,6.99,Low,High,Medium,1281,19,2.04
Ranchi,Wheat,Loamy,6.5,High,High,High,1140,25,2.1
Ranchi,Maize,Sandy Loam,6.42,Medium,High,Medium,1137,25,2.09
Ranchi,Wheat,Loamy,6.3,Low,High,Medium,1012,18,2.07
Ranchi,Wheat,Clay Loam,6.81,High,Medium,Medium,1170,24,1.85
Ranchi,Pulses,Loamy,6.75,Low,Medium,Medium,904,25,1.91
Ranchi,Wheat,Clay Loam,7.2,High,Low,High,918,22,2.27
Ranchi,Rice,Loamy,6.58,Medium,High,High,1206,22,3.84
Ranchi,Rice,Loamy,6.89,Low,Medium,Medium,1519,29,4.23
Ranchi,Maize,Loamy,6.0,Medium,Medium,Low,911,18,3.65
Ranchi,Rice,Clay Loam,6.42,Low,High,Medium,1453,29,2.54
Ranchi,Wheat,Loamy,6.8,Low,Low,High,935,21,2.1
Ranchi,Pulses,Loamy,6.59,Medium,Medium,Low,947,26,1.77
Ranchi,Rice,Loamy,5.87,Low,High,Medium,1479,31,4.26
Ranchi,Pulses,Loamy,6.63,Medium,Low,Medium,926,25,1.58
Ranchi,Rice,Clayey,5.72,Low,Medium,Low,1483,32,2.58
Ranchi,Rice,Loamy,6.89,High,High,Low,1542,28,3.28
Ranchi,Wheat,Loamy,6.19,Medium,High,Medium,919,23,3.34
Ranchi,Maize,Loamy,6.79,High,Medium,Medium,998,18,3.29
Ranchi,Maize,Loamy,6.21,Low,Low,Medium,1078,29,2.56
Ranchi,Rice,Loamy,6.45,Low,High,Medium,1416,22,4.03
Ranchi,Wheat,Loamy,6.17,Medium,High,Medium,1103,21,1.81
Ranchi,Rice,Clayey,6.83,Low,Low,High,1259,27,3.68
Ranchi,Pulses,Loamy,6.86,Low,Medium,Medium,906,23,1.82
Ranchi,Maize,Loamy,6.5,High,High,High,1008,28,2.87
Ranchi,Maize,Loamy,6.76,High,Medium,Low,1189,29,3.51
Ranchi,Rice,Loamy,6.75,Low,Low,Medium,1511,30,3.45
Ranchi,Pulses,Loamy,6.7,Low,High,Medium,1056,18,1.39
Ranchi,Wheat,Clay Loam,7.31,High,Low,Low,1384,24,2.97
Ranchi,Maize,Sandy Loam,6.32,Low,High,High,917,26,4.0
Ranchi,Rice,Clay Loam,6.21,High,High,High,1246,22,3.11
Ranchi,Pulses,Loamy,7.0,High,High,High,1054,22,1.65
Ranchi,Rice,Clayey,5.91,Low,Medium,High,1441,30,2.74
Ranchi,Pulses,Sandy Loam,6.29,High,Low,Medium,1049,25,1.21
Ranchi,Maize,Loamy,7.28,High,Low,Medium,1100,24,3.18
Ranchi,Pulses,Sandy Loam,6.43,Medium,High,Low,841,25,1.23
Ranchi,Maize,Loamy,6.48,Medium,High,Medium,992,21,2.66
Ranchi,Maize,Loamy,7.3,High,High,Medium,905,20,2.05
Ranchi,Wheat,Clay Loam,6.63,High,High,Medium,1183,23,3.02
Ranchi,Wheat,Loamy,7.08,Medium,Low,Low,1142,21,3.1
Ranchi,Maize,Loamy,6.04,Medium,High,Medium,1099,22,3.4
Ranchi,Pulses,Sandy Loam,6.77,Low,Medium,Low,908,28,1.72
Ranchi,Wheat,Loamy,7.25,Medium,Low,High,1397,20,2.0
Ranchi,Wheat,Loamy,7.43,Low,Low,Medium,1197,25,1.85
Ranchi,Wheat,Clay Loam,7.24,Low,Low,High,1378,21,1.92
Ranchi,Wheat,Clay Loam,6.7,Low,High,Low,932,25,1.95
Ranchi,Pulses,Loamy,7.38,Medium,High,High,861,19,1.16
Ranchi,Maize,Loamy,7.04,High,Low,Medium,951,27,3.42
Ranchi,Rice,Clay Loam,6.97,Low,Low,High,1358,27,4.26
Ranchi,Wheat,Loamy,6.54,Low,Low,Low,1182,24,2.77
Ranchi,Maize,Sandy Loam,6.77,Low,Medium,Low,911,24,2.58
Ranchi,Wheat,Clay Loam,7.27,Medium,High,Medium,1373,20,2.98
Ranchi,Maize,Sandy Loam,6.06,High,Medium,Medium,1095,19,2.45
Ranchi,Maize,Loamy,6.62,Medium,Low,Medium,987,18,3.84
Ranchi,Wheat,Loamy,6.2,High,High,Medium,1354,23,3.36
Ranchi,Rice,Clayey,6.45,Medium,Medium,High,1341,32,3.9
Ranchi,Maize,Loamy,7.39,Medium,Low,High,954,24,3.95
Ranchi,Rice,Clayey,6.76,Low,High,Low,1531,28,2.97
Ranchi,Pulses,Sandy Loam,6.9,Low,Medium,High,1082,24,1.21
Ranchi,Maize,Loamy,6.62,Medium,Medium,Low,1053,18,2.8
Ranchi,Wheat,Loamy,7.32,Medium,High,High,957,25,2.56
Ranchi,Maize,Sandy Loam,6.17,Medium,High,Low,948,26,2.19
Ranchi,Rice,Clayey,6.96,Medium,High,High,1225,29,3.08
Ranchi,Wheat,Clay Loam,6.74,Low,High,High,1147,21,2.2
Ranchi,Pulses,Loamy,6.6,Medium,Low,Low,901,27,1.88
Ranchi,Rice,Clayey,6.79,Low,Medium,High,1593,22,2.72
Ranchi,Rice,Clay Loam,6.01,Low,High,Medium,1546,31,4.35
Ranchi,Rice,Loamy,6.71,Medium,Medium,Low,1302,24,4.19
Ranchi,Wheat,Clay Loam,6.93,Medium,Low,Medium,1346,24,2.5
Ranchi,Pulses,Sandy Loam,7.44,Low,Low,High,841,18,1.46
Ranchi,Pulses,Loamy,6.99,High,High,High,1039,25,1.26
Ranchi,Rice,Clay Loam,5.59,High,Low,Medium,1490,31,3.29
Ranchi,Pulses,Loamy,6.12,Low,High,Low,875,23,1.18
Ranchi,Rice,Loamy,6.62,Medium,High,Medium,1357,29,3.66
Ranchi,Maize,Loamy,7.0,High,Low,High,1142,21,3.7
Ranchi,Rice,Clayey,6.39,Medium,Medium,High,1237,30,3.14
Ranchi,Maize,Sandy Loam,6.94,High,Low,High,1169,23,2.01
Ranchi,Pulses,Sandy Loam,6.13,Medium,High,Low,1036,24,1.72
Ranchi,Pulses,Sandy Loam,6.2,High,Low,Medium,978,25,1.44
Ranchi,Pulses,Loamy,7.15,Medium,Low,Medium,1003,28,1.65
Ranchi,Rice,Loamy,6.48,Medium,High,Low,1357,28,3.74
Ranchi,Rice,Clay Loam,6.08,High,Medium,Low,1556,31,2.69
Ranchi,Rice,Loamy,6.45,High,Medium,High,1428,29,3.24
Ranchi,Maize,Loamy,6.11,Low,High,Low,1192,28,2.44
Ranchi,Maize,Loamy,6.46,High,High,Medium,1033,25,2.26
Ranchi,Maize,Sandy Loam,7.03,Medium,High,Low,903,28,2.85
Ranchi,Maize,Loamy,6.98,Medium,Low,Medium,944,26,3.61
Ranchi,Maize,Loamy,5.81,Low,Low,High,982,28,2.45
Ranchi,Rice,Loamy,6.1,Low,Low,Low,1234,24,3.0
Ranchi,Maize,Sandy Loam,6.24,High,Medium,Medium,1008,25,3.72
Ranchi,Pulses,Sandy Loam,7.0,High,Medium,Medium,910,26,1.14
Ranchi,Pulses,Sandy Loam,6.24,High,High,Medium,898,25,1.51
Ranchi,Maize,Loamy,7.08,High,High,Low,1184,20,3.57
Ranchi,Pulses,Loamy,6.57,Low,Low,Low,969,21,1.27
Ranchi,Wheat,Loamy,6.25,High,High,Medium,1201,24,3.33
Ranchi,Maize,Sandy Loam,6.99,Low,Medium,High,977,27,3.66
Ranchi,Wheat,Loamy,6.51,Medium,Low,Low,908,22,2.31
Ranchi,Maize,Loamy,6.41,High,Medium,Low,1101,20,2.38
Ranchi,Wheat,Loamy,6.82,Low,Medium,High,1210,23,3.25
Ranchi,Wheat,Clay Loam,6.09,Low,Medium,High,1298,22,3.19
Ranchi,Maize,Loamy,5.81,Medium,Medium,Low,942,19,2.46
Ranchi,Rice,Clayey,6.89,Low,High,Medium,1433,31,3.52
Ranchi,Pulses,Loamy,6.9,Low,High,Medium,810,22,1.66
Ranchi,Wheat,Clay Loam,7.05,Low,Low,Medium,1019,23,2.08
Ranchi,Wheat,Clay Loam,7.45,Medium,Low,High,1006,25,3.09
Ranchi,Maize,Loamy,7.48,High,Low,Medium,1181,20,3.67
Ranchi,Wheat,Loamy,7.49,Low,Low,High,1345,19,2.44
Ranchi,Rice,Clay Loam,6.42,High,Low,Medium,1500,31,3.42
Ranchi,Pulses,Loamy,7.2,Medium,Low,High,1067,26,1.2
Ranchi,Wheat,Clay Loam,6.27,High,High,High,1161,24,2.47
Ranchi,Maize,Loamy,5.82,High,Low,Low,1074,25,3.57
Ranchi,Rice,Clayey,6.58,Medium,Medium,Low,1575,23,4.27
Ranchi,Wheat,Clay Loam,7.2,Medium,Low,Medium,1163,18,1.76
Ranchi,Maize,Sandy Loam,7.27,Medium,Medium,Medium,955,24,2.72
Ranchi,Maize,Loamy,6.21,High,Low,Low,1145,26,3.17
Ranchi,Pulses,Loamy,7.17,High,Medium,Low,925,18,1.38
Ranchi,Pulses,Sandy Loam,6.05,Medium,Medium,Medium,1012,22,1.79
Ranchi,Pulses,Sandy Loam,7.24,Medium,Low,Medium,1008,26,1.74
Ranchi,Wheat,Loamy,6.59,Low,High,Medium,1152,20,3.21
Ranchi,Pulses,Sandy Loam,6.17,Low,High,Medium,972,24,1.83
Ranchi,Rice,Loamy,5.78,Medium,Low,Medium,1377,26,3.65
Ranchi,Pulses,Sandy Loam,7.03,Low,High,High,1008,26,1.85
Ranchi,Wheat,Clay Loam,6.99,Low,Medium,Medium,1136,23,3.05
Ranchi,Rice,Loamy,6.8,High,High,High,1373,30,3.03
Ranchi,Wheat,Clay Loam,7.28,Medium,Medium,Low,935,25,2.56
Ranchi,Maize,Sandy Loam,7.01,Medium,Medium,Medium,1148,23,3.55
Ranchi,Wheat,Loamy,6.02,Low,Low,Low,1298,20,2.6
Ranchi,Rice,Clay Loam,6.55,Low,Medium,High,1297,25,3.14
Ranchi,Rice,Loamy,6.72,Medium,Low,High,1587,28,3.22
Ranchi,Maize,Loamy,7.32,High,High,Low,916,22,2.01
Ranchi,Rice,Clay Loam,6.86,Low,Medium,High,1227,28,3.31
Ranchi,Wheat,Clay Loam,6.15,Low,High,High,1121,22,2.49
Ranchi,Pulses,Sandy Loam,6.87,Medium,High,Low,1058,24,1.56
Ranchi,Rice,Loamy,5.52,Medium,Medium,Low,1444,27,3.38
Ranchi,Maize,Loamy,6.93,High,Medium,Medium,1064,28,3.58
Ranchi,Maize,Loamy,6.21,High,Medium,High,1081,23,2.05
Ranchi,Maize,Sandy Loam,6.17,Low,Medium,Medium,975,24,3.65
Ranchi,Wheat,Clay Loam,6.69,High,Low,Medium,1366,22,2.81
Ranchi,Maize,Loamy,6.75,Low,Low,High,942,24,2.08
Ranchi,Wheat,Loamy,6.22,Medium,High,High,1306,21,2.67
Ranchi,Maize,Loamy,5.84,Medium,High,Low,1100,25,3.17
Ranchi,Maize,Sandy Loam,6.78,Low,Medium,Medium,914,30,2.24
Ranchi,Maize,Sandy Loam,6.74,Low,Low,Low,1001,29,2.78
Ranchi,Wheat,Clay Loam,6.28,Low,Medium,High,1143,24,2.63
Ranchi,Maize,Loamy,6.29,High,High,Low,1070,18,2.86
Ranchi,Wheat,Clay Loam,7.24,High,High,High,1241,25,2.01
Ranchi,Rice,Loamy,6.44,Low,Medium,High,1551,24,4.02
Ranchi,Maize,Sandy Loam,6.65,High,High,Medium,1058,18,2.59
Ranchi,Wheat,Loamy,6.19,High,Low,High,1075,21,2.54
Ranchi,Pulses,Loamy,6.06,High,Low,Low,857,27,1.51
Ranchi,Rice,Clayey,6.25,Medium,High,High,1326,26,4.22
Ranchi,Maize,Sandy Loam,6.29,High,High,Low,920,28,2.8
Ranchi,Wheat,Clay Loam,6.47,High,High,Low,1242,18,2.91
Ranchi,Wheat,Loamy,6.38,High,Medium,Low,1182,22,3.05
Ranchi,Wheat,Loamy,6.41,Medium,Low,High,1061,19,2.04
Ranchi,Maize,Sandy Loam,7.03,High,High,High,990,20,2.03
Ranchi,Rice,Clayey,6.03,Low,High,Medium,1445,32,4.29
Ranchi,Maize,Loamy,6.98,High,Medium,High,1001,23,2.24
Ranchi,Pulses,Loamy,6.89,High,Low,Medium,835,28,1.58
Ranchi,Pulses,Loamy,7.02,High,High,High,999,28,1.58
Ranchi,Wheat,Clay Loam,6.45,Medium,High,Low,1372,18,2.81
Ranchi,Rice,Clay Loam,6.06,High,Medium,Low,1520,29,3.8
Ranchi,Maize,Loamy,7.4,Low,High,Medium,1026,29,2.4
Ranchi,Wheat,Loamy,7.17,High,Low,High,955,19,1.72
Ranchi,Pulses,Sandy Loam,7.48,High,Medium,Low,844,18,1.52
Ranchi,Wheat,Loamy,6.15,Medium,Low,High,1147,20,1.82
Ranchi,Wheat,Loamy,6.16,Low,Medium,Low,1326,19,1.84
Ranchi,Maize,Sandy Loam,6.95,Low,Medium,Medium,1018,29,3.61
Ranchi,Maize,Loamy,6.2,High,Medium,High,1062,18,3.22
Ranchi,Rice,Loamy,6.96,High,Medium,Medium,1447,30,4.35
Ranchi,Pulses,Sandy Loam,6.67,High,High,Medium,822,26,1.85
Ranchi,Rice,Clay Loam,6.73,Medium,High,High,1417,28,3.9
Ranchi,Wheat,Loamy,6.31,Low,High,Medium,1227,23,2.29
Ranchi,Pulses,Sandy Loam,6.18,Medium,High,Low,901,23,1.25
Ranchi,Rice,Clay Loam,5.7,Medium,Medium,Medium,1414,26,3.78
Ranchi,Rice,Clayey,6.83,Medium,High,Low,1324,23,3.12
Ranchi,Rice,Clayey,6.18,Low,Medium,Low,1573,22,4.44
Ranchi,Maize,Loamy,7.05,Low,Medium,Low,1045,22,2.49
Ranchi,Maize,Loamy,6.98,Low,High,Medium,1121,23,2.71
Ranchi,Wheat,Clay Loam,6.01,Medium,High,Low,1045,20,3.23
Ranchi,Maize,Sandy Loam,6.67,Low,Medium,High,1145,30,3.51
Ranchi,Wheat,Clay Loam,6.65,Low,Medium,Medium,1068,24,2.24
Ranchi,Pulses,Loamy,7.15,Low,High,Medium,1050,23,1.24
Ranchi,Pulses,Sandy Loam,6.48,High,Low,Medium,1021,23,1.89
Ranchi,Maize,Sandy Loam,6.69,High,Low,Low,1131,18,3.19
Ranchi,Wheat,Clay Loam,6.01,High,Medium,High,989,19,2.55
Ranchi,Wheat,Clay Loam,6.62,Medium,Low,Medium,1359,24,2.09
Ranchi,Rice,Clay Loam,5.63,Medium,High,Low,1258,26,3.25
Ranchi,Pulses,Loamy,7.39,Low,High,Medium,1036,20,1.46
Ranchi,Rice,Loamy,6.0,Low,High,High,1254,25,3.22
Ranchi,Maize,Loamy,7.15,High,Low,High,917,29,2.71
Ranchi,Wheat,Clay Loam,6.8,Medium,Medium,High,1094,24,2.66
Ranchi,Maize,Loamy,6.52,High,High,High,1015,30,2.02
Ranchi,Pulses,Sandy Loam,6.14,Medium,Medium,Low,904,23,1.66
Ranchi,Pulses,Sandy Loam,7.41,Medium,Medium,High,817,20,1.87
Ranchi,Maize,Loamy,6.36,Medium,Medium,Low,1022,26,2.29
Ranchi,Rice,Clayey,6.24,Medium,Medium,Medium,1430,23,4.18
Ranchi,Wheat,Loamy,6.8,Medium,Medium,Low,1320,19,2.24
Ranchi,Pulses,Sandy Loam,6.53,Medium,High,Low,1029,23,1.41
Ranchi,Wheat,Loamy,6.88,High,Medium,Low,1352,23,2.91
Ranchi,Pulses,Sandy Loam,7.11,Medium,High,Medium,909,26,1.49
Ranchi,Wheat,Loamy,7.25,High,Low,High,994,19,1.94
Ranchi,Rice,Clay Loam,5.95,Low,High,Medium,1535,32,3.9
Ranchi,Wheat,Clay Loam,6.18,High,High,Low,1297,20,2.12
Ranchi,Rice,Loamy,6.42,High,High,High,1591,25,4.41
Ranchi,Wheat,Clay Loam,7.35,High,Low,Medium,1270,19,1.86
Ranchi,Maize,Sandy Loam,7.16,High,Medium,Low,972,30,2.61
Ranchi,Pulses,Loamy,6.87,Low,High,Low,907,23,1.29
Ranchi,Wheat,Clay Loam,6.21,Medium,High,Low,975,22,2.61
Ranchi,Wheat,Loamy,6.76,Medium,Medium,Low,1154,22,2.89
Ranchi,Pulses,Loamy,6.6,Medium,Medium,Medium,983,27,1.65
Ranchi,Rice,Loamy,6.97,High,Low,Medium,1378,23,3.99
Ranchi,Rice,Loamy,6.58,Low,High,High,1220,26,4.11
Ranchi,Maize,Sandy Loam,7.03,Medium,Medium,Medium,1090,22,2.69
Ranchi,Maize,Sandy Loam,5.94,Low,Medium,Low,991,27,3.88
Ranchi,Maize,Sandy Loam,7.1,High,High,Low,981,29,3.92
Ranchi,Wheat,Loamy,7.25,High,Medium,Medium,1052,20,2.4
Ranchi,Pulses,Sandy Loam,7.17,Low,High,Medium,1017,25,1.97
Ranchi,Rice,Loamy,5.66,Medium,Low,Medium,1203,22,2.57
Ranchi,Rice,Clayey,6.03,High,High,Medium,1566,28,3.11
Ranchi,Pulses,Loamy,6.91,Low,Medium,Low,967,21,1.6
Ranchi,Pulses,Loamy,6.3,Medium,High,Medium,827,19,1.44
Ranchi,Wheat,Clay Loam,7.45,High,Medium,High,1066,22,3.23
Ranchi,Pulses,Sandy Loam,7.44,High,High,Medium,905,18,1.38
Ranchi,Wheat,Loamy,6.0,Medium,Medium,High,987,23,2.64
Ranchi,Pulses,Sandy Loam,6.03,Medium,High,High,1013,21,1.55
Ranchi,Rice,Clayey,5.95,High,Low,High,1456,31,4.34
Ranchi,Wheat,Clay Loam,6.97,Medium,Low,High,1293,23,2.98
Ranchi,Pulses,Loamy,6.77,High,Medium,Medium,1046,18,1.26
Ranchi,Pulses,Sandy Loam,6.26,High,High,High,848,23,1.52
Ranchi,Rice,Clayey,6.68,High,Low,Low,1530,32,3.77
Ranchi,Wheat,Loamy,7.3,High,Low,Low,1361,20,1.99
Ranchi,Wheat,Loamy,6.28,Medium,Medium,Medium,1305,20,1.83
Ranchi,Rice,Clay Loam,6.65,Low,Medium,Low,1297,31,2.99
Ranchi,Rice,Clay Loam,6.76,Low,High,Medium,1537,28,4.43
Ranchi,Maize,Loamy,6.54,Low,Low,Medium,1035,30,2.45
Ranchi,Pulses,Loamy,7.35,Low,Low,Medium,818,19,1.52
Ranchi,Maize,Sandy Loam,5.96,Low,High,Medium,1125,25,2.34
Ranchi,Wheat,Clay Loam,7.46,Medium,Low,High,1376,20,2.85
Ranchi,Pulses,Sandy Loam,6.61,High,High,High,1047,26,1.43
Ranchi,Maize,Loamy,5.89,Low,Medium,Medium,1104,19,2.27
Ranchi,Pulses,Loamy,6.01,Medium,Medium,High,888,27,1.52
Ranchi,Pulses,Sandy Loam,6.08,Medium,High,High,842,19,1.99
Ranchi,Maize,Loamy,6.73,Low,Medium,High,960,24,2.79
Ranchi,Rice,Clayey,6.22,High,Medium,Low,1598,31,3.87
Ranchi,Rice,Loamy,6.78,Low,Low,Low,1540,32,4.27
Ranchi,Rice,Loamy,6.88,High,Medium,High,1490,28,3.17
Ranchi,Pulses,Sandy Loam,7.09,Medium,Low,Medium,873,27,1.5
Ranchi,Maize,Sandy Loam,5.93,Low,Medium,Low,1023,19,3.06
Ranchi,Wheat,Clay Loam,6.29,Low,Low,High,1007,20,1.99
Ranchi,Rice,Clayey,6.8,High,Medium,Medium,1558,30,3.56
Ranchi,Maize,Loamy,5.89,Low,Low,Medium,1026,20,2.28
Ranchi,Wheat,Loamy,7.4,Low,Medium,High,1033,24,3.28
Ranchi,Pulses,Sandy Loam,6.89,Medium,High,High,980,23,1.42
Ranchi,Wheat,Clay Loam,6.23,Medium,Medium,Medium,1390,20,1.93
Ranchi,Rice,Clayey,6.66,Medium,Low,Medium,1430,29,3.99
Ranchi,Maize,Sandy Loam,7.03,Low,Medium,High,1117,25,2.09
Ranchi,Wheat,Loamy,7.46,High,High,Medium,1168,20,3.0
Ranchi,Pulses,Sandy Loam,6.24,Medium,Medium,Low,1029,24,1.8
Ranchi,Pulses,Loamy,7.18,High,High,Low,1079,28,1.51
Ranchi,Wheat,Loamy,7.31,Low,Medium,High,963,25,3.13
Ranchi,Rice,Clay Loam,6.57,Medium,High,Low,1569,22,4.14
Ranchi,Maize,Sandy Loam,6.46,High,Medium,Low,1186,24,3.77
Ranchi,Pulses,Loamy,6.44,Medium,Low,Medium,930,21,1.29
Ranchi,Maize,Sandy Loam,7.46,Medium,Medium,Medium,954,30,2.19
Ranchi,Wheat,Loamy,6.64,Low,High,Medium,1055,18,3.16
Ranchi,Maize,Sandy Loam,6.84,Low,Medium,High,1059,29,2.05
Ranchi,Pulses,Sandy Loam,7.46,High,High,High,992,25,1.16
Ranchi,Maize,Sandy Loam,7.12,Medium,Low,Low,1170,24,3.71
Ranchi,Pulses,Sandy Loam,6.05,Low,Medium,Low,1091,19,1.2
Ranchi,Maize,Sandy Loam,6.16,High,Medium,Medium,1016,30,2.17
Ranchi,Pulses,Sandy Loam,6.65,Medium,Low,Low,891,24,1.35
Ranchi,Pulses,Sandy Loam,6.26,Low,Low,High,941,24,1.85
Ranchi,Pulses,Sandy Loam,7.06,High,Medium,Medium,905,28,1.61
Ranchi,Wheat,Loamy,7.22,Medium,Medium,Low,1189,19,3.26
Ranchi,Pulses,Sandy Loam,7.43,High,High,Low,981,19,1.8
Ranchi,Pulses,Sandy Loam,7.0,High,Low,Medium,1035,22,1.01
Ranchi,Wheat,Loamy,6.66,Low,Low,Medium,1348,18,2.2
Ranchi,Pulses,Sandy Loam,6.37,Medium,High,Low,1083,23,1.6
Ranchi,Pulses,Sandy Loam,7.19,High,Medium,Medium,914,18,1.36
Ranchi,Maize,Sandy Loam,7.23,Medium,Medium,High,1033,28,3.55
Ranchi,Pulses,Loamy,7.12,Low,Medium,High,857,20,1.64
Ranchi,Rice,Loamy,5.75,High,Medium,Low,1463,31,4.1
Ranchi,Rice,Clayey,5.8,Medium,High,Medium,1524,29,2.61
Ranchi,Wheat,Clay Loam,6.22,Medium,High,High,1018,18,2.29
Ranchi,Wheat,Clay Loam,7.26,Medium,High,Low,1271,25,2.02
Ranchi,Wheat,Loamy,7.5,Low,Medium,Medium,1142,23,3.28
Ranchi,Pulses,Loamy,6.54,Low,Low,Low,918,26,1.58
Ranchi,Wheat,Loamy,6.16,High,Medium,Medium,1360,19,2.61
Ranchi,Rice,Loamy,6.56,Medium,Medium,High,1245,25,3.67
Ranchi,Maize,Loamy,7.48,Low,High,Medium,1016,24,3.33
Ranchi,Wheat,Loamy,6.6,Medium,High,High,1296,20,3.18
Ranchi,Pulses,Sandy Loam,6.08,Low,Medium,Medium,838,27,1.78
Ranchi,Pulses,Sandy Loam,6.67,Medium,High,Low,972,23,1.75
Ranchi,Rice,Clayey,6.2,High,Low,High,1207,23,3.48
Ranchi,Wheat,Clay Loam,7.13,Medium,Medium,Medium,1078,18,1.86
Ranchi,Maize,Sandy Loam,6.07,Medium,Medium,Low,1092,27,2.44
Ranchi,Maize,Loamy,6.28,Low,Medium,Medium,1056,29,3.33
Ranchi,Wheat,Clay Loam,6.02,Low,Low,Medium,1191,21,2.22
Ranchi,Pulses,Sandy Loam,6.93,High,High,Medium,898,24,1.93
Ranchi,Pulses,Loamy,7.32,High,Low,High,1054,27,1.37
Ranchi,Wheat,Clay Loam,6.76,Low,Low,Medium,1264,18,3.37
Ranchi,Maize,Sandy Loam,7.49,Medium,High,Medium,906,30,3.3
Ranchi,Pulses,Loamy,6.19,Medium,Low,Medium,926,20,1.29
Ranchi,Maize,Loamy,7.46,Low,Medium,Medium,925,23,3.67
Ranchi,Maize,Sandy Loam,6.37,High,Low,Low,1178,22,3.12
Ranchi,Pulses,Loamy,6.99,High,Medium,High,921,22,1.71
Ranchi,Rice,Clay Loam,6.44,Low,Low,Low,1308,28,4.23
Ranchi,Maize,Sandy Loam,5.84,Low,Low,Medium,1105,20,2.01
Ranchi,Pulses,Sandy Loam,7.2,Low,Low,Low,1071,22,1.26
Ranchi,Wheat,Clay Loam,7.19,Low,Low,Medium,1150,20,2.08
Ranchi,Pulses,Loamy,6.59,Low,Medium,Medium,947,19,1.12
Ranchi,Wheat,Clay Loam,6.89,Low,Medium,Medium,1300,23,3.14
Ranchi,Rice,Clay Loam,6.84,Low,Low,High,1577,26,3.2
Ranchi,Wheat,Loamy,7.38,Medium,Medium,Low,1191,20,2.96
Ranchi,Wheat,Clay Loam,6.63,Medium,Medium,Medium,1225,21,1.89
Ranchi,Pulses,Sandy Loam,6.64,Low,Low,Medium,813,20,1.17
Ranchi,Rice,Loamy,5.7,High,Medium,High,1243,27,3.94
Ranchi,Pulses,Loamy,6.25,Low,High,Low,870,25,1.05
Ranchi,Pulses,Sandy Loam,6.08,Low,High,Low,1066,19,1.53
Ranchi,Wheat,Loamy,6.04,Low,Low,High,1090,18,2.88
Ranchi,Wheat,Loamy,6.42,High,High,Medium,1240,22,1.84
Ranchi,Wheat,Clay Loam,7.1,High,Medium,High,928,20,2.87
Ranchi,Wheat,Loamy,6.17,High,High,Medium,969,21,1.76
Ranchi,Pulses,Sandy Loam,7.06,Low,Medium,Low,824,18,1.97
Ranchi,Rice,Loamy,6.28,Low,Low,Low,1480,32,4.0
Ranchi,Wheat,Clay Loam,6.4,Low,Medium,Low,1201,25,3.26
Ranchi,Rice,Clay Loam,5.64,Medium,High,High,1437,29,3.07
Ranchi,Maize,Loamy,6.38,High,Low,High,1109,28,3.25
Ranchi,Wheat,Clay Loam,7.33,Low,Medium,Low,1258,21,2.44
Ranchi,Maize,Sandy Loam,6.59,High,High,High,1037,29,2.28
Ranchi,Wheat,Loamy,6.22,Low,High,Low,970,21,2.48
Ranchi,Rice,Loamy,6.53,High,Low,Medium,1321,24,4.1
Ranchi,Rice,Clay Loam,6.97,Low,High,High,1434,31,3.5
Ranchi,Maize,Loamy,5.96,High,High,High,1022,30,3.94
Ranchi,Wheat,Clay Loam,6.25,Medium,High,Medium,1145,25,2.23
Ranchi,Wheat,Clay Loam,7.12,Medium,High,Low,1141,19,2.94
Ranchi,Rice,Clay Loam,6.23,High,Low,High,1447,23,2.53
Ranchi,Wheat,Clay Loam,7.15,Low,High,High,1183,18,3.08
Ranchi,Wheat,Clay Loam,7.04,High,Low,Low,1281,25,2.31
Ranchi,Wheat,Clay Loam,6.4,High,Medium,Low,1190,22,2.24
Ranchi,Pulses,Sandy Loam,6.73,High,Medium,Low,962,23,1.56
Ranchi,Pulses,Loamy,6.87,Medium,Medium,High,1028,21,1.07
Ranchi,Wheat,Clay Loam,6.46,Medium,Low,Medium,1167,25,2.18
Ranchi,Wheat,Loamy,6.76,Medium,High,Low,931,20,3.07
Ranchi,Maize,Loamy,6.14,Low,Low,Medium,983,19,2.16
Ranchi,Maize,Sandy Loam,6.98,High,High,Medium,935,23,2.07
Ranchi,Maize,Loamy,6.61,Medium,High,High,1098,19,3.5
Ranchi,Pulses,Loamy,6.07,Medium,Medium,High,873,24,1.59
Ranchi,Pulses,Loamy,7.17,High,High,High,855,23,1.44
Ranchi,Rice,Clayey,6.67,Medium,Low,Medium,1262,28,3.75
Ranchi,Wheat,Clay Loam,6.57,Medium,Medium,Low,1377,21,2.96
Ranchi,Pulses,Loamy,6.67,Medium,Medium,Low,837,18,1.83
Ranchi,Rice,Loamy,6.22,High,High,Low,1228,22,3.61
Ranchi,Pulses,Sandy Loam,7.11,High,High,High,1038,26,1.13
Ranchi,Pulses,Sandy Loam,6.4,High,Low,High,1097,19,1.92
Ranchi,Rice,Loamy,5.86,High,Low,Medium,1445,31,3.2
Ranchi,Pulses,Loamy,6.97,High,Medium,Medium,860,18,1.87
Ranchi,Pulses,Loamy,6.71,High,Medium,Medium,997,27,1.24
Ranchi,Wheat,Clay Loam,7.32,Low,Low,High,1211,21,3.06
Ranchi,Rice,Loamy,6.8,Low,Medium,High,1351,25,3.84
Ranchi,Maize,Loamy,6.82,Low,High,Low,1006,24,3.6
Ranchi,Maize,Loamy,7.44,Low,Low,Low,1096,23,3.04
Ranchi,Rice,Clay Loam,6.83,Low,High,High,1350,26,3.55
Ranchi,Rice,Clay Loam,6.68,Medium,Low,Medium,1377,23,3.32
Ranchi,Wheat,Loamy,6.54,High,Medium,High,907,18,1.73
Ranchi,Wheat,Clay Loam,7.18,High,Low,Low,1231,22,2.53
Ranchi,Pulses,Loamy,7.32,High,High,Low,916,22,1.26
Ranchi,Rice,Clayey,6.68,Medium,Low,Medium,1363,32,4.37
Ranchi,Wheat,Loamy,7.24,Medium,Medium,Low,1177,24,3.17
Ranchi,Wheat,Loamy,7.14,High,High,High,1199,24,3.05
Ranchi,Wheat,Loamy,6.05,High,High,Low,1156,18,2.62
Ranchi,Pulses,Loamy,6.7,Medium,High,Medium,885,27,1.34
Ranchi,Pulses,Sandy Loam,7.39,Medium,Medium,High,1081,28,1.35
Ranchi,Pulses,Loamy,6.1,Low,High,Low,901,22,1.31
Ranchi,Wheat,Loamy,7.18,Low,Low,Low,1392,22,2.33
Ranchi,Maize,Sandy Loam,7.38,High,High,High,1141,26,3.37
Ranchi,Rice,Clay Loam,6.4,Low,High,High,1230,25,3.92
Ranchi,Maize,Loamy,7.12,Low,Medium,High,1096,25,3.13
Ranchi,Maize,Loamy,7.41,Low,High,Medium,945,20,2.71
Ranchi,Rice,Clayey,6.1,High,Medium,Medium,1249,26,3.78
Ranchi,Pulses,Loamy,6.05,Medium,Medium,Medium,906,24,1.78
Ranchi,Maize,Loamy,6.58,Low,High,Low,1062,18,2.39
Ranchi,Rice,Clay Loam,5.97,Low,High,Low,1555,24,2.88
Ranchi,Maize,Loamy,6.01,Medium,Medium,Medium,1151,20,2.21
Ranchi,Wheat,Loamy,6.91,High,Low,Medium,1150,20,1.82
Ranchi,Rice,Clay Loam,6.03,Low,Medium,Medium,1357,25,2.86
Ranchi,Pulses,Loamy,7.21,High,Medium,High,1058,24,1.09
Ranchi,Maize,Loamy,6.49,Low,High,High,1027,19,2.52
Ranchi,Rice,Clayey,6.0,High,High,Medium,1357,24,4.34
Ranchi,Wheat,Loamy,7.33,High,Medium,Medium,1107,19,2.47
Ranchi,Wheat,Loamy,7.05,High,Medium,Low,1228,25,3.15
Ranchi,Pulses,Sandy Loam,6.7,Medium,Low,Medium,857,21,1.56
Ranchi,Rice,Clay Loam,6.78,High,Low,Medium,1447,29,3.53
Ranchi,Rice,Clayey,6.24,Low,Low,Medium,1453,29,4.46
Ranchi,Pulses,Sandy Loam,6.18,Low,Medium,Medium,827,22,1.15
Ranchi,Maize,Sandy Loam,7.22,Low,Medium,Low,951,20,3.05
Ranchi,Pulses,Loamy,6.78,Medium,High,Medium,936,22,1.45
Ranchi,Wheat,Loamy,6.39,Low,Low,High,1175,22,2.5
Ranchi,Maize,Loamy,7.42,High,Low,High,1130,18,2.61
Ranchi,Wheat,Loamy,6.03,High,Low,Medium,1012,21,3.36
Ranchi,Pulses,Loamy,7.23,Low,High,High,1044,26,1.67
Ranchi,Rice,Loamy,6.85,Medium,High,Medium,1226,31,4.2
Ranchi,Rice,Clayey,5.54,Low,Low,High,1373,29,3.79
Ranchi,Rice,Clayey,5.61,High,High,High,1313,23,3.65
Ranchi,Pulses,Sandy Loam,7.04,High,High,Low,890,21,1.22
Ranchi,Maize,Loamy,6.91,Medium,Medium,Low,936,19,2.67
Ranchi,Rice,Clayey,5.9,Medium,High,Medium,1419,22,4.24
Ranchi,Wheat,Clay Loam,7.4,High,Medium,Medium,1070,18,2.74
Ranchi,Pulses,Sandy Loam,7.27,High,Medium,Medium,1043,26,1.01
Ranchi,Pulses,Loamy,6.18,Medium,Low,Low,898,26,1.66
Ranchi,Wheat,Clay Loam,6.96,Low,Low,High,1109,18,3.23
Ranchi,Maize,Loamy,7.43,High,Medium,High,1113,21,3.48
Ranchi,Maize,Loamy,7.01,Low,Low,High,1181,23,3.59
Ranchi,Maize,Loamy,7.33,Medium,High,Low,1127,29,2.69
Ranchi,Rice,Loamy,6.65,Medium,Medium,Low,1209,26,4.14
Ranchi,Maize,Sandy Loam,6.87,Medium,Medium,Medium,1146,22,2.7
Ranchi,Pulses,Sandy Loam,6.29,Low,Low,High,949,20,1.95
Ranchi,Wheat,Clay Loam,6.41,High,High,High,1329,18,2.49
Ranchi,Pulses,Sandy Loam,7.22,High,High,Low,1095,23,1.12
Ranchi,Wheat,Loamy,7.3,High,High,Medium,1356,20,2.17
Ranchi,Maize,Loamy,6.91,Low,High,High,938,25,2.31
Ranchi,Maize,Loamy,5.88,Low,Low,Medium,956,21,2.45
Ranchi,Wheat,Loamy,7.4,Medium,Medium,Medium,1023,21,2.78
Ranchi,Pulses,Loamy,6.82,High,Medium,High,855,20,1.18
Ranchi,Maize,Sandy Loam,5.81,Low,Medium,Medium,1041,25,3.32
Ranchi,Rice,Clay Loam,5.72,High,Low,Medium,1548,28,3.32
Ranchi,Pulses,Loamy,7.06,Medium,High,Low,953,21,1.61
Ranchi,Rice,Loamy,6.79,Medium,Medium,Medium,1499,27,4.01
Ranchi,Maize,Sandy Loam,6.42,Low,High,High,1122,28,3.12
Ranchi,Wheat,Loamy,6.88,Low,High,High,1138,19,1.98
Ranchi,Maize,Sandy Loam,7.46,Medium,Low,Low,1086,24,3.48
Ranchi,Wheat,Clay Loam,6.88,Low,Medium,Medium,1323,22,2.19
Ranchi,Rice,Clayey,6.07,High,High,High,1300,24,4.48
Ranchi,Maize,Loamy,5.84,High,Medium,Low,1039,18,2.54
Ranchi,Maize,Sandy Loam,6.47,Low,High,Low,1102,30,2.08
Ranchi,Wheat,Clay Loam,6.2,High,Low,Medium,998,19,2.39
Ranchi,Wheat,Clay Loam,6.97,Low,Low,Low,1262,22,1.76
Ranchi,Pulses,Sandy Loam,7.0,Low,Medium,Low,854,19,1.81
Ranchi,Wheat,Clay Loam,6.55,High,High,Low,1095,22,1.89
Ranchi,Pulses,Sandy Loam,6.7,Medium,High,High,953,28,1.68
Ranchi,Maize,Loamy,6.97,Low,High,Low,932,22,2.73
Ranchi,Pulses,Sandy Loam,6.87,Medium,Medium,High,1040,19,1.28
Ranchi,Rice,Clay Loam,5.82,Low,Low,High,1545,27,4.07
Ranchi,Wheat,Clay Loam,7.4,Medium,High,Low,1034,22,2.69
Ranchi,Maize,Sandy Loam,6.51,Medium,Low,High,1095,21,3.21
Ranchi,Rice,Clay Loam,6.64,Low,Medium,Medium,1528,31,4.09
Ranchi,Wheat,Clay Loam,7.04,Medium,High,Low,1253,23,3.1
Ranchi,Maize,Sandy Loam,6.26,Low,Low,High,910,27,2.04
Ranchi,Pulses,Loamy,6.97,Low,High,Low,1005,19,1.29
Ranchi,Maize,Sandy Loam,6.93,High,Low,High,1152,22,3.17
Ranchi,Pulses,Loamy,6.15,Low,Low,Medium,973,20,1.32
Ranchi,Rice,Clayey,6.39,High,Low,Medium,1458,24,3.29
Ranchi,Pulses,Loamy,6.15,Low,Medium,High,939,19,1.77
Ranchi,Maize,Loamy,7.24,High,Low,Medium,1099,26,2.87
Ranchi,Rice,Clayey,6.52,Low,Medium,Medium,1491,26,2.79
Ranchi,Rice,Loamy,6.63,High,Low,Low,1311,26,2.58
Ranchi,Wheat,Clay Loam,7.02,High,Medium,Medium,1049,23,1.97
Ranchi,Pulses,Loamy,6.63,Low,High,Medium,943,26,1.66
Ranchi,Maize,Loamy,5.97,Low,Medium,Low,1040,30,3.14
Ranchi,Pulses,Loamy,7.4,Low,Medium,High,926,26,1.25
Ranchi,Maize,Loamy,6.11,Low,Low,Medium,1131,22,2.85
Ranchi,Maize,Loamy,6.92,Medium,Medium,Medium,1060,28,3.56
Ranchi,Maize,Loamy,6.68,High,Medium,High,961,25,2.07
Ranchi,Maize,Loamy,6.28,Low,Medium,Low,931,21,2.59
Ranchi,Pulses,Loamy,6.8,Medium,Medium,High,927,18,1.16
Ranchi,Pulses,Sandy Loam,6.81,Low,Low,Medium,867,26,1.27
Ranchi,Wheat,Loamy,6.03,Low,Medium,High,914,21,3.39
Ranchi,Pulses,Loamy,7.45,Low,High,Medium,1097,27,1.22
Ranchi,Maize,Sandy Loam,5.94,High,Medium,Low,915,28,2.17
Ranchi,Pulses,Sandy Loam,6.23,High,Medium,Low,862,26,1.1
Ranchi,Wheat,Loamy,6.87,Medium,Medium,Medium,1287,22,2.86
Ranchi,Maize,Sandy Loam,6.95,High,High,High,931,29,3.16
Ranchi,Maize,Loamy,6.03,Medium,High,High,904,26,2.22
Ranchi,Maize,Loamy,7.43,High,Medium,Low,1024,18,2.45
Ranchi,Wheat,Loamy,6.47,High,Low,Medium,1074,18,2.26
Ranchi,Rice,Clay Loam,6.79,Medium,Low,High,1598,26,4.14
Ranchi,Pulses,Loamy,6.42,Medium,Medium,High,973,20,1.08
Ranchi,Maize,Loamy,6.71,Low,Low,Low,1196,23,3.51
Ranchi,Maize,Loamy,6.04,Low,Low,Low,971,30,2.31
Ranchi,Maize,Sandy Loam,6.86,Low,High,Medium,902,26,3.23
Ranchi,Wheat,Loamy,7.49,Medium,Low,High,1225,20,3.18
Ranchi,Pulses,Sandy Loam,6.94,Medium,High,Low,848,28,1.22
Ranchi,Maize,Loamy,6.38,Low,High,Low,1047,20,2.95
Ranchi,Pulses,Sandy Loam,7.0,Medium,High,Low,1091,28,1.41
Ranchi,Wheat,Clay Loam,6.43,Medium,Low,Low,1379,20,2.6
Ranchi,Maize,Sandy Loam,6.04,High,Medium,Medium,918,27,2.62
Ranchi,Pulses,Sandy Loam,6.15,Medium,Low,High,1099,21,1.58
Ranchi,Rice,Clay Loam,6.84,Low,Low,Medium,1520,24,2.85
Ranchi,Wheat,Clay Loam,7.18,Medium,High,Low,1144,20,3.3
Ranchi,Rice,Clayey,6.83,Medium,High,Low,1594,22,3.69
Ranchi,Wheat,Clay Loam,6.61,Low,Medium,Medium,1005,22,3.09
Ranchi,Rice,Clayey,6.11,High,Medium,Medium,1530,27,3.47
Ranchi,Rice,Clay Loam,6.33,High,High,High,1513,29,3.98
Ranchi,Maize,Loamy,6.14,Low,Medium,Medium,989,18,2.12
Ranchi,Maize,Loamy,7.2,Medium,Medium,Low,980,24,3.97
Ranchi,Pulses,Sandy Loam,6.45,High,Medium,Medium,947,22,2.0
Ranchi,Wheat,Clay Loam,7.18,Low,High,High,1156,23,2.49
Ranchi,Pulses,Sandy Loam,6.72,Medium,Medium,Medium,880,23,1.58
Ranchi,Pulses,Loamy,6.31,Low,Low,Medium,983,21,1.47
Ranchi,Wheat,Loamy,6.19,High,Medium,Low,1351,22,2.24
Ranchi,Pulses,Loamy,6.28,Low,High,Medium,912,24,1.27
Ranchi,Pulses,Loamy,7.35,Low,Low,Low,1050,20,1.3
Ranchi,Maize,Loamy,7.01,Low,Medium,High,1125,23,3.73
Ranchi,Rice,Clay Loam,5.64,High,Medium,Low,1497,30,3.82
Ranchi,Rice,Clay Loam,5.73,High,Medium,Medium,1431,26,3.23
Ranchi,Wheat,Clay Loam,7.2,Low,Medium,High,1371,23,2.67
Ranchi,Wheat,Loamy,7.48,Low,Medium,Medium,1290,20,2.5
Ranchi,Pulses,Sandy Loam,6.28,Medium,Low,Low,1032,19,1.8
Ranchi,Rice,Clayey,5.89,Medium,Low,Low,1226,23,2.59
Ranchi,Pulses,Loamy,6.04,Medium,Medium,High,963,25,1.55
Ranchi,Pulses,Loamy,6.39,Low,Medium,Low,1085,28,1.01
Ranchi,Pulses,Loamy,6.92,Low,Medium,High,801,24,1.96
Ranchi,Pulses,Sandy Loam,7.33,Low,High,Medium,930,18,1.91
Ranchi,Maize,Sandy Loam,6.63,Low,High,Medium,1037,27,2.88
Ranchi,Rice,Clay Loam,5.61,Medium,Low,High,1421,28,3.15
Ranchi,Wheat,Clay Loam,7.42,Low,Medium,Medium,1141,22,2.25
Ranchi,Maize,Sandy Loam,6.33,Low,Medium,Low,940,21,2.66
Ranchi,Wheat,Clay Loam,6.11,Medium,Medium,High,1004,18,3.16
Ranchi,Wheat,Clay Loam,7.02,Medium,Medium,Low,1393,19,2.0
Ranchi,Rice,Loamy,5.57,Medium,High,High,1467,24,4.24
Ranchi,Pulses,Sandy Loam,7.36,High,Low,Low,976,22,1.9
Ranchi,Maize,Sandy Loam,7.49,Low,Low,High,1002,20,3.19
Ranchi,Pulses,Loamy,7.06,Low,Medium,High,942,18,1.42
Ranchi,Pulses,Sandy Loam,6.67,Medium,High,Low,870,28,1.64
Ranchi,Pulses,Sandy Loam,6.12,Medium,Medium,Medium,1070,21,1.62
Ranchi,Rice,Clay Loam,6.1,Low,High,High,1248,25,4.34
Ranchi,Maize,Loamy,6.92,High,Low,Low,1136,28,2.8
Ranchi,Pulses,Loamy,6.96,High,High,High,1085,22,1.51
Ranchi,Rice,Clay Loam,6.65,Low,High,Low,1226,29,3.37
Ranchi,Wheat,Loamy,7.07,High,Medium,Low,949,20,2.53
Ranchi,Rice,Clay Loam,5.51,High,Low,Low,1421,25,3.34
Ranchi,Maize,Loamy,7.09,Medium,Low,Low,1162,28,3.7
Ranchi,Maize,Loamy,7.16,Medium,High,Medium,988,19,2.98
Ranchi,Pulses,Sandy Loam,7.02,Medium,Medium,Medium,900,21,1.76
Ranchi,Pulses,Sandy Loam,7.35,Low,Medium,Low,1065,19,1.85
Ranchi,Pulses,Sandy Loam,6.29,High,High,Medium,994,18,1.49
Ranchi,Maize,Loamy,7.0,High,Low,Low,1000,27,2.96
Ranchi,Rice,Loamy,6.34,High,Low,High,1560,25,4.17
Ranchi,Pulses,Loamy,7.45,Low,Medium,Medium,967,23,1.22
Ranchi,Wheat,Clay Loam,6.17,High,High,Medium,1295,24,3.4
Ranchi,Pulses,Loamy,6.14,Medium,High,Low,1038,25,1.37
Ranchi,Wheat,Clay Loam,6.66,Medium,Low,High,1217,22,2.77
Ranchi,Pulses,Sandy Loam,7.24,Medium,Low,Low,968,19,1.7
Ranchi,Pulses,Loamy,6.78,Low,Medium,Low,873,26,1.96
Ranchi,Maize,Sandy Loam,7.2,High,High,High,1103,28,2.18
Ranchi,Rice,Loamy,5.99,High,Medium,Medium,1420,31,2.6
Ranchi,Rice,Clay Loam,6.24,Low,Medium,High,1576,30,2.96
Ranchi,Wheat,Loamy,6.81,High,High,High,1087,18,2.41
Ranchi,Pulses,Sandy Loam,6.02,High,Low,High,1015,27,1.48
Ranchi,Maize,Sandy Loam,6.67,Low,Medium,Medium,960,23,3.25
Ranchi,Pulses,Loamy,6.78,Medium,Medium,Medium,886,21,1.98
Ranchi,Pulses,Sandy Loam,6.17,High,High,Medium,826,24,1.18
Ranchi,Pulses,Loamy,6.99,Low,Medium,Medium,898,24,1.46
Ranchi,Rice,Loamy,6.9,Medium,High,High,1502,27,2.63
Ranchi,Wheat,Loamy,6.63,Medium,Low,Low,1329,22,3.08
Ranchi,Pulses,Loamy,6.59,High,Low,Low,830,22,1.12
Ranchi,Rice,Clay Loam,6.71,Medium,High,Low,1501,29,2.53
Ranchi,Pulses,Loamy,6.94,High,Low,Medium,1068,18,1.73
Ranchi,Pulses,Sandy Loam,6.95,High,High,Low,1004,27,1.82
Ranchi,Wheat,Clay Loam,7.22,Low,Low,Low,1033,23,1.8
Ranchi,Wheat,Clay Loam,6.62,High,Medium,Low,955,24,1.89
Ranchi,Maize,Sandy Loam,5.93,High,Medium,Low,973,27,3.91
Ranchi,Wheat,Clay Loam,6.82,Medium,High,Low,1233,19,1.94
Ranchi,Wheat,Clay Loam,7.28,Low,Medium,Medium,998,21,2.42
Ranchi,Pulses,Sandy Loam,7.38,Medium,High,Medium,802,27,1.57
Ranchi,Pulses,Sandy Loam,6.22,High,Medium,High,812,21,1.69
Ranchi,Pulses,Loamy,7.2,High,Low,Low,1036,22,1.18
Ranchi,Wheat,Loamy,6.59,Medium,Medium,High,1093,24,2.52
Ranchi,Pulses,Loamy,6.8,Medium,High,High,1061,19,1.86
Ranchi,Wheat,Clay Loam,7.43,Low,Medium,High,1126,22,2.88
Ranchi,Wheat,Clay Loam,7.41,Medium,Medium,High,1058,18,3.26
Ranchi,Rice,Loamy,6.58,Low,High,Medium,1410,30,3.98
Ranchi,Pulses,Sandy Loam,7.07,High,Low,High,962,27,1.23
Ranchi,Rice,Loamy,5.83,Low,Medium,High,1447,22,3.47
Ranchi,Pulses,Sandy Loam,6.77,Medium,Low,Medium,962,22,1.81
Ranchi,Pulses,Sandy Loam,6.56,Medium,Medium,Medium,971,27,1.75
Ranchi,Rice,Clay Loam,5.84,High,Low,Low,1348,28,2.9
Ranchi,Rice,Clay Loam,5.95,Medium,Low,Low,1439,32,3.94
Ranchi,Maize,Loamy,6.16,High,High,Low,966,30,3.73
Ranchi,Maize,Sandy Loam,7.38,High,Low,High,1179,19,3.81
Ranchi,Pulses,Loamy,6.39,High,Medium,Low,801,25,1.17
Ranchi,Maize,Sandy Loam,6.64,High,High,High,1124,21,3.16
Ranchi,Pulses,Sandy Loam,7.16,Low,Low,Low,1052,21,1.23
Ranchi,Maize,Sandy Loam,6.56,High,High,High,1071,25,2.51
Ranchi,Pulses,Loamy,6.6,Low,Medium,Low,1083,21,1.38
Ranchi,Maize,Sandy Loam,6.79,Low,Low,Low,1098,29,2.27
Ranchi,Wheat,Clay Loam,7.13,Low,Medium,High,1146,25,2.96
Ranchi,Wheat,Loamy,6.39,Medium,Low,Medium,1220,22,2.14
Ranchi,Rice,Clay Loam,6.89,High,Medium,Low,1330,24,4.19
Ranchi,Maize,Sandy Loam,6.15,High,Low,High,1156,26,2.46
Ranchi,Pulses,Loamy,7.18,Medium,Medium,Low,831,27,1.52
Ranchi,Pulses,Loamy,6.13,Low,Medium,Medium,814,25,1.74
Ranchi,Pulses,Sandy Loam,6.97,Low,High,Medium,1059,18,1.78
Ranchi,Pulses,Sandy Loam,6.11,Low,Low,Low,1011,18,1.16
Ranchi,Wheat,Clay Loam,6.31,High,Medium,High,1244,25,2.48
Ranchi,Rice,Clayey,6.72,High,Low,Medium,1370,29,4.49
Ranchi,Wheat,Loamy,6.5,Low,Medium,High,1264,23,1.96
Ranchi,Maize,Loamy,6.31,Low,Medium,Medium,963,23,3.03
Ranchi,Rice,Clay Loam,5.85,Low,High,Low,1203,27,3.03
Ranchi,Wheat,Clay Loam,6.65,Medium,Medium,Low,1208,25,1.9
Ranchi,Rice,Clay Loam,5.6,Low,Medium,Low,1350,23,3.4
Ranchi,Pulses,Loamy,7.22,High,Medium,Medium,886,27,1.69
Ranchi,Pulses,Loamy,6.65,High,High,Low,828,26,1.41
Ranchi,Pulses,Loamy,6.84,Low,High,Medium,987,25,1.36
Ranchi,Wheat,Clay Loam,6.82,Medium,Medium,High,993,20,3.31
Ranchi,Wheat,Loamy,6.71,Medium,Low,Medium,1333,18,2.15
Ranchi,Wheat,Clay Loam,6.69,Low,Medium,Medium,1341,25,1.91
Ranchi,Wheat,Clay Loam,6.02,Medium,Medium,Low,1258,18,3.07
Ranchi,Maize,Loamy,5.94,Low,Medium,High,1061,19,3.11
Ranchi,Pulses,Sandy Loam,7.0,High,Low,High,888,28,1.17
Ranchi,Rice,Loamy,6.6,Low,High,Low,1569,28,2.9
Ranchi,Maize,Loamy,7.47,High,Medium,Medium,953,27,3.38
Ranchi,Wheat,Clay Loam,7.43,Medium,Medium,High,1100,19,2.56
Ranchi,Rice,Clayey,6.69,Medium,Medium,Low,1477,22,3.47
Ranchi,Wheat,Clay Loam,7.23,Low,Medium,Low,1245,19,1.7
Ranchi,Maize,Loamy,5.9,High,Low,High,1146,25,3.09
Ranchi,Rice,Loamy,6.52,Low,High,Low,1470,29,3.14
Ranchi,Pulses,Loamy,6.59,Low,High,High,940,21,1.87
Ranchi,Maize,Sandy Loam,6.63,High,High,High,967,26,2.71
Ranchi,Maize,Loamy,6.51,High,Low,Low,978,19,3.64
Ranchi,Rice,Clayey,5.53,High,Medium,Low,1201,26,4.39
Ranchi,Wheat,Clay Loam,7.37,High,High,Low,1174,20,1.78
Ranchi,Wheat,Loamy,6.38,Medium,High,High,1230,25,2.85
Ranchi,Maize,Sandy Loam,6.25,Medium,Low,Low,1108,22,3.21
Ranchi,Rice,Clayey,6.27,Low,Low,Medium,1229,22,2.58
Ranchi,Maize,Sandy Loam,7.05,Low,Low,Low,902,20,4.0
Ranchi,Pulses,Sandy Loam,6.05,High,Low,Medium,833,19,1.89
Ranchi,Wheat,Loamy,6.51,Low,Medium,Medium,964,21,1.98
Ranchi,Rice,Loamy,5.96,Medium,High,Low,1455,27,3.42
Ranchi,Rice,Loamy,6.82,Medium,Medium,Low,1459,28,2.51
Ranchi,Wheat,Clay Loam,6.67,High,High,Low,907,18,2.88
Ranchi,Wheat,Clay Loam,6.42,Medium,Low,Medium,1012,22,1.78
Ranchi,Pulses,Sandy Loam,6.82,Low,Low,Medium,855,22,1.86
Ranchi,Pulses,Sandy Loam,7.05,High,High,Low,921,26,1.34
Ranchi,Maize,Loamy,7.44,Medium,Medium,Medium,1161,21,2.84
Ranchi,Maize,Loamy,7.4,Medium,Medium,Medium,1189,26,3.25
Ranchi,Maize,Sandy Loam,6.12,High,Medium,High,968,18,2.72
Ranchi,Maize,Sandy Loam,7.11,Low,Low,Medium,1184,30,2.94
Ranchi,Rice,Clayey,6.74,High,Medium,Low,1470,28,3.0
Ranchi,Maize,Sandy Loam,6.52,High,High,High,1117,20,3.44
Ranchi,Pulses,Sandy Loam,6.3,Medium,Medium,Low,1023,20,1.51
Ranchi,Maize,Loamy,7.45,Low,High,Low,918,21,3.32
Ranchi,Maize,Loamy,6.31,High,Low,Medium,1028,24,2.75
Ranchi,Maize,Loamy,7.22,High,Medium,High,1111,27,2.89
Ranchi,Rice,Loamy,6.94,Medium,High,High,1384,23,2.53
Ranchi,Maize,Loamy,6.53,Medium,Medium,Medium,945,20,3.77
Ranchi,Wheat,Clay Loam,7.01,Low,Medium,Low,913,24,2.67
Ranchi,Wheat,Clay Loam,6.87,High,Medium,Medium,1390,24,3.36
Ranchi,Rice,Clay Loam,5.72,Low,Low,Medium,1223,26,3.15
Ranchi,Rice,Clayey,6.02,Medium,High,Medium,1379,31,3.29
Ranchi,Wheat,Clay Loam,6.99,Medium,High,Medium,1186,21,2.5
Ranchi,Wheat,Loamy,6.97,Medium,Low,Medium,1051,21,2.48
Ranchi,Maize,Sandy Loam,6.71,Medium,High,Low,1047,28,2.67
Ranchi,Rice,Loamy,5.8,Medium,Low,Medium,1583,22,4.37
Ranchi,Maize,Loamy,6.85,Medium,Low,Low,982,21,2.7
Ranchi,Rice,Loamy,6.33,Low,Low,High,1238,28,3.26
Ranchi,Rice,Clay Loam,5.93,Medium,Medium,Medium,1567,23,4.28
Ranchi,Pulses,Sandy Loam,7.15,Low,Low,Low,1034,24,1.33
Ranchi,Maize,Sandy Loam,7.33,High,Low,Medium,978,28,2.79
Ranchi,Wheat,Loamy,7.12,High,Medium,High,1219,18,3.08
Ranchi,Maize,Sandy Loam,7.39,Low,Low,Medium,956,28,2.27
Ranchi,Maize,Sandy Loam,7.26,Medium,Medium,High,1137,26,3.15
Ranchi,Pulses,Loamy,6.43,High,Medium,Medium,1086,28,1.51
Ranchi,Wheat,Loamy,6.52,Medium,Medium,Low,1372,22,2.86
Ranchi,Rice,Clayey,6.57,Low,Low,Medium,1209,23,2.53
Ranchi,Maize,Loamy,6.89,High,Medium,High,1119,26,2.51
Ranchi,Wheat,Clay Loam,6.07,Medium,High,High,1096,20,2.52
Ranchi,Maize,Loamy,6.6,Medium,Medium,High,984,28,3.15
Ranchi,Rice,Loamy,6.85,High,Low,Low,1475,29,2.91
Ranchi,Pulses,Sandy Loam,6.68,Medium,High,High,942,24,1.36
Ranchi,Wheat,Clay Loam,7.22,Low,Low,High,930,24,2.85
Ranchi,Pulses,Loamy,7.09,Low,Medium,Medium,822,26,1.91
Ranchi,Wheat,Clay Loam,6.84,High,Low,Medium,1395,18,2.6
Ranchi,Maize,Sandy Loam,6.28,Medium,Low,Low,1033,30,2.12
Ranchi,Wheat,Loamy,6.8,Medium,High,Medium,1136,18,2.48
Ranchi,Wheat,Loamy,6.18,High,Low,Low,1130,19,3.35
Ranchi,Maize,Loamy,6.53,Medium,Low,High,1191,25,2.57
Ranchi,Maize,Loamy,7.05,Low,High,High,993,19,3.4
Ranchi,Maize,Sandy Loam,7.08,High,Medium,Low,1055,24,2.02
Ranchi,Rice,Loamy,6.76,Medium,Medium,Medium,1405,32,3.99
Ranchi,Maize,Loamy,6.12,Medium,Low,Medium,1019,29,3.29
Ranchi,Rice,Clay Loam,6.51,Low,Low,Medium,1517,22,3.86
Ranchi,Rice,Loamy,6.41,High,Low,Medium,1239,24,2.8
Ranchi,Wheat,Clay Loam,7.19,Low,Low,High,1093,22,2.72
Ranchi,Wheat,Loamy,7.5,High,Medium,Low,1273,23,2.01
Ranchi,Wheat,Clay Loam,6.75,Low,Medium,High,910,23,2.5
Ranchi,Wheat,Loamy,6.86,Medium,Low,High,1065,18,2.48
Ranchi,Pulses,Loamy,6.93,High,Medium,High,923,20,1.94
Ranchi,Wheat,Clay Loam,7.02,Medium,High,Low,991,25,2.16
Ranchi,Rice,Clayey,6.33,High,High,Medium,1244,25,3.92
Ranchi,Pulses,Sandy Loam,7.33,Low,Low,High,932,18,1.77
Ranchi,Pulses,Loamy,6.41,High,High,Medium,942,27,1.7
Ranchi,Wheat,Clay Loam,6.37,Low,High,Medium,1257,22,2.73
Ranchi,Pulses,Loamy,7.16,Low,High,Medium,1064,25,1.64
Ranchi,Maize,Loamy,6.92,Medium,Medium,Medium,938,29,3.11
Ranchi,Maize,Loamy,5.99,Low,Low,Medium,935,25,3.18
Ranchi,Rice,Clay Loam,6.22,Low,Low,High,1495,28,3.47
Ranchi,Rice,Clay Loam,6.4,High,Medium,Low,1546,29,3.39
Ranchi,Maize,Loamy,7.17,Low,Medium,Low,1123,18,2.43
Ranchi,Maize,Sandy Loam,6.41,High,High,Low,1178,30,2.18
Ranchi,Wheat,Clay Loam,6.15,High,Low,Low,1352,23,2.01
Ranchi,Wheat,Loamy,6.6,High,High,Medium,1180,18,1.93
Ranchi,Rice,Clayey,6.01,High,High,High,1439,32,2.98
Ranchi,Pulses,Sandy Loam,6.41,High,High,Low,946,19,1.35
Ranchi,Pulses,Loamy,7.15,Low,High,Low,979,19,1.77
Ranchi,Wheat,Loamy,7.19,Low,High,High,1128,21,1.96
Ranchi,Maize,Sandy Loam,7.48,Low,Medium,High,954,18,3.88
Ranchi,Pulses,Sandy Loam,6.8,Low,Medium,High,803,24,1.41
Ranchi,Wheat,Loamy,7.43,Low,Medium,High,929,19,2.51
Ranchi,Pulses,Loamy,7.39,High,Low,Low,986,19,1.19
Ranchi,Pulses,Sandy Loam,6.52,Medium,Medium,Medium,900,25,1.72
Ranchi,Pulses,Loamy,6.53,Medium,High,Medium,1051,23,1.68
Ranchi,Pulses,Sandy Loam,6.6,High,Medium,Low,891,25,1.62
Ranchi,Wheat,Loamy,6.3,Medium,Low,High,1360,25,2.19
Ranchi,Rice,Clay Loam,6.78,Medium,High,Medium,1415,22,3.99
Ranchi,Rice,Clay Loam,6.26,Low,High,High,1299,32,2.73
Ranchi,Wheat,Loamy,6.66,High,High,High,1344,24,2.13
Ranchi,Maize,Loamy,6.66,Low,High,Medium,1084,20,2.52
Ranchi,Wheat,Clay Loam,6.32,High,Low,High,1054,23,1.95
Ranchi,Rice,Clayey,6.5,Low,High,High,1483,30,3.68
Ranchi,Pulses,Loamy,7.39,Medium,Low,High,841,26,1.36
Ranchi,Maize,Sandy Loam,6.08,Low,High,Low,1073,19,3.48
Ranchi,Maize,Sandy Loam,6.33,High,Low,Medium,933,27,2.14
Ranchi,Rice,Clayey,5.79,Low,Medium,High,1333,26,2.51
Ranchi,Wheat,Clay Loam,6.31,High,Medium,Medium,1309,19,2.8
Ranchi,Pulses,Sandy Loam,6.56,High,High,High,999,23,1.83
Ranchi,Rice,Clay Loam,6.23,Medium,Medium,Low,1474,22,2.78
Ranchi,Pulses,Loamy,6.81,Medium,Low,Medium,1070,22,1.15
Ranchi,Pulses,Loamy,6.0,Low,Low,Low,958,19,1.36
Ranchi,Wheat,Clay Loam,7.04,Low,Medium,Low,1309,19,3.14
Ranchi,Wheat,Clay Loam,6.95,Low,Medium,Low,906,21,2.41
Ranchi,Rice,Loamy,6.66,High,Low,Low,1563,24,2.62
Ranchi,Wheat,Loamy,6.61,Low,Medium,Low,1109,24,2.15
Ranchi,Pulses,Sandy Loam,6.9,Low,High,Low,1036,20,1.27
Ranchi,Wheat,Clay Loam,7.07,Low,Medium,Medium,937,24,1.92
Ranchi,Maize,Loamy,6.93,High,High,Medium,918,22,2.25
Ranchi,Wheat,Clay Loam,6.37,High,Medium,Medium,1051,24,3.01
Ranchi,Pulses,Loamy,7.3,Medium,High,Low,983,19,1.26
Ranchi,Maize,Loamy,7.37,Medium,High,Medium,1127,21,2.36
Ranchi,Wheat,Clay Loam,6.46,Low,Low,Low,1251,20,3.16
Ranchi,Wheat,Clay Loam,6.82,High,Medium,High,950,19,2.24
Ranchi,Pulses,Sandy Loam,6.24,High,High,Medium,993,28,1.85
Ranchi,Maize,Loamy,6.63,Medium,Low,High,1117,23,3.22
Ranchi,Maize,Loamy,6.42,Low,High,Medium,1104,21,2.47
Ranchi,Rice,Loamy,6.58,High,Medium,Medium,1293,24,3.83
Ranchi,Wheat,Loamy,6.9,Medium,High,Low,985,23,2.94
Ranchi,Rice,Clayey,6.49,High,High,High,1539,30,3.69
Ranchi,Wheat,Loamy,6.71,High,Medium,Medium,1012,20,2.93
Ranchi,Rice,Loamy,6.26,Medium,High,High,1493,25,3.78
Ranchi,Wheat,Clay Loam,7.33,Medium,High,Low,1227,20,2.64
Ranchi,Rice,Loamy,5.78,Medium,Medium,Low,1435,24,2.82
Ranchi,Pulses,Loamy,6.37,Medium,High,Medium,974,22,1.21
Ranchi,Rice,Loamy,6.67,Medium,Low,Medium,1253,31,3.63
Ranchi,Maize,Loamy,6.3,High,Medium,High,1031,22,2.79
Ranchi,Pulses,Sandy Loam,6.11,Low,High,High,808,21,1.73
Ranchi,Pulses,Sandy Loam,6.98,Medium,Low,Low,985,28,1.15
Ranchi,Pulses,Sandy Loam,6.42,High,Low,High,1075,26,1.95
Ranchi,Wheat,Loamy,7.35,High,Medium,Medium,1098,25,2.42
Ranchi,Pulses,Loamy,6.25,Low,High,Medium,857,19,1.24
Ranchi,Wheat,Loamy,6.11,Medium,Low,Medium,1112,23,2.58
Ranchi,Maize,Loamy,7.06,Medium,Medium,Low,1090,22,3.84
Ranchi,Rice,Clay Loam,6.14,Medium,Medium,Medium,1583,29,4.14
Ranchi,Rice,Clayey,6.08,Low,Medium,Medium,1542,32,3.08
Ranchi,Maize,Sandy Loam,5.87,High,Medium,Low,1049,26,3.81
Ranchi,Pulses,Loamy,7.01,Medium,High,Medium,827,24,1.11
Ranchi,Maize,Loamy,6.33,Low,High,Low,1046,21,2.82
Ranchi,Rice,Loamy,6.95,Low,High,Low,1325,22,3.49
Ranchi,Wheat,Clay Loam,7.17,High,Medium,Medium,1042,19,2.94
Ranchi,Maize,Loamy,7.36,Medium,Low,High,1087,25,3.8
Ranchi,Pulses,Loamy,6.32,Low,High,Medium,966,26,1.11
Ranchi,Pulses,Loamy,6.03,Low,Low,Medium,821,28,1.01
Ranchi,Wheat,Clay Loam,6.81,Medium,Medium,Low,1376,24,2.71
Ranchi,Rice,Clay Loam,6.36,Low,Medium,Low,1381,27,4.07
Ranchi,Wheat,Loamy,6.23,Medium,High,Low,971,23,2.89
Ranchi,Rice,Loamy,6.13,High,Medium,High,1258,27,3.56
Ranchi,Maize,Sandy Loam,6.03,Low,High,High,946,27,3.48
Ranchi,Maize,Loamy,6.33,High,Low,High,1064,25,3.58
Ranchi,Pulses,Sandy Loam,6.49,High,Low,High,852,24,1.58
Ranchi,Rice,Clay Loam,6.46,High,Medium,High,1350,28,4.15
Ranchi,Maize,Sandy Loam,6.85,Medium,High,Low,1145,21,2.61
Ranchi,Maize,Sandy Loam,7.42,Medium,Low,Low,1070,19,2.72
Ranchi,Maize,Loamy,6.78,High,Medium,High,968,30,3.45
Ranchi,Pulses,Loamy,7.33,High,Low,Medium,1070,18,1.7
Ranchi,Maize,Sandy Loam,6.89,Medium,High,Medium,1055,30,3.2
Ranchi,Wheat,Clay Loam,7.19,Low,High,High,951,21,2.35
Ranchi,Wheat,Loamy,6.8,Medium,High,High,1278,25,3.29
Ranchi,Pulses,Sandy Loam,6.78,Medium,Medium,Medium,1023,28,1.31
Ranchi,Maize,Sandy Loam,7.48,Low,Medium,High,1032,24,3.1
Ranchi,Maize,Loamy,6.5,High,Medium,High,962,21,3.48
Ranchi,Rice,Clayey,5.75,Medium,Low,High,1560,29,3.93
Ranchi,Rice,Clay Loam,5.9,Low,High,Low,1520,25,4.16
Ranchi,Pulses,Sandy Loam,7.01,High,High,High,919,23,1.27
Ranchi,Maize,Loamy,6.63,High,High,Medium,1048,24,2.89
Ranchi,Rice,Clayey,6.27,Medium,High,Low,1312,26,3.38
Ranchi,Pulses,Loamy,6.12,Low,Low,High,1077,22,1.3
Ranchi,Wheat,Clay Loam,6.81,Low,Medium,Low,907,23,3.0
Ranchi,Wheat,Clay Loam,6.68,Medium,Low,Medium,1305,25,1.72
Ranchi,Maize,Sandy Loam,6.19,Medium,Low,High,980,28,2.49
Ranchi,Wheat,Clay Loam,7.33,Medium,High,High,1162,25,3.32
Ranchi,Wheat,Loamy,6.96,High,High,Medium,1149,19,2.08
Ranchi,Pulses,Sandy Loam,6.78,Low,Low,Medium,853,26,1.05
Ranchi,Wheat,Clay Loam,7.08,Medium,Medium,High,961,24,2.54
Ranchi,Rice,Clay Loam,6.11,Low,High,Medium,1463,22,3.07
Ranchi,Rice,Loamy,5.97,High,High,Low,1439,25,3.8
Ranchi,Rice,Clayey,5.56,Low,Low,High,1475,28,3.77
Ranchi,Maize,Sandy Loam,6.48,Medium,Low,Medium,941,25,2.99
Ranchi,Wheat,Loamy,7.3,Low,Low,Medium,934,20,3.13
Ranchi,Pulses,Sandy Loam,7.2,Low,High,Low,1089,28,1.23
Ranchi,Pulses,Sandy Loam,6.32,Low,Low,High,1076,23,1.53
Ranchi,Maize,Sandy Loam,6.82,Low,High,Medium,1083,21,3.86
Ranchi,Rice,Clay Loam,6.1,High,Low,Low,1574,31,3.62
Ranchi,Maize,Sandy Loam,6.46,Low,High,Low,917,25,3.47
Ranchi,Rice,Clayey,6.75,Medium,High,Medium,1546,24,4.12
Ranchi,Wheat,Clay Loam,6.78,High,Low,Low,1252,19,1.94
Ranchi,Wheat,Clay Loam,7.4,Medium,Medium,High,1373,21,3.31
Ranchi,Maize,Sandy Loam,6.44,Medium,Medium,Low,988,27,2.02
Ranchi,Maize,Sandy Loam,7.12,High,Low,Medium,1073,18,2.51
Ranchi,Rice,Clay Loam,5.87,High,Medium,Medium,1487,30,3.89
Ranchi,Wheat,Clay Loam,7.22,Medium,High,Medium,1199,24,2.33
Ranchi,Pulses,Sandy Loam,6.65,Medium,Low,Low,1059,28,1.01
Ranchi,Maize,Sandy Loam,7.48,Medium,Low,Medium,1130,22,3.72
Ranchi,Rice,Loamy,5.53,High,Medium,High,1592,31,2.52
Ranchi,Maize,Sandy Loam,7.35,High,Low,Medium,902,24,2.35
Ranchi,Pulses,Sandy Loam,6.5,High,High,Medium,1090,22,1.54
Ranchi,Maize,Sandy Loam,6.71,High,Medium,High,1098,30,2.67
Ranchi,Maize,Sandy Loam,7.27,Medium,High,Medium,1127,30,3.82
Ranchi,Rice,Clayey,6.94,Low,Medium,Medium,1275,24,3.65
Ranchi,Maize,Sandy Loam,6.09,Low,Low,Low,1020,30,2.35
Ranchi,Rice,Clay Loam,5.79,High,High,High,1410,32,2.66
Ranchi,Rice,Clayey,6.84,Low,Medium,Low,1486,30,4.07
Ranchi,Rice,Loamy,5.53,Medium,Low,Medium,1471,29,4.1
Ranchi,Rice,Loamy,5.83,High,Medium,Low,1517,29,4.43
Ranchi,Maize,Loamy,6.44,Medium,High,Low,912,26,3.38
Ranchi,Pulses,Sandy Loam,6.18,Medium,High,Medium,800,23,1.26
Ranchi,Maize,Sandy Loam,7.09,Low,High,High,920,28,2.52
Ranchi,Pulses,Loamy,6.93,Medium,High,High,1100,28,1.57
Ranchi,Rice,Clay Loam,6.05,High,High,Low,1400,25,4.01
Ranchi,Maize,Loamy,6.58,Medium,High,Medium,901,19,3.13
Ranchi,Rice,Loamy,6.7,High,Low,Medium,1564,31,2.71
Ranchi,Pulses,Sandy Loam,7.31,High,Low,Medium,921,19,1.1
Ranchi,Maize,Sandy Loam,6.34,Low,Low,Medium,1050,24,3.96
Ranchi,Wheat,Loamy,6.52,Medium,Low,High,1175,20,1.82
Ranchi,Wheat,Clay Loam,7.12,Medium,High,High,1356,21,2.16
Ranchi,Pulses,Sandy Loam,6.93,Low,Low,High,1100,27,1.19
Ranchi,Maize,Sandy Loam,7.24,Low,High,Low,1047,22,3.34
Ranchi,Maize,Loamy,5.86,Medium,Low,Low,1133,29,3.77
Ranchi,Rice,Clay Loam,6.54,Low,Medium,High,1357,30,4.41
Ranchi,Rice,Clay Loam,6.09,High,Low,Medium,1371,29,2.76
Ranchi,Rice,Clay Loam,5.54,High,High,Medium,1523,22,3.84
Ranchi,Pulses,Sandy Loam,6.44,Medium,High,High,801,20,1.34
Ranchi,Pulses,Sandy Loam,6.95,Medium,Medium,High,1095,26,1.49
Ranchi,Rice,Loamy,6.38,Medium,High,Medium,1345,23,4.22
Ranchi,Rice,Clay Loam,6.21,Medium,Medium,Medium,1287,32,2.8
Ranchi,Maize,Loamy,6.25,Medium,High,Medium,926,25,2.1
Ranchi,Maize,Sandy Loam,6.99,High,High,High,1119,23,3.72
Ranchi,Rice,Clay Loam,6.86,Medium,High,High,1579,28,3.81
Ranchi,Pulses,Loamy,7.2,Medium,Medium,Low,804,28,1.0
Ranchi,Pulses,Sandy Loam,6.3,Low,Low,Low,1017,22,1.99
Ranchi,Maize,Sandy Loam,6.97,High,Medium,Medium,1184,27,2.63
Ranchi,Rice,Clay Loam,6.19,High,Medium,Low,1222,32,3.24
Ranchi,Maize,Sandy Loam,7.39,High,Medium,Medium,915,18,3.67
Ranchi,Wheat,Loamy,7.33,High,High,Low,1377,19,2.54
Ranchi,Wheat,Loamy,7.08,Low,Medium,Medium,953,24,3.02
Ranchi,Wheat,Clay Loam,6.5,Medium,Low,High,1062,19,3.22
Ranchi,Wheat,Clay Loam,6.31,Low,Low,Medium,1064,21,1.84
Ranchi,Pulses,Sandy Loam,7.2,Medium,Medium,Medium,890,22,1.09
Ranchi,Wheat,Loamy,6.1,Medium,Medium,Low,974,25,1.93
Ranchi,Pulses,Loamy,6.28,Low,High,Low,884,26,1.82
Ranchi,Wheat,Loamy,6.83,Medium,Medium,Low,1147,18,1.87
Ranchi,Maize,Sandy Loam,5.95,High,Medium,Medium,979,24,3.51
Ranchi,Pulses,Loamy,6.44,High,High,Low,978,26,1.58
Ranchi,Pulses,Loamy,7.33,Low,Medium,High,840,26,1.41
Ranchi,Maize,Sandy Loam,6.31,Medium,Low,High,986,25,3.07
Ranchi,Pulses,Sandy Loam,7.48,High,High,Medium,888,26,1.7
Ranchi,Wheat,Loamy,6.61,High,High,High,1333,20,2.85
Ranchi,Pulses,Sandy Loam,6.17,Low,Low,High,953,25,1.73
Ranchi,Rice,Clayey,6.0,Medium,Medium,High,1301,30,3.81
Ranchi,Maize,Loamy,5.89,High,Low,High,969,24,3.52
Ranchi,Pulses,Loamy,7.32,Low,Low,Low,936,23,1.68
Ranchi,Maize,Loamy,6.6,Low,High,Low,1041,29,2.16
Ranchi,Pulses,Sandy Loam,6.51,High,Low,Medium,1091,23,1.45
Ranchi,Maize,Loamy,6.29,Medium,Medium,Low,1182,20,3.42
Ranchi,Wheat,Clay Loam,6.77,Medium,High,High,1330,24,3.14
Ranchi,Wheat,Clay Loam,6.62,High,Low,High,1010,18,2.33
Ranchi,Wheat,Clay Loam,7.48,Low,High,High,1392,23,3.04
Ranchi,Wheat,Clay Loam,7.36,Medium,Low,Low,1231,18,1.79
Ranchi,Maize,Loamy,6.07,High,Low,Low,1177,27,2.99
Ranchi,Rice,Clay Loam,6.61,Medium,Low,Medium,1391,32,3.5
Ranchi,Wheat,Loamy,6.1,Low,High,Medium,1253,23,2.79
Ranchi,Pulses,Loamy,7.04,Medium,Low,Medium,922,26,1.6
Ranchi,Rice,Loamy,6.02,High,High,Low,1246,29,3.85
Ranchi,Pulses,Loamy,7.16,Medium,Low,Medium,803,21,1.38
Ranchi,Wheat,Loamy,7.27,Medium,High,Low,1020,24,3.37
Ranchi,Rice,Clayey,6.67,Low,Low,Medium,1530,27,3.41
Ranchi,Maize,Sandy Loam,6.38,Low,High,Low,1000,29,2.92
Ranchi,Pulses,Loamy,6.64,Low,Medium,Low,967,23,1.65
Ranchi,Rice,Clayey,5.57,High,Medium,Low,1497,29,2.68
Ranchi,Rice,Clay Loam,5.84,Low,Low,Low,1522,31,4.19
Ranchi,Maize,Sandy Loam,5.98,Medium,Low,Medium,1091,27,3.93
Ranchi,Pulses,Sandy Loam,6.42,Medium,High,High,930,26,1.03
Ranchi,Wheat,Clay Loam,7.26,High,Medium,High,1115,20,2.94
Ranchi,Pulses,Loamy,6.49,High,Low,High,839,21,1.9
Ranchi,Wheat,Loamy,6.68,Medium,High,Low,1047,19,1.85
Ranchi,Rice,Clayey,6.23,Low,Medium,Medium,1255,30,3.74
Ranchi,Maize,Loamy,6.43,High,Low,Low,1009,27,3.08
Ranchi,Pulses,Loamy,6.02,Medium,Medium,High,871,20,1.46
Ranchi,Rice,Clayey,6.96,High,High,Low,1295,26,4.25
Ranchi,Pulses,Loamy,6.71,High,High,Low,1079,19,1.89
Ranchi,Maize,Sandy Loam,7.23,High,Medium,Low,936,27,3.97
Ranchi,Pulses,Sandy Loam,7.38,High,High,Low,938,18,1.67
Ranchi,Pulses,Sandy Loam,6.62,Medium,Medium,Medium,919,24,1.38
Ranchi,Wheat,Loamy,6.77,High,High,High,1243,25,2.68
Ranchi,Pulses,Loamy,7.2,Medium,Medium,Low,857,28,1.8
Ranchi,Wheat,Loamy,6.12,High,Medium,Low,958,25,3.0
Ranchi,Wheat,Loamy,7.33,Low,Low,Medium,1379,21,2.06
Ranchi,Pulses,Loamy,6.43,Medium,High,Low,1023,18,1.82
Ranchi,Pulses,Loamy,6.66,High,Medium,High,1014,21,1.55
Ranchi,Rice,Clayey,6.16,Low,High,Medium,1206,30,2.56
Ranchi,Pulses,Sandy Loam,6.71,Medium,High,Medium,925,23,1.22
Ranchi,Pulses,Sandy Loam,7.44,Low,Low,Low,823,27,1.95
Ranchi,Rice,Clayey,6.08,Low,Medium,Low,1416,32,4.45
Ranchi,Maize,Loamy,6.67,Medium,Medium,Low,1112,29,2.25
Ranchi,Maize,Loamy,6.36,Low,High,Low,1042,28,2.29
Ranchi,Rice,Loamy,6.77,Low,Medium,Medium,1494,31,4.31
Ranchi,Maize,Loamy,7.13,Low,High,High,910,21,2.25
Ranchi,Maize,Loamy,7.32,Medium,Medium,Medium,1156,30,2.39
Ranchi,Wheat,Clay Loam,6.36,Medium,Medium,Medium,911,19,2.47
Ranchi,Wheat,Loamy,7.24,Medium,Low,Low,1024,22,2.24
Ranchi,Rice,Loamy,7.0,Medium,Low,High,1342,31,2.65
Ranchi,Maize,Sandy Loam,6.16,High,High,Low,955,28,2.83
Ranchi,Pulses,Sandy Loam,6.88,High,High,Low,867,25,1.8
Ranchi,Pulses,Loamy,7.38,Medium,High,Medium,1062,21,1.86
Ranchi,Maize,Sandy Loam,6.8,High,High,Low,911,26,2.47
Ranchi,Maize,Loamy,7.1,Medium,Low,High,938,24,2.7
Ranchi,Pulses,Sandy Loam,7.32,Low,Medium,Low,929,22,1.62
Ranchi,Wheat,Loamy,6.77,Medium,Medium,Low,1299,23,2.61
Ranchi,Rice,Loamy,6.14,High,Medium,High,1407,30,3.94
Ranchi,Maize,Loamy,6.6,High,Low,Medium,1142,24,2.52
Ranchi,Maize,Loamy,6.2,Medium,Low,Low,931,20,2.97
Ranchi,Rice,Loamy,6.19,High,High,High,1412,22,2.77
Ranchi,Pulses,Loamy,6.78,Medium,Low,Low,814,28,1.85
Ranchi,Pulses,Loamy,6.38,High,High,Medium,863,23,1.11
Ranchi,Wheat,Clay Loam,6.62,High,Medium,High,941,19,1.83
Ranchi,Maize,Sandy Loam,6.62,Medium,High,High,1052,20,3.55
Ranchi,Wheat,Loamy,6.1,High,High,Low,1327,21,3.07
Ranchi,Maize,Sandy Loam,7.44,High,Low,Low,1042,26,2.46
Ranchi,Wheat,Loamy,6.22,Medium,Medium,High,1164,22,3.26
Ranchi,Maize,Sandy Loam,6.45,High,High,Medium,1127,29,2.86
Ranchi,Maize,Sandy Loam,6.98,High,Medium,Medium,912,29,2.9
Ranchi,Pulses,Loamy,6.27,Low,Medium,Low,804,18,1.38
Ranchi,Pulses,Sandy Loam,7.03,Low,Low,Medium,960,19,1.44
Ranchi,Rice,Loamy,6.63,Medium,Low,High,1563,22,2.78
Ranchi,Rice,Clayey,5.62,Medium,High,Medium,1211,26,2.85
Ranchi,Rice,Clay Loam,6.8,Low,Medium,Low,1356,27,3.0
Ranchi,Pulses,Sandy Loam,6.87,Medium,High,Medium,1025,20,1.75
Ranchi,Wheat,Loamy,6.91,Low,High,Low,1025,23,3.05
Ranchi,Rice,Clayey,6.94,Low,Low,Medium,1282,28,3.93
Ranchi,Wheat,Loamy,7.09,Low,High,High,908,22,2.02
Ranchi,Pulses,Loamy,7.47,High,Medium,Medium,804,26,1.07
Ranchi,Wheat,Loamy,7.41,High,Low,Medium,1116,18,2.21
Ranchi,Maize,Loamy,7.06,High,Low,Medium,993,23,2.96
Ranchi,Pulses,Loamy,7.36,High,Low,High,855,23,1.39
Ranchi,Maize,Sandy Loam,6.37,Low,Low,High,948,23,3.63
Ranchi,Pulses,Loamy,7.3,Medium,Low,Medium,961,18,1.76
Ranchi,Maize,Loamy,6.09,Low,High,Medium,1076,21,2.77
Ranchi,Rice,Clay Loam,6.61,Medium,Medium,Low,1480,31,3.14
Ranchi,Pulses,Loamy,6.22,High,Medium,Low,831,18,1.17
Ranchi,Maize,Sandy Loam,5.9,Medium,Low,Medium,935,30,3.29
Ranchi,Rice,Clayey,6.17,High,Low,Low,1346,30,2.59
Ranchi,Pulses,Sandy Loam,6.65,Medium,High,Low,915,19,1.86
Ranchi,Wheat,Clay Loam,6.31,Medium,High,Low,1263,19,2.77
Ranchi,Rice,Clay Loam,6.2,Medium,Low,High,1210,31,3.25
Ranchi,Maize,Sandy Loam,6.91,High,Low,High,1001,19,3.46
Ranchi,Wheat,Clay Loam,6.31,Low,Medium,Low,1230,20,2.64
Ranchi,Rice,Clayey,5.85,Medium,High,High,1514,27,3.23
Ranchi,Wheat,Clay Loam,7.17,Medium,Medium,High,1182,24,2.39
Ranchi,Rice,Loamy,5.65,Low,Low,Medium,1232,32,4.11
Ranchi,Rice,Loamy,6.08,Medium,Low,Low,1322,32,4.38
Ranchi,Maize,Loamy,6.21,High,High,Medium,1058,27,2.15
Ranchi,Wheat,Clay Loam,6.63,High,Medium,High,1075,24,2.35
Ranchi,Pulses,Loamy,6.15,Low,Low,Medium,823,22,1.28
Ranchi,Rice,Clay Loam,5.76,High,Medium,Low,1394,28,3.9
Ranchi,Wheat,Clay Loam,6.59,Medium,Medium,High,922,18,3.02
Ranchi,Pulses,Loamy,7.19,Low,High,High,832,26,1.8
Ranchi,Rice,Clay Loam,6.72,Low,Medium,High,1382,24,3.09
Ranchi,Wheat,Clay Loam,7.06,High,Medium,Medium,1304,22,2.32
Ranchi,Pulses,Loamy,6.51,High,Medium,Low,900,28,1.64
Ranchi,Wheat,Loamy,6.46,Low,Low,Medium,1019,19,3.17
Ranchi,Maize,Loamy,6.31,Low,High,Low,1045,21,3.15
Ranchi,Pulses,Loamy,7.23,Medium,Low,High,1091,28,1.13
Ranchi,Maize,Sandy Loam,6.1,Low,High,High,1020,26,3.26
Ranchi,Wheat,Clay Loam,7.18,Medium,Medium,Medium,1072,24,2.06
Ranchi,Rice,Clay Loam,5.72,Medium,Low,Medium,1351,23,3.04
Ranchi,Maize,Loamy,6.29,High,High,Low,984,30,2.48
Ranchi,Maize,Loamy,7.13,Low,Medium,Low,1032,25,2.76
Ranchi,Pulses,Sandy Loam,7.2,Medium,Low,High,805,26,1.87
Ranchi,Wheat,Loamy,6.22,Low,Low,Low,1355,21,2.5
Ranchi,Rice,Loamy,5.98,High,High,Low,1275,29,4.18
Ranchi,Maize,Loamy,7.4,High,Low,High,958,30,3.85
Ranchi,Wheat,Loamy,7.23,Low,Medium,Low,1268,24,3.05
Ranchi,Wheat,Loamy,6.21,High,High,High,919,21,2.53
Ranchi,Pulses,Loamy,6.92,Medium,Medium,High,848,21,1.51
Ranchi,Rice,Clayey,6.41,High,Low,Medium,1529,29,2.96
Ranchi,Maize,Loamy,7.11,Medium,Low,Medium,932,24,2.2
Ranchi,Rice,Loamy,6.04,High,High,Medium,1483,30,3.99
Ranchi,Pulses,Loamy,7.25,Low,Low,Medium,999,26,1.87
Ranchi,Rice,Loamy,6.68,Medium,Low,Low,1504,22,2.55
Ranchi,Wheat,Clay Loam,6.34,High,Low,Medium,924,21,3.19
Ranchi,Rice,Clay Loam,5.65,Low,High,Low,1388,23,4.09
Ranchi,Pulses,Loamy,7.07,High,High,High,854,21,1.87
Ranchi,Rice,Loamy,6.03,Low,High,Low,1444,23,4.29
Ranchi,Wheat,Loamy,6.22,High,High,High,1218,23,2.08
Ranchi,Pulses,Loamy,6.74,Medium,Low,Low,1027,22,1.87
Ranchi,Maize,Sandy Loam,6.09,Low,Low,High,1137,25,3.3
Ranchi,Rice,Loamy,6.52,High,Medium,Low,1482,24,3.57
Ranchi,Rice,Clayey,6.34,Medium,Medium,Medium,1555,32,4.32
Ranchi,Maize,Sandy Loam,7.37,High,Medium,Medium,1009,24,3.03
Ranchi,Maize,Sandy Loam,6.77,Medium,High,Medium,1160,23,2.15
Ranchi,Pulses,Loamy,6.99,Medium,High,Medium,842,22,1.03
Ranchi,Pulses,Loamy,6.44,Medium,Medium,Medium,892,19,1.07
Ranchi,Maize,Sandy Loam,6.8,Low,Low,Medium,1009,21,2.63
Ranchi,Pulses,Loamy,7.22,Low,Low,Medium,843,23,1.33
Ranchi,Wheat,Clay Loam,6.95,High,High,High,1117,19,2.85
Ranchi,Rice,Loamy,6.37,High,Low,Medium,1364,28,3.9
Ranchi,Maize,Loamy,5.94,Low,High,Low,949,22,3.37
Ranchi,Pulses,Loamy,7.37,Medium,Low,Medium,1071,23,1.83
Ranchi,Rice,Clayey,5.61,Low,High,High,1550,25,2.53
Ranchi,Wheat,Clay Loam,6.07,Low,Low,Low,994,19,3.32
Ranchi,Maize,Loamy,6.63,High,High,High,1166,22,3.75
Ranchi,Rice,Loamy,6.25,High,High,Medium,1591,28,3.52
Ranchi,Maize,Sandy Loam,6.22,Low,High,Medium,1012,28,3.04
Ranchi,Wheat,Clay Loam,6.41,Low,Low,Medium,951,21,1.96
Ranchi,Maize,Sandy Loam,6.04,Medium,High,Low,1053,23,2.55
Ranchi,Pulses,Loamy,6.0,Medium,High,Low,933,27,1.73
Ranchi,Maize,Sandy Loam,7.17,Low,Low,High,993,18,2.08
Ranchi,Rice,Clay Loam,5.8,Low,Medium,Medium,1315,27,3.81
Ranchi,Wheat,Loamy,6.73,Medium,Medium,High,1131,20,2.37
Ranchi,Pulses,Loamy,6.09,Medium,Medium,Low,1036,26,1.15
Ranchi,Rice,Loamy,6.64,Low,Low,Medium,1448,29,2.82
Ranchi,Rice,Clay Loam,6.67,High,High,Low,1519,27,2.64
Ranchi,Maize,Sandy Loam,7.44,Medium,Medium,High,1020,28,3.68
Ranchi,Maize,Sandy Loam,7.26,High,Low,High,971,24,3.91
Ranchi,Rice,Loamy,5.64,Low,Medium,Medium,1362,28,3.52
Ranchi,Pulses,Sandy Loam,6.96,Medium,Medium,High,936,27,1.07
Ranchi,Maize,Loamy,7.27,High,Low,Low,1035,27,3.26
Ranchi,Rice,Clayey,6.4,Low,High,Medium,1335,22,3.06
Ranchi,Pulses,Sandy Loam,6.55,High,Medium,High,949,26,1.16
Ranchi,Pulses,Sandy Loam,6.22,Low,High,Medium,887,26,1.21
Ranchi,Pulses,Sandy Loam,6.85,High,High,High,804,26,1.91
Ranchi,Maize,Sandy Loam,5.9,Low,Medium,Low,959,25,3.74
Ranchi,Wheat,Clay Loam,7.28,Low,Low,Low,1018,25,2.39
Ranchi,Wheat,Loamy,6.85,Low,High,Low,937,18,2.96
Ranchi,Rice,Clay Loam,6.89,Medium,Medium,High,1291,26,3.53
Ranchi,Maize,Loamy,6.52,Low,Medium,Low,1085,22,3.74
Ranchi,Pulses,Loamy,6.91,Low,Low,High,1092,25,1.01
Ranchi,Pulses,Sandy Loam,7.31,Low,High,Low,1002,25,1.82
Ranchi,Wheat,Loamy,7.27,High,High,High,1255,19,2.04
Ranchi,Wheat,Clay Loam,6.64,Medium,Medium,Medium,1344,23,3.0
Ranchi,Rice,Clay Loam,5.85,Low,High,High,1568,23,4.48
Ranchi,Rice,Loamy,6.97,High,Medium,Medium,1529,30,3.27
Ranchi,Rice,Clayey,6.83,High,Medium,High,1266,30,2.64
Ranchi,Rice,Loamy,6.9,Medium,Medium,High,1314,23,2.72
Ranchi,Wheat,Loamy,6.14,Low,Medium,Medium,1329,24,2.87
Ranchi,Rice,Loamy,5.77,Low,Medium,High,1405,26,3.16
Ranchi,Maize,Sandy Loam,6.68,Medium,High,High,936,22,2.54
Ranchi,Pulses,Loamy,7.41,Low,Medium,Low,843,18,1.35
Ranchi,Wheat,Loamy,6.64,Medium,Low,High,1168,23,2.2
Ranchi,Maize,Loamy,6.74,Medium,Medium,Low,1191,18,3.81
Ranchi,Pulses,Sandy Loam,6.23,High,Low,Medium,969,24,1.76
Ranchi,Maize,Sandy Loam,6.31,High,Low,High,997,30,3.78
Ranchi,Maize,Sandy Loam,7.35,Medium,High,Low,1050,29,2.42
Ranchi,Pulses,Loamy,6.85,Medium,Low,Low,812,24,1.61
Ranchi,Rice,Clayey,6.31,Low,Low,Low,1243,31,2.66
Ranchi,Wheat,Clay Loam,6.51,High,High,Low,1339,22,3.07
Ranchi,Rice,Loamy,6.41,Low,Low,Low,1267,32,3.0
Ranchi,Pulses,Sandy Loam,6.51,High,Medium,Medium,1010,21,1.87
Ranchi,Pulses,Loamy,6.69,Low,Low,Medium,1074,28,1.97
Ranchi,Pulses,Sandy Loam,6.06,Low,Low,Medium,987,18,1.52
Ranchi,Rice,Clayey,6.32,Low,High,High,1268,25,4.13
Ranchi,Rice,Clay Loam,6.55,High,Medium,Low,1431,30,2.82
Ranchi,Pulses,Sandy Loam,7.46,Low,Low,Low,1022,25,1.14
Ranchi,Maize,Loamy,6.97,Low,Medium,Low,908,26,2.35
Ranchi,Wheat,Clay Loam,7.26,Medium,Low,Low,1028,19,1.7
Ranchi,Pulses,Sandy Loam,6.1,Low,Medium,Medium,959,19,1.99
Ranchi,Rice,Loamy,6.68,Low,Medium,Low,1433,30,4.24
Ranchi,Pulses,Loamy,6.82,High,Medium,Medium,1085,18,1.95
Ranchi,Wheat,Clay Loam,7.24,Medium,Medium,Low,1052,19,1.75
Ranchi,Wheat,Clay Loam,6.82,Low,High,High,1191,23,3.33
Ranchi,Maize,Loamy,6.59,Medium,Low,Medium,1131,26,3.11
Ranchi,Wheat,Loamy,6.65,High,Low,Medium,1175,19,1.83
Ranchi,Pulses,Sandy Loam,6.34,Low,High,Medium,856,24,1.26
Ranchi,Pulses,Sandy Loam,6.98,Low,Low,Medium,910,28,1.04
Ranchi,Wheat,Clay Loam,6.34,High,Low,Medium,1180,20,2.06
Ranchi,Maize,Loamy,6.13,Low,Medium,High,964,21,3.04
Ranchi,Wheat,Loamy,6.66,High,Medium,High,1240,24,2.53
Ranchi,Pulses,Sandy Loam,7.12,Medium,Medium,Medium,1013,19,1.96
Ranchi,Wheat,Loamy,7.16,Low,Low,High,1183,25,2.23
Ranchi,Wheat,Clay Loam,6.98,Medium,High,Low,1273,18,2.59
Ranchi,Rice,Loamy,6.73,High,Medium,High,1279,22,4.42
Ranchi,Rice,Clay Loam,5.68,Medium,Medium,Medium,1502,32,3.55
Ranchi,Maize,Loamy,6.63,High,Low,Low,1018,29,3.68
Ranchi,Wheat,Clay Loam,6.77,Medium,High,High,1386,22,3.38
Ranchi,Maize,Sandy Loam,7.17,High,Medium,Low,987,29,2.7
Ranchi,Maize,Loamy,6.99,Low,Medium,Medium,974,22,2.68
Ranchi,Wheat,Clay Loam,6.12,High,High,Low,1067,25,2.41
Ranchi,Wheat,Loamy,6.02,Low,Medium,High,1346,19,3.31
Ranchi,Rice,Clay Loam,6.4,Medium,Low,High,1263,32,2.97
Ranchi,Maize,Sandy Loam,7.48,Medium,Medium,Medium,1119,18,3.08
Ranchi,Pulses,Loamy,7.32,Low,High,Medium,996,18,1.09
Ranchi,Wheat,Loamy,6.87,Low,Medium,Low,1051,24,3.2
Ranchi,Wheat,Loamy,6.49,Low,Low,Low,908,22,1.8
Ranchi,Wheat,Loamy,7.44,Medium,Medium,Medium,1104,22,2.12
Ranchi,Maize,Sandy Loam,6.11,Low,Low,Medium,1072,25,3.87
Ranchi,Pulses,Loamy,6.93,High,Medium,Low,948,20,1.85
Ranchi,Rice,Clay Loam,5.77,Low,Medium,Medium,1346,27,3.97
Ranchi,Rice,Loamy,6.71,Medium,High,High,1549,23,3.96
Ranchi,Maize,Sandy Loam,6.72,High,High,High,1084,26,2.3
Ranchi,Rice,Clayey,6.43,Low,Low,Low,1539,26,3.01
Ranchi,Pulses,Sandy Loam,7.41,Low,High,Low,1044,27,1.29
Ranchi,Wheat,Loamy,6.84,High,Medium,High,1175,18,3.35
Ranchi,Rice,Clayey,6.34,Low,Medium,Low,1573,22,2.73
Ranchi,Maize,Loamy,6.18,Low,Medium,High,1040,19,3.77
Ranchi,Wheat,Loamy,6.99,Medium,Low,Low,1023,21,1.96
Ranchi,Pulses,Sandy Loam,6.76,High,High,Low,939,27,1.06
Ranchi,Pulses,Loamy,7.35,Low,High,High,1051,24,1.41
Ranchi,Wheat,Clay Loam,6.33,High,High,High,917,24,2.41
Ranchi,Wheat,Loamy,7.16,High,Medium,Low,1397,24,2.09
Ranchi,Wheat,Loamy,7.3,Medium,Low,Medium,1166,23,2.5
Ranchi,Maize,Loamy,7.01,High,High,Low,1104,25,2.45
Ranchi,Pulses,Loamy,6.57,Medium,Medium,Medium,1061,27,1.55
Ranchi,Pulses,Sandy Loam,7.41,Medium,High,Low,1056,23,1.49
Ranchi,Maize,Loamy,6.99,Low,High,Low,925,27,2.56
Ranchi,Pulses,Loamy,7.48,High,High,Low,847,26,1.63
Ranchi,Maize,Loamy,6.78,High,Low,High,1160,18,3.15
Ranchi,Rice,Clay Loam,5.67,Low,High,Medium,1468,30,3.56
Ranchi,Rice,Clayey,5.82,Medium,Medium,High,1235,31,3.58
Ranchi,Wheat,Clay Loam,7.03,Low,High,Low,1292,18,3.02
Ranchi,Rice,Loamy,6.09,High,Medium,Medium,1200,27,3.07
Ranchi,Wheat,Clay Loam,7.08,Medium,Medium,Low,1001,23,2.68
Ranchi,Wheat,Clay Loam,6.95,Medium,High,High,1384,19,1.78
Ranchi,Wheat,Loamy,6.26,Low,High,Low,1249,21,2.98
Ranchi,Maize,Loamy,5.91,Low,High,High,1037,29,3.28
Ranchi,Maize,Sandy Loam,6.4,High,Medium,High,1012,22,2.73
Ranchi,Maize,Sandy Loam,6.6,High,Low,Medium,993,27,3.82
Ranchi,Rice,Clay Loam,6.2,High,Low,High,1379,30,2.7
Ranchi,Maize,Loamy,7.44,High,Medium,Low,1024,20,3.55
Ranchi,Rice,Clay Loam,6.48,High,High,Medium,1417,32,4.49
Ranchi,Rice,Clayey,6.24,Medium,Low,Medium,1298,31,3.39
Ranchi,Wheat,Clay Loam,6.26,High,Low,High,1254,24,2.63
Ranchi,Maize,Loamy,5.83,High,Medium,High,1178,24,3.01
Ranchi,Wheat,Clay Loam,6.9,Low,Medium,Medium,1010,21,2.11
Ranchi,Pulses,Sandy Loam,6.1,Low,High,Low,951,19,1.3
Ranchi,Rice,Clayey,6.81,Medium,Low,Low,1205,25,2.82
Ranchi,Pulses,Sandy Loam,7.0,Medium,High,Medium,862,27,1.42
Ranchi,Pulses,Loamy,6.07,Low,High,Medium,997,23,1.84
Ranchi,Maize,Loamy,5.94,Medium,Medium,Medium,1111,28,3.08
Ranchi,Maize,Loamy,6.12,Low,High,Medium,981,19,3.08
Ranchi,Pulses,Loamy,7.48,Low,High,High,940,27,1.19
Ranchi,Rice,Clayey,6.83,Low,High,Medium,1450,26,3.18
Ranchi,Rice,Clay Loam,6.64,Low,High,Medium,1343,29,2.92
Ranchi,Maize,Loamy,5.84,Medium,High,Low,1055,28,2.7
Ranchi,Rice,Clayey,5.58,Low,Medium,Low,1495,23,3.28
Ranchi,Pulses,Loamy,6.61,High,Low,Low,1076,21,1.3
Ranchi,Maize,Loamy,6.31,Medium,Low,Low,1038,29,2.55
Ranchi,Rice,Clayey,6.24,Low,Low,Low,1537,26,4.3
Ranchi,Pulses,Loamy,6.04,Low,High,Medium,862,21,1.54
Ranchi,Maize,Sandy Loam,6.88,High,High,Medium,1076,27,2.3
Ranchi,Rice,Loamy,6.3,High,High,Low,1395,29,4.19
Ranchi,Rice,Clay Loam,5.51,High,Low,Low,1392,31,2.75
Ranchi,Maize,Loamy,6.38,High,Low,High,1078,24,2.7
Ranchi,Pulses,Loamy,7.35,Medium,Medium,Low,968,22,1.24
Ranchi,Wheat,Clay Loam,6.39,Medium,Low,Medium,958,18,2.08
Ranchi,Rice,Clay Loam,5.58,Medium,Low,Low,1270,27,3.23
Ranchi,Pulses,Loamy,6.52,Low,Low,High,1005,22,1.03
Ranchi,Maize,Loamy,5.88,Medium,Medium,Medium,1142,26,2.36
Ranchi,Pulses,Sandy Loam,7.09,Low,Medium,High,911,18,1.87
Ranchi,Pulses,Sandy Loam,6.56,High,High,High,967,21,1.38
Ranchi,Rice,Clayey,6.81,Low,Medium,Low,1207,30,3.2
Ranchi,Maize,Sandy Loam,6.79,Low,Low,Medium,1041,28,3.39
Ranchi,Rice,Clay Loam,5.74,Low,High,Medium,1461,31,4.49
Ranchi,Rice,Clayey,6.95,High,High,Medium,1454,29,4.34
Ranchi,Maize,Sandy Loam,6.83,Medium,Medium,Medium,1084,29,2.58
Ranchi,Maize,Loamy,5.86,High,Medium,High,929,25,3.59
Ranchi,Pulses,Loamy,6.88,Medium,Low,Low,896,24,1.05
Ranchi,Rice,Clay Loam,6.54,Low,Medium,High,1339,23,3.97
Ranchi,Pulses,Loamy,7.39,Low,Low,Low,890,22,1.38
Ranchi,Pulses,Sandy Loam,6.93,Low,Low,Low,844,25,1.14
Ranchi,Pulses,Loamy,7.07,Low,Medium,High,954,19,1.57
Ranchi,Rice,Clay Loam,6.09,High,Medium,High,1484,24,2.52
Ranchi,Wheat,Clay Loam,6.03,Medium,High,Low,971,23,2.56
Ranchi,Wheat,Clay Loam,6.25,Low,Medium,Low,901,23,2.06
Ranchi,Wheat,Loamy,7.19,Medium,Medium,Medium,1097,22,2.47
Ranchi,Wheat,Loamy,6.93,Low,High,High,1182,25,3.35
Ranchi,Maize,Sandy Loam,6.68,Medium,Low,Medium,1142,21,3.26
Ranchi,Rice,Clay Loam,6.23,Low,Medium,Low,1211,31,4.2
Ranchi,Wheat,Clay Loam,6.3,Medium,Medium,Medium,1246,24,2.89
Ranchi,Pulses,Loamy,7.16,Medium,Low,Medium,1096,20,1.07
Ranchi,Wheat,Clay Loam,6.42,Low,High,Low,1186,20,1.82
Ranchi,Maize,Loamy,6.44,Medium,High,High,1064,23,3.6
Ranchi,Wheat,Loamy,7.04,Medium,High,High,1227,21,2.93
Ranchi,Rice,Clayey,6.29,High,High,High,1544,24,3.92
Ranchi,Maize,Loamy,5.9,High,Low,Medium,951,29,2.14
Ranchi,Wheat,Loamy,6.38,Medium,High,Low,1062,22,2.58
Ranchi,Wheat,Loamy,7.1,High,Medium,High,1129,20,2.91
Ranchi,Wheat,Clay Loam,6.76,High,Low,Medium,1086,24,3.15
Ranchi,Pulses,Loamy,7.34,Medium,Low,Medium,817,22,1.26
Ranchi,Maize,Sandy Loam,6.86,Low,Low,Low,994,25,3.0
Ranchi,Rice,Clayey,6.35,Medium,High,High,1214,28,2.8
Ranchi,Pulses,Loamy,6.42,High,Low,Medium,902,24,1.14
Ranchi,Rice,Loamy,5.82,Medium,Low,Medium,1377,29,2.54
Ranchi,Maize,Loamy,6.99,Medium,High,Medium,1098,26,3.99
Ranchi,Rice,Loamy,6.71,Medium,Low,Low,1219,24,3.42
Ranchi,Maize,Sandy Loam,6.21,High,High,Low,921,21,3.54
Ranchi,Pulses,Sandy Loam,7.45,Medium,Medium,Medium,984,19,1.87
Ranchi,Wheat,Clay Loam,6.46,High,Medium,High,1369,22,3.11
Ranchi,Wheat,Clay Loam,6.3,High,Low,Medium,970,19,2.0
Ranchi,Rice,Clay Loam,5.65,Low,Medium,Low,1203,26,3.84
Ranchi,Pulses,Loamy,7.1,Low,High,Medium,861,25,1.97
Ranchi,Pulses,Sandy Loam,7.35,Low,High,High,1023,27,1.81
Ranchi,Maize,Sandy Loam,6.68,Medium,High,High,1051,20,3.13
Ranchi,Rice,Clayey,6.68,High,Medium,Medium,1520,23,3.52
Ranchi,Rice,Clayey,6.48,High,Medium,High,1262,30,2.85
Ranchi,Maize,Loamy,6.02,Medium,High,High,1072,27,3.36
Ranchi,Pulses,Loamy,7.01,Low,Low,High,980,20,1.01
Ranchi,Pulses,Sandy Loam,6.75,Low,High,Medium,945,20,1.91
Ranchi,Rice,Clay Loam,6.39,High,Medium,Medium,1424,28,3.22
Ranchi,Wheat,Clay Loam,6.41,Low,Low,High,1127,22,2.02
Ranchi,Pulses,Loamy,7.27,High,Medium,Medium,874,22,1.4
Ranchi,Pulses,Sandy Loam,6.06,Low,Low,Medium,1070,23,1.64
Ranchi,Rice,Clayey,6.63,High,High,High,1349,25,3.91
Ranchi,Maize,Loamy,7.16,Low,Low,Medium,936,22,3.99
Ranchi,Wheat,Clay Loam,7.18,High,High,High,985,25,2.44
Ranchi,Pulses,Sandy Loam,6.42,Low,High,Low,1000,23,1.43
Ranchi,Rice,Clayey,5.96,Low,Medium,Medium,1285,32,2.89
Ranchi,Wheat,Clay Loam,6.17,Medium,Low,Low,1203,24,2.64
Ranchi,Wheat,Clay Loam,6.43,Low,Low,Medium,989,21,1.9
Ranchi,Pulses,Loamy,6.14,Medium,High,Medium,820,27,1.52
Ranchi,Rice,Clay Loam,6.54,Low,High,Low,1357,27,3.4
Ranchi,Wheat,Clay Loam,6.64,High,Medium,Low,1078,24,3.04
Ranchi,Pulses,Sandy Loam,6.18,Low,High,Low,873,22,1.1
Ranchi,Pulses,Sandy Loam,7.42,Low,High,Medium,1001,25,1.43
Ranchi,Pulses,Sandy Loam,6.78,High,High,Low,899,21,1.45
Ranchi,Rice,Clay Loam,6.75,Low,Low,Low,1402,31,4.2
Ranchi,Rice,Loamy,6.27,High,High,High,1557,24,2.52
Ranchi,Rice,Clay Loam,6.59,Low,Low,Low,1419,32,4.24
Ranchi,Wheat,Clay Loam,6.71,High,Medium,Medium,1351,23,1.9
Ranchi,Wheat,Loamy,7.28,Low,Medium,Low,958,21,2.75
Ranchi,Pulses,Loamy,6.02,Low,Medium,High,814,21,1.51
Ranchi,Rice,Clay Loam,6.29,Medium,Low,Medium,1525,26,3.05
Ranchi,Pulses,Loamy,7.18,Medium,Low,High,1018,21,1.71
Ranchi,Pulses,Loamy,6.33,Low,High,High,936,25,1.76
Ranchi,Rice,Loamy,6.75,High,Medium,Low,1339,23,2.56
Ranchi,Wheat,Clay Loam,6.23,Low,High,Low,1235,24,2.9
Ranchi,Pulses,Sandy Loam,6.2,Low,Low,Medium,1057,21,1.82
Ranchi,Pulses,Loamy,6.45,High,High,Low,1054,21,1.25
Ranchi,Wheat,Loamy,6.2,Medium,High,Low,924,18,3.32
Ranchi,Maize,Loamy,7.4,Medium,Low,Medium,1189,23,2.98
Ranchi,Maize,Sandy Loam,7.41,Low,Medium,High,923,26,3.44
Ranchi,Pulses,Loamy,6.11,Low,Low,High,837,25,1.7
Ranchi,Wheat,Loamy,6.32,High,Low,Medium,919,21,2.96
Ranchi,Pulses,Sandy Loam,6.79,Low,High,Medium,926,22,1.87
Ranchi,Rice,Clayey,6.09,Medium,High,Low,1346,31,4.48
Ranchi,Rice,Clay Loam,6.51,High,Low,High,1259,32,2.84
Ranchi,Pulses,Loamy,6.42,Medium,Medium,High,862,27,1.14
Ranchi,Rice,Loamy,5.92,High,High,Medium,1210,26,3.86
Ranchi,Wheat,Clay Loam,7.09,High,Low,High,1315,22,1.7
Ranchi,Pulses,Loamy,6.47,Low,Low,High,834,24,1.64
Ranchi,Maize,Loamy,6.59,Low,High,Medium,1176,26,2.08
Ranchi,Pulses,Sandy Loam,6.94,Medium,Low,Low,914,22,1.26
Ranchi,Maize,Loamy,7.44,Medium,Medium,Medium,1161,28,2.12
Ranchi,Maize,Sandy Loam,6.6,Low,Low,Medium,1149,27,2.65
Ranchi,Wheat,Loamy,7.1,Medium,Low,Medium,1211,19,2.93
Ranchi,Pulses,Sandy Loam,7.5,Low,Medium,High,1048,26,1.85
Ranchi,Wheat,Loamy,6.45,Medium,Low,High,1368,21,2.02
Ranchi,Wheat,Clay Loam,6.82,Medium,Medium,Low,1288,23,2.24
Ranchi,Pulses,Loamy,7.34,Low,High,Medium,1002,19,1.5
Ranchi,Maize,Loamy,7.0,High,Low,Medium,1172,26,3.17
Ranchi,Pulses,Sandy Loam,6.34,Medium,Medium,Low,884,25,1.58
Ranchi,Maize,Loamy,6.89,Medium,Low,Low,1027,25,2.06
Ranchi,Maize,Loamy,6.9,High,Low,Low,989,29,3.43
Ranchi,Wheat,Clay Loam,6.7,High,Low,Medium,1087,21,2.79
Ranchi,Pulses,Loamy,7.49,Medium,High,High,989,28,1.51
Ranchi,Rice,Clayey,5.77,Low,Medium,Medium,1367,22,3.05
Ranchi,Wheat,Loamy,7.13,Low,Medium,Low,1392,21,1.9
Ranchi,Maize,Sandy Loam,6.32,Medium,Low,Low,1089,19,2.64
Ranchi,Rice,Loamy,6.95,High,High,Low,1329,28,3.2
Ranchi,Maize,Loamy,6.48,Low,High,Medium,1080,24,3.13
Ranchi,Wheat,Loamy,6.14,High,Low,High,1321,19,3.0
Ranchi,Pulses,Loamy,7.1,Low,Low,Medium,907,28,1.78
Ranchi,Wheat,Clay Loam,6.65,Medium,Low,Medium,1232,19,3.24
Ranchi,Maize,Loamy,6.54,Low,High,High,1008,23,2.04
Ranchi,Wheat,Loamy,6.71,High,Medium,Low,1093,19,2.75
Ranchi,Maize,Loamy,6.22,Low,Low,Low,912,19,2.95
Ranchi,Wheat,Loamy,6.89,Medium,Low,High,951,22,3.15
Ranchi,Maize,Loamy,7.25,Medium,High,Low,950,29,3.27
Ranchi,Maize,Sandy Loam,7.19,Low,Low,High,1029,21,2.31
Ranchi,Rice,Clayey,6.12,Low,Medium,Medium,1233,32,2.54
Ranchi,Maize,Loamy,6.87,Medium,Low,High,1134,28,2.83
Ranchi,Maize,Loamy,6.33,Medium,Medium,Medium,985,24,3.37
Ranchi,Maize,Loamy,6.93,High,Medium,High,925,22,2.04
Ranchi,Maize,Sandy Loam,5.82,Medium,Low,Medium,1167,18,2.17
Ranchi,Rice,Clayey,5.98,High,High,Low,1593,22,2.83
Ranchi,Wheat,Loamy,6.56,Low,Low,High,1196,22,1.73
Ranchi,Maize,Sandy Loam,6.13,High,High,Low,900,23,2.61
Ranchi,Rice,Clayey,5.59,Low,Low,High,1399,26,4.07
Ranchi,Rice,Clayey,5.64,High,Low,High,1294,30,2.98
Ranchi,Rice,Loamy,5.97,Medium,High,Medium,1287,29,2.88
Ranchi,Wheat,Clay Loam,6.34,Low,Medium,High,1056,23,1.85
Ranchi,Maize,Loamy,6.92,High,Low,Medium,971,25,3.64
Ranchi,Wheat,Clay Loam,7.43,Medium,Low,Medium,949,25,3.01
Ranchi,Maize,Sandy Loam,6.52,Medium,Low,Medium,1191,20,2.03
Ranchi,Pulses,Sandy Loam,6.73,Low,Medium,High,866,24,1.4
Ranchi,Maize,Sandy Loam,6.41,Medium,Medium,Low,988,24,3.12
Ranchi,Pulses,Loamy,7.36,High,Low,High,973,22,1.48
Ranchi,Rice,Loamy,5.75,Medium,High,Medium,1457,27,3.2
Ranchi,Maize,Sandy Loam,6.5,Low,High,Low,1023,24,3.41
Ranchi,Rice,Clay Loam,6.0,Medium,Medium,Low,1485,29,4.13
Ranchi,Pulses,Loamy,7.32,Low,Low,Medium,987,23,1.13
Ranchi,Pulses,Sandy Loam,6.83,Low,Medium,Low,837,27,1.39
Ranchi,Pulses,Loamy,7.38,Medium,Low,High,943,21,1.98
Ranchi,Wheat,Clay Loam,7.24,Low,Medium,Medium,1240,20,2.4
Ranchi,Maize,Loamy,6.13,Low,Low,Medium,1039,23,3.24
Ranchi,Wheat,Loamy,7.35,Low,Low,Low,1386,22,2.96
Ranchi,Pulses,Loamy,7.16,High,Low,Medium,1037,24,1.12
Ranchi,Maize,Loamy,6.54,Medium,High,High,1143,23,3.24
Ranchi,Pulses,Sandy Loam,7.16,Low,Low,High,802,24,1.66
Ranchi,Pulses,Sandy Loam,7.34,Low,Medium,High,895,18,1.89
Ranchi,Pulses,Sandy Loam,6.52,Medium,Medium,Medium,926,28,1.16
Ranchi,Pulses,Sandy Loam,7.38,High,Medium,High,871,19,1.93
Ranchi,Rice,Clayey,5.93,Low,Medium,Low,1445,29,2.79
Ranchi,Rice,Clay Loam,5.72,Low,Low,High,1348,32,4.1
Ranchi,Rice,Clay Loam,6.78,Medium,Medium,Medium,1295,29,3.33
Ranchi,Rice,Loamy,5.63,Low,Medium,Medium,1426,31,3.03
Ranchi,Wheat,Clay Loam,7.38,Medium,Low,Medium,1020,19,2.09
Ranchi,Pulses,Loamy,7.11,Medium,High,Low,844,24,1.31
Ranchi,Pulses,Loamy,7.09,Low,High,Low,999,18,1.76
Ranchi,Pulses,Loamy,7.24,Medium,Low,High,1043,27,1.45
Ranchi,Pulses,Sandy Loam,7.24,Medium,High,High,1033,19,1.63
Ranchi,Pulses,Sandy Loam,6.02,Low,High,Low,998,20,1.64
Ranchi,Maize,Loamy,6.85,Low,Medium,Medium,1129,22,3.93
Ranchi,Rice,Loamy,6.18,Medium,Low,Medium,1576,22,4.02
Ranchi,Pulses,Sandy Loam,6.98,Medium,High,High,1005,24,1.97
Ranchi,Wheat,Clay Loam,7.28,High,Medium,Medium,1161,22,3.36
Ranchi,Rice,Clayey,5.64,High,Low,Low,1444,28,3.12
Ranchi,Rice,Clayey,5.65,High,High,Medium,1470,32,4.16
Ranchi,Maize,Loamy,7.07,High,High,Low,1081,19,2.72
Ranchi,Maize,Sandy Loam,6.87,High,High,High,1117,20,2.25
Ranchi,Pulses,Sandy Loam,7.21,Low,Medium,High,872,19,1.2
Ranchi,Pulses,Loamy,6.96,High,Medium,High,968,19,1.84
Ranchi,Rice,Clayey,6.1,Medium,High,High,1521,25,4.0
Ranchi,Wheat,Clay Loam,6.07,High,Low,Low,1140,23,2.6
Ranchi,Maize,Sandy Loam,6.86,Medium,High,Low,1037,22,2.38
Ranchi,Maize,Loamy,6.91,Medium,High,High,1189,26,3.28
Ranchi,Maize,Loamy,6.74,High,Low,Low,979,22,2.01
Ranchi,Pulses,Sandy Loam,6.79,High,High,Low,1020,25,1.05
Ranchi,Rice,Clayey,6.09,High,Low,Low,1252,26,4.18
Ranchi,Rice,Loamy,6.85,Medium,High,High,1575,32,3.33
Ranchi,Maize,Loamy,7.39,High,Medium,Medium,1157,19,3.42
Ranchi,Wheat,Clay Loam,6.41,Low,High,High,1345,23,3.14
Ranchi,Rice,Loamy,6.62,High,Medium,Low,1221,28,3.8
Ranchi,Maize,Loamy,6.32,High,Medium,Medium,985,18,3.8
Ranchi,Wheat,Clay Loam,6.55,Low,High,Low,908,21,2.58
Ranchi,Pulses,Sandy Loam,7.01,Medium,High,High,933,18,1.73
Ranchi,Rice,Loamy,6.11,Low,High,Medium,1351,22,2.61
Ranchi,Rice,Clayey,6.0,High,High,Medium,1252,32,3.57
Ranchi,Rice,Loamy,5.81,Medium,High,High,1264,28,2.99
Ranchi,Wheat,Clay Loam,6.13,High,High,Medium,1342,20,3.0
Ranchi,Pulses,Sandy Loam,6.59,Medium,High,High,993,25,1.04
Ranchi,Pulses,Loamy,6.42,Medium,Medium,High,1010,26,1.32
Ranchi,Rice,Clayey,5.85,Low,High,Medium,1276,29,3.06
Ranchi,Pulses,Sandy Loam,7.0,High,Medium,Low,915,19,1.67
Ranchi,Maize,Loamy,6.02,High,High,Low,1190,29,3.98
Ranchi,Pulses,Sandy Loam,6.35,Low,Medium,High,815,18,1.15
Ranchi,Maize,Sandy Loam,6.81,Medium,Medium,Low,946,25,2.97
Ranchi,Rice,Loamy,6.76,Low,Low,Medium,1392,22,3.88
Ranchi,Pulses,Loamy,6.01,Medium,Medium,High,968,18,1.36
Ranchi,Wheat,Loamy,6.31,Low,Low,High,1166,18,3.13
Ranchi,Rice,Clayey,5.67,Low,High,Medium,1357,29,2.75
Ranchi,Wheat,Clay Loam,7.08,Medium,Low,High,1347,18,3.21
Ranchi,Pulses,Sandy Loam,6.0,High,Low,High,1080,25,1.29
Ranchi,Maize,Loamy,7.48,High,Low,High,1113,28,2.98
Ranchi,Pulses,Sandy Loam,6.37,Medium,Medium,Medium,846,20,1.96
Ranchi,Maize,Sandy Loam,6.16,Medium,Low,High,936,21,2.57
Ranchi,Pulses,Sandy Loam,7.49,Medium,Low,Low,901,23,1.38
Ranchi,Wheat,Loamy,7.29,Medium,Medium,High,1234,22,2.69
Ranchi,Pulses,Loamy,6.42,Medium,Medium,High,929,22,1.04
Ranchi,Rice,Loamy,6.62,Low,High,High,1314,25,3.69
Ranchi,Pulses,Loamy,7.15,Medium,High,High,1026,24,1.75
Ranchi,Rice,Clay Loam,6.11,Medium,High,Low,1445,24,4.2
Ranchi,Wheat,Loamy,7.48,High,Medium,Low,1305,24,3.28
Ranchi,Rice,Loamy,6.1,Medium,High,Low,1318,29,2.66
Ranchi,Maize,Loamy,6.25,Low,Medium,Low,1116,24,3.52
Ranchi,Wheat,Clay Loam,7.29,Medium,Medium,Low,1229,25,3.31
Ranchi,Maize,Loamy,7.39,Low,Medium,Low,930,24,2.91
Ranchi,Rice,Loamy,6.27,Low,Medium,High,1317,31,4.06
Ranchi,Rice,Clayey,6.19,Low,Medium,High,1457,25,2.67
Ranchi,Maize,Sandy Loam,7.26,High,Low,Low,967,21,3.92
Ranchi,Rice,Loamy,6.45,High,High,High,1401,31,3.7
Ranchi,Wheat,Loamy,6.73,Medium,Low,Low,1157,19,3.09
Ranchi,Wheat,Clay Loam,6.59,Medium,High,High,926,18,2.76
Ranchi,Pulses,Sandy Loam,6.8,Low,High,Medium,859,25,1.02
Ranchi,Maize,Sandy Loam,6.91,High,Low,Low,1128,26,3.77
Ranchi,Pulses,Loamy,7.09,Low,Low,High,918,24,1.47
Ranchi,Rice,Clayey,6.79,Low,Low,Medium,1595,27,3.78
Ranchi,Pulses,Sandy Loam,6.22,Low,High,High,932,25,1.84
Ranchi,Rice,Loamy,5.63,Medium,Medium,Medium,1542,29,3.42
Ranchi,Rice,Clayey,6.49,Low,Medium,Low,1212,26,3.06
Ranchi,Wheat,Clay Loam,6.82,Medium,Medium,Low,1142,24,1.93
Ranchi,Rice,Clayey,5.95,Low,Medium,High,1250,31,3.55
Ranchi,Rice,Clay Loam,6.67,Medium,High,Low,1307,23,2.81
Ranchi,Wheat,Clay Loam,7.08,Medium,Medium,High,1015,25,2.65
Ranchi,Rice,Loamy,6.37,Medium,Low,Medium,1332,24,3.03
Ranchi,Pulses,Loamy,6.06,Medium,Low,Low,896,23,1.69
Ranchi,Rice,Clayey,6.18,Low,Medium,High,1559,22,4.04
Ranchi,Wheat,Loamy,7.47,Low,High,High,1236,21,2.19
Ranchi,Pulses,Sandy Loam,7.33,Low,Medium,Medium,823,26,1.92
Ranchi,Maize,Sandy Loam,6.04,Medium,High,Medium,1162,23,3.06
Ranchi,Rice,Loamy,6.65,Low,Low,High,1458,22,4.14
Ranchi,Maize,Loamy,7.44,Medium,Medium,Medium,913,21,2.7
Ranchi,Maize,Loamy,6.14,Medium,Medium,Low,936,18,3.88
Ranchi,Maize,Sandy Loam,6.19,Low,Medium,Low,1018,28,3.17
Ranchi,Wheat,Clay Loam,6.55,Medium,Low,High,1265,23,2.07
Ranchi,Rice,Clay Loam,6.55,High,High,Medium,1259,31,4.3
Ranchi,Pulses,Sandy Loam,6.72,Medium,Medium,High,978,28,1.67
Ranchi,Pulses,Loamy,6.59,Medium,Low,Low,1013,18,1.47
Ranchi,Pulses,Sandy Loam,6.8,Medium,Low,High,893,20,1.15
Ranchi,Rice,Clayey,6.99,High,High,High,1344,29,3.23
Ranchi,Maize,Loamy,7.26,High,Medium,Medium,954,27,2.3
Ranchi,Rice,Clayey,6.98,Low,Low,High,1387,29,4.02
Ranchi,Rice,Clayey,6.7,Low,High,High,1307,25,4.36
Ranchi,Maize,Loamy,7.26,Low,Low,Medium,1169,28,3.06
Ranchi,Pulses,Sandy Loam,6.26,Low,High,High,1089,24,1.8
Ranchi,Pulses,Sandy Loam,7.47,Low,Medium,Low,819,25,1.77
Ranchi,Rice,Loamy,6.16,Medium,High,Low,1567,32,4.12
Ranchi,Rice,Loamy,6.24,High,Low,High,1238,32,2.92
Ranchi,Pulses,Sandy Loam,6.67,Medium,Medium,Low,809,24,1.22
Ranchi,Maize,Loamy,6.29,High,Low,Low,1187,20,2.51
Ranchi,Pulses,Loamy,7.46,High,Medium,Low,911,24,1.85
Ranchi,Rice,Clay Loam,5.95,Medium,High,High,1593,29,2.98
Ranchi,Maize,Loamy,6.53,High,Low,Low,992,25,3.73
Ranchi,Rice,Clayey,6.39,Low,Medium,High,1217,29,4.32
Ranchi,Rice,Loamy,6.49,Medium,Low,Low,1447,25,3.02
Ranchi,Wheat,Loamy,6.85,Medium,Low,High,962,20,3.08
Ranchi,Pulses,Loamy,6.56,Low,Medium,High,836,24,1.07
Ranchi,Pulses,Sandy Loam,6.67,Low,Medium,Medium,1077,26,1.03
Ranchi,Rice,Clay Loam,6.05,High,Low,High,1383,31,3.25
Ranchi,Pulses,Sandy Loam,6.64,High,Low,High,918,24,1.57
Ranchi,Maize,Loamy,7.31,Low,High,High,1159,27,3.91
Ranchi,Wheat,Loamy,6.66,High,Low,Low,1036,25,3.09
Ranchi,Wheat,Clay Loam,6.12,Low,Low,High,1316,22,3.02
Ranchi,Pulses,Sandy Loam,6.11,Medium,Medium,Medium,1038,21,1.95
Ranchi,Maize,Loamy,6.65,Low,Low,Low,1145,21,3.54
Ranchi,Rice,Clayey,6.78,Low,Medium,Low,1274,30,2.7
Ranchi,Rice,Loamy,6.38,High,High,Low,1543,28,3.51
Ranchi,Wheat,Loamy,6.33,High,Medium,Low,1037,21,2.85
Ranchi,Maize,Loamy,6.14,Medium,High,High,1168,24,3.88
Ranchi,Pulses,Loamy,6.91,Low,Low,High,987,26,1.8
Ranchi,Pulses,Sandy Loam,6.1,Medium,Low,Low,918,26,1.57
Ranchi,Maize,Sandy Loam,6.6,Low,High,Low,1008,23,2.68
Ranchi,Maize,Loamy,6.81,High,Medium,Low,1153,24,3.1
Ranchi,Maize,Sandy Loam,5.98,High,Low,Medium,1193,19,3.73
Ranchi,Pulses,Sandy Loam,7.29,Low,Medium,High,879,19,1.97
Ranchi,Wheat,Clay Loam,7.17,High,Medium,Low,1216,22,3.35
Ranchi,Wheat,Clay Loam,7.04,Medium,Medium,Medium,1375,25,1.89
Ranchi,Rice,Clay Loam,6.19,Medium,Medium,High,1414,25,3.4
Ranchi,Maize,Loamy,6.29,Medium,Medium,Low,1161,29,3.54
Ranchi,Wheat,Loamy,6.56,Low,High,High,1205,18,2.37
Ranchi,Wheat,Loamy,6.43,High,High,Low,988,23,2.71
Ranchi,Maize,Sandy Loam,6.39,Medium,Medium,High,964,26,2.88
Ranchi,Pulses,Sandy Loam,6.79,High,Low,Medium,1008,24,1.29
Ranchi,Rice,Clayey,6.47,High,Low,Medium,1465,31,4.48
Ranchi,Pulses,Sandy Loam,7.11,High,Low,High,999,22,1.81
Ranchi,Pulses,Loamy,6.91,High,High,Low,816,24,1.62
Ranchi,Maize,Sandy Loam,7.18,Low,Medium,High,1140,19,3.09
Ranchi,Rice,Loamy,6.07,High,Medium,High,1336,24,3.11
Ranchi,Wheat,Loamy,7.32,Low,High,High,1117,22,2.52
Ranchi,Pulses,Sandy Loam,6.86,Medium,Low,High,991,20,1.78
Ranchi,Pulses,Sandy Loam,6.39,Low,Low,High,1029,24,1.64
Ranchi,Maize,Loamy,7.29,High,High,Low,1028,21,3.87
Ranchi,Pulses,Loamy,7.32,Low,Low,High,1063,27,1.74
Ranchi,Maize,Sandy Loam,5.83,High,Low,Low,964,30,2.66
Ranchi,Pulses,Loamy,7.02,High,High,Medium,950,27,1.06
Ranchi,Rice,Loamy,6.43,Low,Low,High,1356,22,2.79
Ranchi,Rice,Clay Loam,5.54,High,Low,Medium,1262,22,3.67
Ranchi,Pulses,Loamy,6.23,High,Medium,Medium,1034,21,1.31
Ranchi,Maize,Sandy Loam,6.29,High,Medium,Medium,902,22,2.7
Ranchi,Rice,Loamy,6.52,Medium,High,Medium,1552,25,4.31
Ranchi,Rice,Clay Loam,6.57,Medium,Low,Low,1254,25,3.76
Ranchi,Rice,Loamy,5.72,High,Medium,Medium,1574,23,4.32
Ranchi,Pulses,Sandy Loam,6.48,Medium,High,Medium,827,23,1.92
Ranchi,Rice,Loamy,6.06,High,Medium,High,1584,30,4.13
Ranchi,Rice,Loamy,5.73,Low,Medium,Medium,1483,23,3.85
Ranchi,Maize,Loamy,6.71,Medium,Low,Medium,1028,30,2.69
Ranchi,Maize,Sandy Loam,7.0,High,Medium,Low,1108,25,3.4
Ranchi,Wheat,Loamy,6.11,High,High,Medium,1330,24,2.23
Ranchi,Maize,Sandy Loam,7.14,Low,Medium,High,916,21,3.4
Ranchi,Rice,Loamy,5.82,Low,High,High,1369,29,3.08
Ranchi,Pulses,Loamy,6.34,Low,Medium,High,923,19,1.5
Ranchi,Wheat,Loamy,7.14,High,Medium,Low,1088,22,1.9
Ranchi,Maize,Sandy Loam,7.47,High,Low,High,1100,28,2.95
Ranchi,Rice,Clayey,5.58,Medium,Medium,High,1366,31,3.44
Ranchi,Wheat,Loamy,6.11,Low,Medium,Medium,1369,20,1.92
Ranchi,Pulses,Sandy Loam,6.33,Low,High,Medium,830,23,1.74
Ranchi,Rice,Clay Loam,6.81,Low,Low,Low,1340,30,2.65
Ranchi,Wheat,Loamy,6.0,Medium,Low,Medium,1324,23,2.17
Ranchi,Pulses,Sandy Loam,6.85,High,Low,High,1065,18,1.98
Ranchi,Maize,Loamy,7.14,High,High,Medium,1011,18,2.82
Ranchi,Maize,Sandy Loam,7.25,Medium,High,Low,1116,30,2.64
Ranchi,Rice,Loamy,6.68,High,Medium,Medium,1207,23,2.62
Ranchi,Pulses,Sandy Loam,6.96,High,Low,Medium,991,18,1.74
Ranchi,Rice,Loamy,5.97,Low,Low,High,1509,23,4.41
Ranchi,Rice,Loamy,6.19,Medium,Low,Low,1571,26,2.63
Ranchi,Pulses,Sandy Loam,6.77,Low,Medium,Medium,985,28,1.56
Ranchi,Pulses,Sandy Loam,7.19,Low,Medium,High,1086,25,1.81
Ranchi,Wheat,Clay Loam,6.78,Medium,Medium,Low,1111,18,3.18
Ranchi,Pulses,Loamy,6.49,High,High,Low,815,21,1.15
Ranchi,Wheat,Clay Loam,7.36,Medium,Medium,Medium,1136,18,3.09
Ranchi,Maize,Sandy Loam,7.5,Medium,Medium,Medium,967,24,2.6
Ranchi,Wheat,Clay Loam,6.3,Medium,Low,Low,986,22,2.31
Ranchi,Wheat,Clay Loam,6.76,Medium,Medium,High,1187,23,2.88
Ranchi,Wheat,Loamy,6.92,High,Medium,Medium,1026,22,2.28
Ranchi,Wheat,Loamy,6.97,Medium,Medium,Low,1042,20,1.91
Ranchi,Rice,Clay Loam,6.99,Low,Low,Medium,1348,22,4.35
Ranchi,Wheat,Loamy,6.93,Low,Medium,High,933,23,2.66
Ranchi,Maize,Sandy Loam,7.29,Medium,Medium,Low,1076,28,2.08
Ranchi,Pulses,Sandy Loam,6.36,Low,High,Medium,961,19,1.16
Ranchi,Maize,Sandy Loam,6.63,High,Low,High,975,26,2.14
Ranchi,Wheat,Loamy,7.46,High,Low,Medium,1202,20,3.2
Ranchi,Pulses,Loamy,6.25,Low,High,Low,1071,27,1.15
Ranchi,Pulses,Sandy Loam,7.26,High,High,High,1089,20,1.85
Ranchi,Rice,Loamy,6.43,Low,Medium,Low,1458,23,4.11
Ranchi,Rice,Clay Loam,6.41,Low,High,Low,1591,26,2.66
Ranchi,Wheat,Loamy,7.01,High,High,High,1298,18,2.91
Ranchi,Pulses,Loamy,7.28,Low,High,Medium,917,18,1.41
Ranchi,Maize,Loamy,6.93,Low,High,Medium,947,19,3.07
Ranchi,Rice,Clayey,6.26,High,Medium,Low,1304,26,3.95
Ranchi,Maize,Sandy Loam,7.17,Medium,Medium,Medium,922,18,2.66
Ranchi,Pulses,Sandy Loam,7.07,Low,High,Medium,1079,20,1.24
Ranchi,Maize,Sandy Loam,5.82,Medium,High,High,905,25,3.25
Ranchi,Pulses,Loamy,7.35,Medium,Low,High,996,20,1.7
Ranchi,Wheat,Loamy,6.75,High,Medium,Medium,1347,19,2.34
Ranchi,Pulses,Loamy,6.68,High,Medium,High,1052,25,1.58
Ranchi,Wheat,Clay Loam,7.24,Medium,Medium,Medium,1230,25,2.25
Ranchi,Wheat,Clay Loam,6.04,Low,High,Medium,1236,21,3.22
Ranchi,Maize,Sandy Loam,6.16,Medium,Medium,Low,973,22,2.98
Ranchi,Pulses,Loamy,6.43,High,Low,Medium,1023,26,1.49
Ranchi,Maize,Sandy Loam,6.15,Low,Low,High,1090,24,3.55
Ranchi,Maize,Loamy,6.26,Low,High,Low,996,19,3.77
Ranchi,Wheat,Loamy,6.79,Medium,Medium,Medium,1305,22,3.2
Ranchi,Maize,Loamy,6.64,Low,High,Medium,1084,25,3.94
Ranchi,Rice,Clay Loam,5.57,Low,Low,Medium,1486,31,2.87
Ranchi,Wheat,Loamy,6.2,High,Medium,Low,1298,19,2.53
Ranchi,Wheat,Loamy,6.64,High,High,Low,1118,21,3.2
Ranchi,Maize,Sandy Loam,5.92,Low,High,Low,1002,24,3.55
Ranchi,Pulses,Loamy,6.49,Low,High,High,853,19,1.87
Ranchi,Pulses,Loamy,6.09,Low,Low,High,852,22,1.09
Ranchi,Rice,Clayey,6.71,Medium,High,Medium,1237,25,4.41
Ranchi,Maize,Sandy Loam,6.67,High,High,Medium,1138,26,2.46
Ranchi,Rice,Clayey,5.8,Low,Medium,High,1292,31,4.43
Ranchi,Rice,Loamy,6.39,Low,Low,High,1369,23,3.18
Ranchi,Pulses,Sandy Loam,6.22,High,High,Low,860,25,1.68
Ranchi,Maize,Sandy Loam,6.21,High,Low,Medium,1090,27,2.78
Ranchi,Pulses,Loamy,6.99,High,Low,Low,1082,22,1.14
Ranchi,Pulses,Loamy,6.25,Medium,Low,Medium,1038,25,1.76
Ranchi,Maize,Loamy,6.45,High,Low,Low,1090,20,2.29
Ranchi,Wheat,Clay Loam,7.02,Low,Low,High,933,22,1.95
Ranchi,Rice,Clay Loam,5.55,High,Medium,High,1251,27,4.3
Ranchi,Maize,Loamy,7.47,Low,High,High,1026,28,3.65
Ranchi,Pulses,Sandy Loam,6.2,Low,Medium,Low,988,28,1.96
Ranchi,Maize,Sandy Loam,6.27,Low,Low,High,1114,23,2.64
Ranchi,Wheat,Loamy,6.54,Low,Medium,Medium,1275,25,2.47
Ranchi,Wheat,Loamy,6.53,High,Low,Medium,1342,18,2.3
Ranchi,Rice,Loamy,5.73,High,Low,Medium,1286,29,4.21
Ranchi,Rice,Clay Loam,5.61,Medium,High,Medium,1531,30,4.27
Ranchi,Wheat,Loamy,6.17,Low,High,High,1234,24,2.86
Ranchi,Rice,Clayey,6.93,High,High,Low,1452,31,2.68
Ranchi,Rice,Loamy,6.63,Low,Medium,High,1428,29,3.15
Ranchi,Wheat,Clay Loam,7.46,Low,Medium,High,1175,20,2.43
Ranchi,Pulses,Loamy,6.55,Medium,High,High,1030,19,1.69
Ranchi,Rice,Loamy,6.3,Medium,Low,Medium,1546,26,3.22
Ranchi,Rice,Loamy,6.58,Low,High,High,1429,26,2.52
Ranchi,Maize,Sandy Loam,7.03,Medium,Medium,Medium,901,25,3.41
Ranchi,Pulses,Loamy,7.12,High,Medium,High,843,27,1.2
Ranchi,Pulses,Loamy,6.42,Medium,High,High,842,25,1.51
Ranchi,Maize,Sandy Loam,6.04,Medium,High,High,1109,27,2.57
Ranchi,Wheat,Loamy,7.29,Medium,High,High,926,21,2.37
Ranchi,Pulses,Sandy Loam,6.45,Medium,Low,Medium,873,21,1.98
Ranchi,Pulses,Sandy Loam,7.02,High,Medium,Low,807,25,1.42
Ranchi,Pulses,Loamy,6.35,Medium,Low,High,914,25,1.9
Ranchi,Pulses,Loamy,6.78,Low,High,Medium,827,23,1.08
Ranchi,Wheat,Clay Loam,6.22,Low,High,High,1151,19,1.9
Ranchi,Pulses,Loamy,6.52,Medium,Medium,Medium,873,28,1.17
Ranchi,Maize,Loamy,7.31,Low,Low,High,1104,30,3.51
Ranchi,Pulses,Sandy Loam,6.36,High,Low,Low,851,20,1.88
Ranchi,Pulses,Sandy Loam,6.83,High,High,Low,1039,21,1.27
Ranchi,Rice,Clay Loam,5.55,Low,Medium,Medium,1552,24,4.28
Ranchi,Rice,Clay Loam,6.53,Low,Low,Medium,1441,26,3.82
Ranchi,Rice,Clayey,6.47,Low,Medium,High,1200,22,2.91
Ranchi,Maize,Loamy,7.14,Low,Low,High,920,22,3.37
Ranchi,Pulses,Sandy Loam,6.95,Low,Medium,Low,892,19,1.98
Ranchi,Pulses,Loamy,6.73,Medium,Low,Low,898,23,1.22
Ranchi,Pulses,Sandy Loam,6.8,Low,Medium,High,816,27,1.39
Ranchi,Maize,Sandy Loam,7.35,Low,Low,Medium,1003,21,2.24
Ranchi,Maize,Sandy Loam,7.12,Low,Low,High,1094,23,3.78
Ranchi,Wheat,Clay Loam,7.33,Medium,Low,Medium,1084,21,3.22
Ranchi,Maize,Loamy,6.13,Medium,Low,Medium,1146,22,2.38
Ranchi,Pulses,Loamy,7.34,Medium,Low,Low,1054,27,1.71
Ranchi,Maize,Sandy Loam,6.07,High,Medium,Low,994,28,2.64
Ranchi,Wheat,Clay Loam,6.67,Medium,Low,High,1379,22,3.25
Ranchi,Pulses,Loamy,6.32,Medium,Medium,Low,914,19,1.26
Ranchi,Rice,Clayey,6.24,Medium,High,High,1415,24,2.53
Ranchi,Pulses,Loamy,7.43,Low,Medium,High,899,27,1.74
Ranchi,Rice,Clayey,6.51,Medium,High,Medium,1530,26,3.24
Ranchi,Pulses,Sandy Loam,6.61,Low,Low,Medium,1055,22,1.57
Ranchi,Wheat,Loamy,6.84,Medium,Medium,High,990,21,1.98
Ranchi,Rice,Clay Loam,5.86,High,Low,High,1358,32,4.38
Ranchi,Pulses,Sandy Loam,6.74,High,Medium,Medium,951,21,1.65
Ranchi,Pulses,Loamy,6.23,Low,Low,High,1051,24,1.61
Ranchi,Rice,Loamy,6.56,Low,High,High,1433,28,2.54
Ranchi,Rice,Clay Loam,5.58,High,Medium,High,1204,29,2.55
Ranchi,Wheat,Loamy,6.11,High,Medium,Low,1102,19,2.61
Ranchi,Rice,Clay Loam,6.94,High,Low,Medium,1207,29,3.72
Ranchi,Wheat,Loamy,6.5,Low,Medium,Low,1072,22,2.05
Ranchi,Maize,Loamy,7.36,High,High,Medium,944,25,3.09
Ranchi,Pulses,Sandy Loam,6.52,Low,High,High,806,23,1.48
Ranchi,Rice,Clayey,6.27,High,High,High,1452,25,4.47
Ranchi,Rice,Clayey,6.67,Low,Medium,High,1391,22,2.79
Ranchi,Pulses,Loamy,7.18,Low,Medium,Medium,1040,23,1.87
Ranchi,Maize,Sandy Loam,5.82,Medium,High,Medium,967,23,3.64
Ranchi,Pulses,Sandy Loam,6.5,Medium,Low,Medium,937,27,1.5
Ranchi,Wheat,Loamy,6.42,High,Low,Medium,972,23,3.36
Ranchi,Pulses,Loamy,7.48,Low,Low,High,849,22,1.56
Ranchi,Maize,Sandy Loam,7.03,High,Low,Medium,972,27,2.07
Ranchi,Pulses,Sandy Loam,6.71,High,High,Low,1017,22,1.79
Ranchi,Pulses,Loamy,7.3,Medium,Medium,Low,802,27,1.93
Ranchi,Wheat,Loamy,7.27,Medium,Medium,High,1220,22,1.81
Ranchi,Rice,Clayey,5.83,Medium,High,High,1368,32,2.67
Ranchi,Rice,Clayey,6.58,Low,Low,Low,1259,30,4.17
Ranchi,Pulses,Sandy Loam,6.64,Medium,High,High,826,24,1.94
Ranchi,Rice,Clayey,5.78,High,Low,Medium,1516,28,3.77
Ranchi,Maize,Loamy,7.16,Low,High,High,1007,18,3.46
Ranchi,Maize,Loamy,6.44,High,Medium,Low,908,27,2.38
Ranchi,Maize,Loamy,7.46,Medium,High,Low,1083,19,3.64
Ranchi,Maize,Loamy,5.9,Medium,Low,Medium,1077,27,3.08
Ranchi,Pulses,Sandy Loam,6.73,Medium,Medium,High,919,25,1.29
Ranchi,Wheat,Loamy,6.95,High,Low,Medium,1246,24,2.65
Ranchi,Rice,Clayey,6.92,Medium,Medium,Medium,1336,22,2.64
Ranchi,Pulses,Loamy,6.24,High,Medium,Medium,1041,26,1.5
Ranchi,Rice,Clay Loam,6.63,High,High,Low,1422,27,3.13
Ranchi,Maize,Loamy,7.38,High,Medium,Medium,1089,28,2.77
Ranchi,Pulses,Sandy Loam,7.47,High,Low,High,830,22,1.55
Ranchi,Rice,Clayey,5.51,High,Low,Medium,1421,31,3.79
Ranchi,Rice,Clay Loam,5.78,Medium,Low,High,1373,29,3.95
Ranchi,Maize,Loamy,6.96,Low,High,High,937,19,3.37
Ranchi,Maize,Sandy Loam,6.95,Medium,Medium,Low,1030,26,2.35
Ranchi,Wheat,Loamy,6.48,Low,Low,High,1381,20,1.92
Ranchi,Rice,Loamy,6.3,Medium,Low,Medium,1224,31,3.76
Ranchi,Wheat,Clay Loam,6.43,Low,Medium,High,1079,23,2.83
Ranchi,Maize,Sandy Loam,7.22,High,Low,Low,1030,26,2.29
Ranchi,Rice,Clay Loam,6.03,High,High,Low,1324,31,2.77
Ranchi,Rice,Clay Loam,5.75,Medium,High,Low,1583,22,2.94
Ranchi,Pulses,Loamy,7.27,High,Medium,Low,866,28,1.19
Ranchi,Maize,Loamy,6.22,High,Low,Medium,1187,22,3.18
Ranchi,Wheat,Clay Loam,7.0,Medium,Low,Medium,948,20,3.06
Ranchi,Maize,Sandy Loam,6.11,Medium,Medium,Medium,1189,26,3.26
Ranchi,Rice,Loamy,5.6,Medium,High,Medium,1343,27,2.52
Ranchi,Maize,Sandy Loam,5.96,Low,Low,Low,1046,20,3.04
Ranchi,Wheat,Clay Loam,6.04,High,Low,Low,1390,25,1.84
Ranchi,Pulses,Loamy,6.21,Low,Low,High,843,26,1.14
Ranchi,Pulses,Sandy Loam,6.7,High,Medium,Low,961,19,1.65
Ranchi,Wheat,Clay Loam,6.93,Medium,High,Medium,1242,20,1.78
Ranchi,Maize,Loamy,7.11,High,Medium,High,981,21,3.25
Ranchi,Wheat,Clay Loam,6.42,Low,Low,Medium,981,20,2.09
Ranchi,Pulses,Sandy Loam,7.38,High,High,Low,1026,25,1.78
Ranchi,Wheat,Clay Loam,6.72,Medium,Medium,High,1151,18,1.71
Ranchi,Pulses,Loamy,7.21,Low,Medium,High,954,24,1.09
Ranchi,Wheat,Clay Loam,7.45,Low,Medium,Low,1283,18,1.8
Ranchi,Rice,Clayey,6.02,Medium,Medium,Low,1202,22,4.26
Ranchi,Maize,Loamy,7.22,Low,Low,Low,1137,24,2.85
Ranchi,Wheat,Clay Loam,6.47,Medium,Medium,High,1199,19,2.65
Ranchi,Rice,Loamy,5.76,High,Low,Low,1429,24,3.26
Ranchi,Wheat,Loamy,7.4,Medium,Low,Medium,1351,22,3.14
Ranchi,Rice,Loamy,5.61,High,Low,Medium,1453,24,2.5
Ranchi,Wheat,Clay Loam,6.15,Medium,Medium,Low,1372,23,2.27
Ranchi,Rice,Loamy,6.24,High,Low,Low,1205,26,2.82
Ranchi,Maize,Sandy Loam,6.25,Low,Low,High,965,18,3.57
Ranchi,Wheat,Clay Loam,7.45,Low,Low,Low,1319,22,2.69
Ranchi,Maize,Sandy Loam,7.41,Low,Medium,Medium,936,26,2.47
Ranchi,Maize,Sandy Loam,6.92,Medium,Medium,High,1090,19,3.64
Ranchi,Pulses,Sandy Loam,6.95,Medium,Low,Low,916,20,1.58
Ranchi,Maize,Loamy,7.33,Medium,Low,High,1038,25,2.02
Ranchi,Rice,Clay Loam,5.92,High,Medium,High,1530,32,3.96
Ranchi,Rice,Clayey,5.65,Low,Low,Medium,1494,29,3.1
Ranchi,Wheat,Loamy,6.29,Low,High,Low,1215,21,2.34
Ranchi,Maize,Sandy Loam,6.43,Low,High,High,1055,27,2.23
Ranchi,Wheat,Loamy,6.32,Medium,High,Medium,1052,22,2.47
Ranchi,Pulses,Loamy,6.01,High,Medium,High,898,27,1.71
Ranchi,Rice,Loamy,6.97,Low,Low,Medium,1421,24,3.88
Ranchi,Pulses,Sandy Loam,6.55,Low,Low,High,1055,26,1.19
Ranchi,Wheat,Loamy,6.22,High,High,Medium,999,22,2.62
Ranchi,Maize,Sandy Loam,7.0,Low,Low,High,1118,24,3.6
Ranchi,Wheat,Clay Loam,6.49,Low,High,High,1236,19,2.07
Ranchi,Rice,Loamy,5.64,Low,High,Medium,1592,26,3.2
Ranchi,Wheat,Clay Loam,6.37,Medium,Low,Medium,1386,19,2.07
Ranchi,Rice,Clayey,5.61,Low,High,High,1283,25,4.34
Ranchi,Wheat,Loamy,7.35,High,Medium,High,1248,20,2.81
Ranchi,Rice,Clay Loam,6.02,Low,Low,Low,1379,28,2.57
Ranchi,Maize,Loamy,7.35,Low,High,Low,1184,24,2.47
Ranchi,Rice,Loamy,5.71,Low,High,High,1453,32,3.89
Ranchi,Pulses,Sandy Loam,6.85,Medium,High,Medium,936,25,1.06
Ranchi,Maize,Loamy,5.82,Low,High,Low,937,27,3.72
Ranchi,Rice,Clay Loam,5.62,Medium,Low,High,1302,27,3.78
Ranchi,Maize,Sandy Loam,6.16,High,Low,Low,1112,24,2.13
Ranchi,Maize,Loamy,5.87,High,High,High,1181,25,3.16
Ranchi,Wheat,Loamy,6.97,High,High,Medium,1343,21,2.15
Ranchi,Pulses,Sandy Loam,6.08,Medium,Low,Medium,889,22,1.49
Ranchi,Maize,Sandy Loam,6.22,High,Medium,Medium,944,20,2.59
Ranchi,Rice,Clayey,5.7,Low,Low,High,1347,31,4.27
Ranchi,Pulses,Sandy Loam,6.14,High,High,Low,907,28,1.35
Ranchi,Maize,Loamy,6.24,Low,Medium,Low,944,29,3.84
Ranchi,Pulses,Sandy Loam,7.27,Low,High,Low,836,20,1.03
Ranchi,Pulses,Sandy Loam,6.78,Medium,Medium,Medium,1006,24,1.69
Ranchi,Pulses,Sandy Loam,6.44,Low,High,Low,965,18,1.32
Ranchi,Wheat,Clay Loam,7.23,High,Medium,Low,1217,19,2.63
Ranchi,Pulses,Sandy Loam,6.32,Medium,Low,High,811,27,1.02
Ranchi,Wheat,Loamy,6.58,High,Low,Low,958,20,2.91
Ranchi,Wheat,Loamy,6.26,High,High,Low,1074,19,3.15
Ranchi,Wheat,Clay Loam,6.9,Low,High,Medium,1075,24,2.13
Ranchi,Wheat,Clay Loam,6.13,Medium,High,Medium,1026,21,2.73
Ranchi,Maize,Loamy,7.29,High,Low,Medium,908,24,2.28
Ranchi,Rice,Clayey,5.98,High,Medium,Medium,1520,30,2.99
Ranchi,Rice,Clayey,5.85,Medium,High,High,1266,28,3.1
Ranchi,Maize,Sandy Loam,5.9,Medium,High,Low,1169,27,3.99
Ranchi,Maize,Loamy,6.37,Medium,Low,Low,1102,25,3.31
Ranchi,Maize,Loamy,6.38,Medium,Low,Low,1057,28,2.36
Ranchi,Rice,Clay Loam,5.59,Low,Medium,Low,1287,32,2.84
Ranchi,Rice,Clayey,5.67,Medium,High,Low,1587,26,2.99
Ranchi,Rice,Clay Loam,6.87,High,Medium,Low,1304,32,3.16
Ranchi,Maize,Sandy Loam,6.03,High,High,High,1067,29,2.4
Ranchi,Maize,Loamy,6.93,High,Low,Medium,1017,19,3.83
Ranchi,Maize,Sandy Loam,6.06,Low,Medium,Medium,962,27,3.15
Ranchi,Rice,Clay Loam,6.64,Low,Low,Low,1518,32,3.89
Ranchi,Rice,Clayey,6.09,Low,Low,Medium,1578,30,2.96
Ranchi,Pulses,Sandy Loam,6.04,High,Medium,Medium,1084,26,1.25
Ranchi,Maize,Sandy Loam,6.95,Medium,High,Medium,995,21,3.97
Ranchi,Wheat,Loamy,6.98,High,High,Low,1302,21,3.26
Ranchi,Pulses,Loamy,6.06,High,Low,High,986,21,1.53
Ranchi,Rice,Clay Loam,6.05,Medium,Medium,Medium,1351,25,3.24
Ranchi,Wheat,Clay Loam,6.3,High,High,Medium,1084,20,2.03
Ranchi,Maize,Sandy Loam,7.17,High,High,Low,1047,26,3.86
Ranchi,Wheat,Loamy,6.56,Medium,Medium,Medium,1381,19,1.88
Ranchi,Wheat,Loamy,6.62,Low,Low,Medium,1397,25,3.36
Ranchi,Wheat,Clay Loam,7.14,Medium,Medium,Low,937,18,2.25
Ranchi,Rice,Clay Loam,6.44,High,High,Medium,1481,27,2.87
Ranchi,Wheat,Loamy,7.08,Low,Medium,Low,1137,25,2.55
Ranchi,Maize,Sandy Loam,7.29,Medium,Low,Low,1182,20,3.49
Ranchi,Pulses,Sandy Loam,6.68,Low,Medium,Low,1098,20,1.58
Ranchi,Wheat,Loamy,6.15,Low,High,Medium,1252,18,3.06
Ranchi,Maize,Sandy Loam,6.81,High,High,Medium,952,25,2.71
Ranchi,Maize,Sandy Loam,7.43,Low,High,Medium,1100,23,2.14
Ranchi,Wheat,Clay Loam,6.78,Medium,Low,High,1369,19,3.37
Ranchi,Pulses,Loamy,6.33,Medium,Low,Medium,989,23,1.41
Ranchi,Wheat,Clay Loam,7.47,Medium,Medium,Medium,1349,23,2.42
Ranchi,Maize,Sandy Loam,6.21,High,High,Low,1106,25,2.15
Ranchi,Wheat,Clay Loam,6.67,High,Medium,Low,986,23,3.33
Ranchi,Rice,Loamy,6.5,High,High,Low,1563,29,4.25
Ranchi,Maize,Loamy,6.21,Low,Medium,High,1189,28,3.86
Ranchi,Wheat,Loamy,6.87,Low,Low,High,1397,22,2.16
Ranchi,Maize,Loamy,6.36,High,High,High,1159,24,3.27
Ranchi,Wheat,Clay Loam,7.33,Low,High,Medium,1306,20,1.87
Ranchi,Rice,Clayey,6.05,Low,Low,Low,1579,31,2.66
Ranchi,Pulses,Sandy Loam,6.16,Medium,Low,High,1089,27,1.77
Ranchi,Maize,Loamy,6.38,Low,Medium,Medium,1138,21,3.37
Ranchi,Wheat,Clay Loam,7.15,Low,Medium,Medium,1355,18,2.39
Ranchi,Rice,Clayey,6.99,High,Medium,High,1506,26,3.63
Ranchi,Maize,Loamy,6.14,High,Medium,Medium,956,22,3.19
Ranchi,Rice,Clay Loam,6.33,High,High,High,1233,22,3.57
Ranchi,Rice,Clay Loam,6.96,High,High,Low,1493,23,3.66
Ranchi,Pulses,Sandy Loam,7.28,Medium,Low,Low,846,18,1.81
Ranchi,Maize,Sandy Loam,6.98,Medium,Medium,Medium,953,21,3.91
Ranchi,Maize,Loamy,7.21,High,High,Medium,1152,25,3.8
Ranchi,Wheat,Clay Loam,7.09,Low,Low,Medium,961,19,2.3
Ranchi,Maize,Sandy Loam,7.48,High,Low,Low,1185,22,2.78
Ranchi,Maize,Loamy,6.93,High,Medium,High,966,24,3.98
Ranchi,Rice,Clay Loam,5.72,Low,Low,Low,1358,26,2.55
Ranchi,Wheat,Clay Loam,6.39,High,Low,Medium,1020,20,3.16
Ranchi,Wheat,Loamy,6.15,High,Medium,Medium,1201,20,1.93
Ranchi,Rice,Clayey,6.79,Medium,High,Low,1528,24,2.63
Ranchi,Pulses,Loamy,6.68,Medium,Low,Medium,963,18,1.63
Ranchi,Maize,Sandy Loam,6.96,Low,High,Low,1058,25,3.94
Ranchi,Rice,Clayey,5.74,High,Low,High,1590,31,2.73
Ranchi,Maize,Loamy,7.36,Medium,Low,Medium,920,24,3.76
Ranchi,Rice,Loamy,6.06,Medium,Low,Medium,1573,31,3.92
Ranchi,Wheat,Clay Loam,7.31,Medium,Low,High,1170,22,2.41
Ranchi,Pulses,Sandy Loam,7.04,High,High,Medium,806,28,1.3
Ranchi,Maize,Loamy,6.3,Low,Low,Medium,1172,19,3.72
Ranchi,Maize,Loamy,6.05,High,Low,Low,968,19,3.21
Ranchi,Pulses,Sandy Loam,6.27,Low,Low,Low,909,18,1.11
Ranchi,Wheat,Clay Loam,6.55,Low,Medium,Medium,1332,21,3.32
Ranchi,Pulses,Loamy,7.35,High,Low,Low,953,19,1.17
Ranchi,Wheat,Clay Loam,6.6,High,Low,High,1036,23,1.89
Ranchi,Rice,Clayey,6.85,Medium,Low,Medium,1282,28,2.92
Ranchi,Maize,Loamy,6.55,Medium,Medium,Medium,954,18,2.26
Ranchi,Wheat,Loamy,7.1,Low,High,Low,1099,18,2.69
Ranchi,Pulses,Sandy Loam,6.07,Medium,Medium,Low,894,19,1.41
Ranchi,Wheat,Loamy,6.76,Medium,Low,Low,1259,23,2.37
Ranchi,Rice,Loamy,6.85,Low,Medium,Low,1233,23,2.95
Ranchi,Maize,Loamy,7.24,Low,Medium,High,941,18,3.45
Ranchi,Wheat,Clay Loam,6.93,Low,Medium,High,1397,21,2.18
Ranchi,Maize,Loamy,6.01,Low,High,Medium,1066,24,3.96
Ranchi,Rice,Clay Loam,6.04,Medium,Medium,Low,1334,28,3.3
Ranchi,Rice,Loamy,6.98,Medium,Low,High,1236,30,3.61
Ranchi,Wheat,Loamy,7.15,Medium,Medium,Medium,995,21,2.49
Ranchi,Maize,Sandy Loam,7.18,High,Low,Low,1062,20,2.15
Ranchi,Rice,Clay Loam,5.85,Low,Low,High,1423,23,3.88
Ranchi,Wheat,Clay Loam,7.48,High,Medium,Low,1280,25,3.3
Ranchi,Maize,Sandy Loam,7.46,High,High,Low,1150,18,3.46
Ranchi,Rice,Loamy,5.65,Medium,High,High,1364,32,3.08
Ranchi,Pulses,Sandy Loam,6.45,Medium,Medium,Low,897,19,1.97
Ranchi,Maize,Loamy,6.16,High,High,Low,1023,25,3.16
Ranchi,Pulses,Loamy,7.16,High,High,Medium,1026,28,1.24
Ranchi,Wheat,Clay Loam,6.31,Low,Medium,Low,1213,20,2.44
Ranchi,Wheat,Loamy,6.97,High,High,High,1265,24,1.83
Ranchi,Maize,Loamy,6.4,Low,Low,Medium,1116,29,2.62
Ranchi,Pulses,Loamy,6.21,High,High,High,1100,27,1.34
Ranchi,Rice,Clay Loam,6.68,Medium,Low,High,1491,27,3.34
Ranchi,Pulses,Sandy Loam,7.45,Low,Medium,High,1001,24,1.55
Ranchi,Wheat,Loamy,6.13,High,Medium,High,1388,19,2.7
Ranchi,Pulses,Loamy,7.41,Medium,High,High,997,22,1.23
Ranchi,Pulses,Sandy Loam,6.72,Low,Low,Low,985,21,1.28
Ranchi,Maize,Sandy Loam,6.07,Low,High,High,1031,21,3.78
Ranchi,Pulses,Sandy Loam,6.79,Medium,Medium,Low,959,25,1.18
Ranchi,Wheat,Clay Loam,7.07,Medium,High,High,1180,25,2.49
Ranchi,Wheat,Loamy,6.16,Low,Medium,Medium,1031,20,2.93
Ranchi,Wheat,Loamy,7.1,High,Low,Medium,1203,25,2.72
Ranchi,Pulses,Sandy Loam,6.14,Low,Medium,Low,834,27,1.37
Ranchi,Wheat,Clay Loam,7.19,Low,High,Low,1027,23,2.56
Ranchi,Pulses,Sandy Loam,6.22,Medium,High,High,868,27,1.74
Ranchi,Pulses,Loamy,6.02,High,Low,Medium,976,28,1.02
Ranchi,Maize,Loamy,6.22,Low,Low,Medium,1073,30,3.58
Ranchi,Pulses,Sandy Loam,7.49,Low,Medium,Low,807,28,1.58
Ranchi,Rice,Clayey,6.34,Low,Medium,High,1320,25,4.33
Ranchi,Wheat,Loamy,6.15,High,High,Low,957,20,2.89
Ranchi,Wheat,Clay Loam,6.62,Medium,Low,Medium,1304,25,1.96
Ranchi,Maize,Loamy,6.92,Low,Medium,Medium,1124,19,3.94
Ranchi,Maize,Sandy Loam,6.89,Medium,Low,Low,977,30,3.26
Ranchi,Rice,Loamy,6.62,High,Low,High,1517,23,3.15
Ranchi,Pulses,Loamy,7.07,Medium,Low,Medium,885,25,1.98
Ranchi,Rice,Clay Loam,5.97,High,Low,High,1583,27,2.6
Ranchi,Wheat,Loamy,6.35,High,Medium,Low,1317,19,2.8
Ranchi,Rice,Clayey,6.57,Low,Low,High,1553,26,2.75
Ranchi,Pulses,Sandy Loam,6.73,High,High,High,901,22,1.82
Ranchi,Rice,Loamy,6.95,Medium,High,Low,1438,28,2.95
Ranchi,Rice,Clayey,6.39,Low,Medium,Low,1596,28,4.46
Ranchi,Wheat,Clay Loam,6.97,Low,Medium,Low,1379,25,3.15
Ranchi,Pulses,Sandy Loam,6.37,High,Low,Low,973,27,1.6
Ranchi,Wheat,Loamy,6.64,High,Medium,Low,908,18,3.24
Ranchi,Rice,Clay Loam,6.19,High,Low,Medium,1334,25,4.36
Ranchi,Maize,Sandy Loam,7.12,Medium,Medium,High,1117,20,3.64
Ranchi,Pulses,Sandy Loam,6.21,Low,High,Medium,849,22,1.62
Ranchi,Pulses,Loamy,6.61,High,High,Medium,848,19,1.23
Ranchi,Wheat,Loamy,6.15,Low,Medium,Low,1295,20,2.31
Ranchi,Maize,Sandy Loam,6.93,Medium,Medium,Low,1017,22,2.67
Ranchi,Wheat,Clay Loam,7.14,Medium,Low,Low,902,18,1.72
Ranchi,Maize,Sandy Loam,7.12,Low,High,Low,1028,22,2.53
Ranchi,Maize,Sandy Loam,7.05,Medium,High,High,995,20,3.78
Ranchi,Maize,Sandy Loam,5.87,Medium,High,High,1010,29,3.61
Ranchi,Wheat,Clay Loam,6.08,High,Low,Medium,1365,23,3.33
Ranchi,Pulses,Loamy,7.15,Low,Medium,High,1051,23,1.39
Ranchi,Rice,Clay Loam,6.12,Medium,Medium,Low,1561,27,3.11
Ranchi,Pulses,Sandy Loam,6.28,High,Medium,Low,1002,21,1.36
Ranchi,Pulses,Loamy,7.39,High,Medium,High,973,18,1.76
Ranchi,Rice,Clay Loam,6.32,Low,Low,Low,1367,23,3.12
Ranchi,Wheat,Clay Loam,6.31,Medium,Low,Low,1340,21,2.58
Ranchi,Wheat,Clay Loam,6.68,High,High,Low,1084,21,1.98
Ranchi,Pulses,Sandy Loam,6.1,High,Low,Medium,939,20,1.01
Ranchi,Pulses,Loamy,6.51,High,Medium,Low,835,18,1.3
Ranchi,Maize,Loamy,7.22,Medium,High,High,1087,28,3.06
Ranchi,Maize,Loamy,5.8,High,Low,High,1153,28,2.69
Ranchi,Wheat,Loamy,6.58,Low,Medium,Medium,1001,24,1.92
Ranchi,Rice,Clayey,5.79,Low,Medium,Low,1563,22,3.74
Ranchi,Wheat,Clay Loam,7.3,High,Low,Low,1241,22,2.85
Ranchi,Maize,Sandy Loam,6.52,High,Medium,High,1075,18,2.38
Ranchi,Rice,Loamy,5.79,Low,Low,Low,1300,32,2.55
Ranchi,Rice,Loamy,6.29,Low,Medium,Low,1483,32,3.03
Ranchi,Maize,Sandy Loam,6.25,High,Medium,High,1028,18,3.94
Ranchi,Rice,Loamy,6.59,High,Medium,High,1520,29,3.14
Ranchi,Rice,Loamy,6.67,Medium,Medium,High,1580,25,3.64
Ranchi,Wheat,Loamy,6.06,High,Low,Low,1098,25,1.79
Ranchi,Maize,Loamy,5.87,Medium,High,Low,1051,27,2.18
Ranchi,Rice,Loamy,6.2,Medium,High,Low,1291,27,4.05
Ranchi,Maize,Loamy,6.4,Medium,Medium,Medium,1159,20,2.65
Ranchi,Wheat,Loamy,6.1,Low,High,Medium,959,21,2.55
Ranchi,Rice,Clay Loam,5.56,High,High,Medium,1470,27,4.3
Ranchi,Rice,Loamy,6.77,High,High,Medium,1397,23,2.99
Ranchi,Pulses,Loamy,7.17,Medium,High,Medium,1026,28,1.19
Ranchi,Rice,Loamy,5.89,High,High,Medium,1287,29,3.71
Ranchi,Maize,Sandy Loam,6.48,High,Medium,High,1126,22,2.91
Ranchi,Rice,Clayey,6.92,Medium,Medium,Low,1463,25,3.0
Ranchi,Pulses,Sandy Loam,6.29,Medium,High,Low,974,25,1.35
Ranchi,Rice,Loamy,6.85,Low,Low,Medium,1375,24,2.71
Ranchi,Maize,Sandy Loam,7.28,Low,Medium,Medium,1178,25,2.7
Ranchi,Wheat,Loamy,7.08,High,Low,High,1127,25,3.22
Ranchi,Maize,Loamy,6.36,Low,High,High,1114,27,3.64
Ranchi,Pulses,Sandy Loam,6.54,Medium,Medium,High,1070,26,1.05
Ranchi,Maize,Sandy Loam,6.88,Low,Low,High,1069,20,3.72
Ranchi,Maize,Sandy Loam,6.4,High,Low,High,1018,20,2.6
Ranchi,Maize,Loamy,7.06,High,High,Low,1189,29,2.87
Ranchi,Maize,Loamy,6.49,High,High,Low,990,24,2.96
Ranchi,Wheat,Loamy,7.14,Medium,High,Medium,1215,18,2.3
Ranchi,Rice,Clay Loam,5.84,Low,Medium,High,1300,31,2.67
Ranchi,Wheat,Clay Loam,6.7,High,Low,Low,1037,18,2.9
Ranchi,Wheat,Loamy,6.04,Low,Medium,Low,1338,20,2.51
Ranchi,Maize,Sandy Loam,7.08,Low,Medium,Medium,1088,19,3.44
Ranchi,Wheat,Loamy,7.4,High,Low,High,937,23,1.92
Ranchi,Wheat,Loamy,7.4,Medium,Medium,Medium,1004,18,2.92
Ranchi,Wheat,Clay Loam,7.36,High,Medium,Medium,1292,18,3.14
Ranchi,Pulses,Loamy,7.11,Medium,Low,Low,1040,27,1.63
Ranchi,Wheat,Clay Loam,6.12,High,Medium,Low,1344,25,2.97
Ranchi,Pulses,Loamy,7.44,Low,Medium,Low,816,20,1.21
Ranchi,Wheat,Clay Loam,6.75,Medium,Low,High,922,19,3.0
Ranchi,Pulses,Loamy,6.75,Medium,Low,Low,928,26,1.5
Ranchi,Wheat,Clay Loam,7.17,High,Low,High,1378,23,2.57
Ranchi,Maize,Sandy Loam,6.18,Medium,Medium,High,1157,22,2.14
Ranchi,Rice,Loamy,6.9,Low,Low,Low,1266,28,3.42
Ranchi,Wheat,Loamy,7.28,Medium,High,Low,1178,23,1.73
Ranchi,Wheat,Clay Loam,6.02,Medium,Medium,Medium,1055,24,1.81
Ranchi,Wheat,Clay Loam,7.3,Low,Low,High,1368,19,2.23
Ranchi,Rice,Clayey,6.75,Low,Medium,Low,1232,26,3.32
Ranchi,Wheat,Loamy,6.5,Low,High,Low,1174,18,2.61
Ranchi,Maize,Sandy Loam,6.05,High,High,Low,1137,26,3.08
Ranchi,Wheat,Clay Loam,7.02,Low,High,Low,1160,21,2.36
Ranchi,Rice,Loamy,5.55,High,Medium,Medium,1547,28,3.32
Ranchi,Wheat,Loamy,6.44,Medium,Low,Medium,1197,21,3.25
Ranchi,Rice,Clay Loam,6.95,High,Low,Low,1209,32,4.14
Ranchi,Maize,Loamy,7.35,Medium,Low,High,1106,22,3.56
Ranchi,Wheat,Clay Loam,7.3,Medium,High,Low,1240,23,3.03
Ranchi,Rice,Clay Loam,5.74,Medium,High,Medium,1405,28,4.4
Ranchi,Maize,Sandy Loam,6.03,High,Medium,Low,1048,25,2.49
Ranchi,Wheat,Loamy,6.21,Medium,Low,Medium,1157,20,3.1
Ranchi,Wheat,Loamy,7.01,Low,Medium,High,970,22,2.29
Ranchi,Pulses,Sandy Loam,6.14,Medium,High,Low,1016,24,1.92
Ranchi,Wheat,Clay Loam,6.96,High,Low,Low,946,24,2.42
Ranchi,Rice,Clayey,6.32,Medium,Low,Low,1327,27,3.53
Ranchi,Rice,Loamy,6.53,Medium,Low,High,1348,27,3.12
Ranchi,Pulses,Loamy,6.51,High,Low,Medium,1028,22,1.83
Ranchi,Pulses,Sandy Loam,6.56,Medium,Low,Low,834,18,1.78
Ranchi,Wheat,Loamy,6.84,Low,Low,High,1223,24,2.86
Ranchi,Rice,Clay Loam,6.95,Low,Medium,Medium,1545,22,3.62
Ranchi,Wheat,Loamy,6.11,High,Low,Low,1104,23,3.12
Ranchi,Rice,Loamy,6.73,Medium,Low,Low,1533,32,2.79
Ranchi,Rice,Clayey,6.08,Low,Low,Medium,1577,24,2.75
Ranchi,Pulses,Sandy Loam,7.42,Low,High,Low,875,22,1.48
Ranchi,Pulses,Sandy Loam,6.52,Medium,Low,Medium,812,26,1.63
Ranchi,Pulses,Sandy Loam,6.36,Low,Medium,Medium,950,20,1.46
Ranchi,Maize,Loamy,5.81,Medium,Medium,High,1096,29,2.56
Ranchi,Wheat,Clay Loam,7.24,High,High,High,1063,23,1.71
Ranchi,Wheat,Clay Loam,7.25,Medium,Low,Medium,917,25,2.56
Ranchi,Maize,Loamy,6.14,Low,Medium,Low,1148,26,2.24
Ranchi,Wheat,Clay Loam,6.9,High,Medium,Low,1354,21,2.6
Ranchi,Pulses,Loamy,7.29,Medium,Low,Medium,952,20,1.3
Ranchi,Maize,Loamy,7.26,High,Low,High,1061,29,3.55
Ranchi,Rice,Loamy,5.87,Low,Low,High,1228,23,4.26
Ranchi,Pulses,Loamy,6.78,Low,High,Low,1014,21,1.99
Ranchi,Rice,Clay Loam,5.72,High,Low,Medium,1330,31,2.85
Ranchi,Maize,Sandy Loam,6.49,High,High,Low,1049,21,3.39
Ranchi,Maize,Loamy,6.57,Medium,High,Medium,1012,29,2.02
Ranchi,Rice,Clayey,6.0,High,Low,High,1557,25,3.86
Ranchi,Pulses,Sandy Loam,7.48,Low,High,High,932,27,1.35
Ranchi,Maize,Sandy Loam,7.11,Low,Low,Medium,957,21,3.09
Ranchi,Pulses,Sandy Loam,7.3,Low,Medium,High,858,21,1.7
Ranchi,Wheat,Loamy,6.23,Medium,Medium,Low,1198,20,2.17
Ranchi,Pulses,Loamy,6.26,High,Medium,High,1014,20,1.21
Ranchi,Rice,Clay Loam,5.6,Medium,Low,High,1533,24,3.96
Ranchi,Rice,Clayey,6.54,Medium,High,Medium,1574,28,3.88
Ranchi,Wheat,Clay Loam,6.7,High,Low,Low,1092,24,1.79
Ranchi,Maize,Loamy,6.95,Medium,Low,Low,1133,21,2.57
Ranchi,Wheat,Clay Loam,6.73,High,High,Medium,940,23,1.95
Ranchi,Rice,Clayey,5.84,Low,High,High,1555,22,3.57
Ranchi,Pulses,Loamy,6.46,Low,Low,Medium,1005,22,1.72
Ranchi,Rice,Clay Loam,6.98,High,Medium,Medium,1267,29,3.44
Ranchi,Maize,Loamy,6.88,Medium,High,Medium,1185,22,3.93
Ranchi,Pulses,Sandy Loam,6.9,Low,High,Medium,1065,21,1.61
Ranchi,Rice,Clayey,6.05,Medium,High,High,1434,29,3.6
Ranchi,Maize,Loamy,7.19,High,High,High,1107,22,2.69
Ranchi,Maize,Sandy Loam,5.9,Medium,Low,High,940,21,2.55
Ranchi,Wheat,Clay Loam,6.24,High,Medium,Low,1054,25,2.18
Ranchi,Maize,Sandy Loam,7.13,Medium,Medium,Medium,957,23,2.42
Ranchi,Maize,Sandy Loam,5.86,Low,Medium,High,1159,30,2.99
Ranchi,Wheat,Loamy,6.88,Low,High,Low,1106,24,1.83
Ranchi,Wheat,Loamy,6.51,Low,Low,High,1255,23,1.82
Ranchi,Wheat,Clay Loam,6.76,High,Low,High,1388,20,2.45
Ranchi,Rice,Clay Loam,6.85,High,Medium,Medium,1298,29,2.77
Ranchi,Wheat,Loamy,6.21,High,Low,Low,942,19,3.06
Ranchi,Rice,Loamy,6.85,Medium,Low,High,1211,22,2.73
Ranchi,Maize,Sandy Loam,6.53,Low,Medium,Low,1200,20,2.21
Ranchi,Pulses,Sandy Loam,6.24,High,Low,Medium,830,26,1.64
Ranchi,Pulses,Loamy,7.21,Low,High,Low,1011,24,1.39
Ranchi,Rice,Clayey,5.59,Low,Medium,High,1240,31,4.33
Ranchi,Rice,Clay Loam,6.66,High,Medium,Low,1526,23,2.87
Ranchi,Maize,Loamy,7.44,Medium,Medium,Medium,1199,25,3.8
Ranchi,Wheat,Loamy,6.12,High,Low,Medium,1328,19,2.49
Ranchi,Maize,Sandy Loam,6.3,High,High,High,1014,23,3.13
Ranchi,Pulses,Loamy,6.23,High,Low,Medium,875,27,1.59
Ranchi,Pulses,Loamy,6.64,Medium,Medium,High,999,24,1.7
Ranchi,Rice,Clay Loam,6.19,High,Medium,Medium,1438,26,4.17
Ranchi,Rice,Clayey,6.69,Low,Low,Medium,1356,31,3.75
Ranchi,Wheat,Clay Loam,7.48,Medium,Low,High,1026,23,2.83
Ranchi,Maize,Sandy Loam,6.85,Medium,Medium,High,1041,26,3.78
Ranchi,Wheat,Clay Loam,6.29,Low,High,Low,905,23,2.91
Ranchi,Wheat,Clay Loam,6.34,Low,High,High,948,24,3.06
Ranchi,Maize,Loamy,5.92,High,Medium,High,1039,19,2.72
Ranchi,Maize,Loamy,6.64,Low,Low,Medium,1036,22,2.45
Ranchi,Wheat,Clay Loam,6.58,Low,Low,Low,1356,18,2.78
Ranchi,Maize,Loamy,5.83,Low,Low,Medium,1015,26,2.44
Ranchi,Pulses,Sandy Loam,6.62,High,High,Medium,1056,21,1.4
Ranchi,Wheat,Loamy,7.42,Medium,Low,High,1204,21,3.09
Ranchi,Rice,Clay Loam,6.95,Low,Low,Low,1495,31,4.04
Ranchi,Rice,Clayey,6.82,High,Medium,Low,1255,29,2.97
Ranchi,Pulses,Sandy Loam,6.15,Low,High,High,1002,22,1.87
Ranchi,Wheat,Loamy,6.7,Medium,Medium,High,1035,23,1.72
Ranchi,Pulses,Sandy Loam,6.03,Medium,High,High,1029,20,1.23
Ranchi,Rice,Clayey,6.78,High,High,Medium,1451,24,3.92
Ranchi,Rice,Loamy,6.58,Low,Low,Medium,1531,32,4.01
Ranchi,Rice,Loamy,5.81,High,High,High,1559,26,3.32
Ranchi,Pulses,Loamy,6.31,Low,Medium,High,1006,27,1.91
Ranchi,Pulses,Loamy,7.46,Medium,Low,High,1063,23,1.63
Ranchi,Pulses,Loamy,6.77,Medium,Medium,High,850,26,1.25
Ranchi,Rice,Clay Loam,5.76,High,Medium,Medium,1360,32,2.61
Ranchi,Maize,Loamy,6.38,Low,Low,High,1076,22,2.33
Ranchi,Rice,Clay Loam,5.71,High,Low,High,1470,28,3.63
Ranchi,Wheat,Loamy,6.29,Low,Medium,Medium,1091,24,2.87
Ranchi,Pulses,Loamy,6.29,Low,Medium,Medium,955,27,1.81
Ranchi,Rice,Clayey,6.88,Medium,High,High,1230,27,3.65
Ranchi,Wheat,Loamy,6.69,High,Low,Medium,1056,24,2.01
Ranchi,Pulses,Loamy,6.87,High,High,Low,1078,20,1.67
Ranchi,Maize,Loamy,6.35,Medium,High,High,1009,30,2.98
Ranchi,Wheat,Loamy,7.47,High,Medium,Low,900,23,2.68
Ranchi,Rice,Clay Loam,6.59,High,High,Medium,1434,28,3.96
Ranchi,Maize,Loamy,6.16,Medium,Low,High,1179,25,2.08
Ranchi,Maize,Sandy Loam,6.18,High,High,High,1186,21,2.34
Ranchi,Pulses,Sandy Loam,7.35,Medium,Medium,Medium,1071,23,1.47
Ranchi,Rice,Clay Loam,5.91,High,Low,High,1462,23,4.14
Ranchi,Pulses,Sandy Loam,7.4,High,Medium,Low,873,24,1.12
Ranchi,Maize,Sandy Loam,6.92,Medium,High,Medium,905,19,3.27
Ranchi,Pulses,Loamy,6.07,High,Medium,High,910,28,1.13
Ranchi,Maize,Sandy Loam,7.24,Low,Medium,High,1050,18,3.27
Ranchi,Maize,Sandy Loam,5.96,High,Medium,Low,1017,21,3.41
Ranchi,Wheat,Loamy,7.23,High,High,Low,1260,23,3.11
Ranchi,Pulses,Sandy Loam,6.05,High,High,Low,960,18,1.74
Ranchi,Rice,Clayey,6.11,Low,Medium,High,1466,30,2.6
Ranchi,Pulses,Sandy Loam,7.46,Medium,High,Low,1041,28,1.47
Ranchi,Pulses,Loamy,7.22,Medium,Low,Medium,850,28,1.9
Ranchi,Wheat,Clay Loam,7.02,High,Medium,Low,910,18,1.95
Ranchi,Maize,Loamy,6.8,Low,Low,High,1036,21,2.91
Ranchi,Maize,Loamy,6.13,Low,Low,Low,1034,20,2.85
Ranchi,Rice,Clayey,6.6,Low,Low,High,1448,30,4.37
Ranchi,Wheat,Clay Loam,7.03,Low,High,Low,1211,23,2.2
Ranchi,Wheat,Clay Loam,7.43,Medium,Low,High,946,21,2.91
Ranchi,Pulses,Loamy,6.46,High,Low,Low,1064,26,1.89
Ranchi,Rice,Clayey,6.52,Medium,High,High,1507,23,4.14
Ranchi,Pulses,Loamy,7.07,High,Medium,Low,873,22,1.97
Ranchi,Rice,Clay Loam,6.15,Medium,Low,High,1256,32,4.2
Ranchi,Rice,Clayey,5.86,Low,Low,High,1369,22,2.59
Ranchi,Rice,Clayey,5.51,Medium,High,High,1297,27,2.58
Ranchi,Wheat,Clay Loam,6.23,High,Medium,High,1135,22,1.91
Ranchi,Rice,Clay Loam,5.54,Low,Low,Medium,1335,31,4.01
Ranchi,Maize,Loamy,5.9,Low,High,Low,1187,19,3.75
Ranchi,Rice,Clayey,7.0,Medium,High,Low,1413,31,3.98
Ranchi,Pulses,Loamy,7.44,Medium,High,Medium,1085,28,1.42
Ranchi,Maize,Sandy Loam,7.28,High,High,Low,1114,24,3.48
Ranchi,Wheat,Loamy,6.32,Medium,High,Medium,1367,21,3.16
Ranchi,Rice,Clay Loam,5.56,Medium,Low,High,1235,30,3.87
Ranchi,Pulses,Loamy,7.16,Medium,Low,Low,938,25,1.68
Ranchi,Maize,Sandy Loam,7.13,Low,Low,Medium,903,23,3.15
Ranchi,Maize,Loamy,6.18,Medium,Low,Medium,924,23,2.18
Ranchi,Pulses,Loamy,6.95,High,Low,Medium,902,27,1.84
Ranchi,Wheat,Clay Loam,6.26,High,Medium,Medium,1175,18,2.12
Ranchi,Maize,Sandy Loam,6.31,High,High,High,1197,25,2.99
Ranchi,Maize,Loamy,6.41,High,Low,High,1031,19,2.66
Ranchi,Pulses,Sandy Loam,7.39,High,Medium,Medium,1091,22,1.05
Ranchi,Pulses,Loamy,6.38,High,Low,High,1034,23,1.79
Ranchi,Wheat,Loamy,6.69,Medium,Low,High,1105,25,2.33
Ranchi,Pulses,Loamy,6.8,Medium,Low,High,1001,21,1.1
Ranchi,Wheat,Loamy,6.84,Low,Low,Low,1215,24,1.96
Ranchi,Rice,Clay Loam,6.46,Low,Medium,Medium,1228,30,2.91
Ranchi,Maize,Loamy,5.96,Medium,Medium,Medium,1126,24,2.14
Ranchi,Maize,Loamy,6.02,Low,Medium,Low,1184,30,3.85
Ranchi,Rice,Loamy,5.63,High,Low,High,1545,24,4.35
Ranchi,Maize,Sandy Loam,5.87,Medium,Low,High,1200,23,3.61
Ranchi,Wheat,Clay Loam,7.06,Low,Low,Medium,1056,22,3.37
Ranchi,Pulses,Sandy Loam,7.17,Low,High,Low,1008,24,1.18
Ranchi,Rice,Clayey,6.33,High,Medium,Medium,1389,26,3.75
Ranchi,Wheat,Clay Loam,6.7,Low,High,Medium,1326,18,3.38
Ranchi,Rice,Loamy,6.39,Medium,Medium,Low,1426,32,3.26
Ranchi,Pulses,Loamy,6.2,Medium,Medium,Medium,1005,28,1.04
Ranchi,Wheat,Loamy,7.31,Medium,Low,Medium,1039,21,1.97
Ranchi,Maize,Loamy,6.53,High,Medium,Low,1081,23,3.65
Ranchi,Maize,Sandy Loam,6.78,High,Low,Low,1081,27,3.09
Ranchi,Rice,Clayey,5.87,Medium,High,High,1342,30,3.95
Ranchi,Pulses,Sandy Loam,6.86,High,High,Low,1065,23,1.73
Ranchi,Maize,Loamy,6.92,High,High,Medium,967,22,3.29
Ranchi,Wheat,Loamy,6.27,Medium,Medium,Low,1383,18,3.12
Ranchi,Pulses,Sandy Loam,6.37,Medium,Medium,High,1100,23,1.15
Ranchi,Rice,Loamy,6.15,Medium,Medium,High,1286,23,4.21
Ranchi,Pulses,Sandy Loam,6.26,High,Medium,Medium,844,28,1.36
Ranchi,Pulses,Sandy Loam,6.72,Low,Low,High,1086,19,1.05
Ranchi,Pulses,Loamy,6.62,High,Low,Low,1099,20,1.04
Ranchi,Maize,Sandy Loam,6.09,Low,High,Low,1102,19,2.24
Ranchi,Rice,Clay Loam,5.7,High,Low,Medium,1509,28,3.85
Ranchi,Rice,Clay Loam,6.48,High,Low,Low,1330,26,2.7
Ranchi,Wheat,Loamy,6.03,High,Low,Medium,1381,20,3.05
Ranchi,Pulses,Sandy Loam,6.94,Low,Low,Low,1079,23,1.34
Ranchi,Pulses,Loamy,6.49,Medium,Medium,Medium,973,21,1.62
Ranchi,Pulses,Loamy,6.52,High,High,High,1006,27,1.68
Ranchi,Pulses,Sandy Loam,6.99,High,Medium,Medium,1000,20,1.26
Ranchi,Pulses,Loamy,6.67,Medium,Medium,Low,987,24,1.78
Ranchi,Rice,Loamy,6.09,Low,Medium,Low,1338,27,3.01
Ranchi,Pulses,Sandy Loam,6.8,Medium,High,High,877,21,1.83
Ranchi,Pulses,Sandy Loam,6.46,High,Low,High,836,20,1.64
Ranchi,Maize,Sandy Loam,6.43,High,High,Low,1093,20,2.77
Ranchi,Maize,Loamy,6.9,Low,High,High,1030,22,3.0
Ranchi,Maize,Loamy,6.55,High,Medium,Low,1177,23,2.36
Ranchi,Wheat,Loamy,6.04,Low,Low,Low,1031,20,3.18
Ranchi,Maize,Loamy,6.99,High,High,Medium,934,30,2.5
Ranchi,Pulses,Sandy Loam,6.28,High,Low,High,966,18,1.98
Ranchi,Pulses,Loamy,6.41,High,High,High,834,20,1.17
Ranchi,Maize,Sandy Loam,6.11,Medium,Low,High,924,20,2.67
Ranchi,Maize,Sandy Loam,7.1,Low,High,High,1046,27,3.05
Ranchi,Wheat,Loamy,6.88,Medium,Low,Low,1394,21,3.16
Ranchi,Maize,Sandy Loam,6.85,Low,Medium,High,944,28,3.62
Ranchi,Wheat,Clay Loam,6.52,Medium,High,Medium,1086,23,1.83
Ranchi,Pulses,Sandy Loam,6.29,Medium,High,Low,805,28,1.26
Ranchi,Wheat,Clay Loam,7.28,Medium,Low,High,1335,24,2.01
Ranchi,Rice,Clayey,6.37,Medium,Low,Medium,1215,28,4.0
Ranchi,Rice,Clayey,6.23,Medium,Medium,High,1463,24,3.32
Ranchi,Wheat,Clay Loam,6.98,Medium,High,Low,902,18,3.13
Ranchi,Wheat,Clay Loam,6.82,Low,High,Medium,955,21,1.8
Ranchi,Rice,Clayey,5.57,Medium,Medium,Medium,1238,27,3.2
Ranchi,Rice,Loamy,6.88,High,High,High,1217,24,2.71
Ranchi,Wheat,Loamy,6.25,Medium,High,Medium,910,24,2.69
Ranchi,Pulses,Loamy,6.2,Medium,Low,Medium,1039,28,1.88
Ranchi,Maize,Sandy Loam,6.75,Medium,Medium,Low,1109,20,2.81
Ranchi,Pulses,Loamy,7.16,High,Low,Medium,1093,21,1.98
Ranchi,Rice,Clay Loam,5.83,High,Medium,High,1488,23,4.23
Ranchi,Pulses,Loamy,6.66,High,Low,Medium,955,25,1.73
Ranchi,Pulses,Sandy Loam,6.89,High,Low,High,1015,20,1.89
Ranchi,Wheat,Loamy,6.89,Low,Low,Medium,1373,23,2.78
Ranchi,Wheat,Clay Loam,6.6,Medium,Low,Medium,1032,22,2.16
Ranchi,Rice,Loamy,6.34,Medium,Low,High,1504,31,3.49
Ranchi,Rice,Loamy,5.54,High,High,Low,1449,30,3.18
Ranchi,Pulses,Loamy,7.35,Low,Low,Medium,918,26,1.29
Ranchi,Pulses,Sandy Loam,6.51,Medium,Low,Low,804,24,1.34
Ranchi,Maize,Sandy Loam,7.21,High,Medium,High,1041,21,2.46
Ranchi,Pulses,Loamy,6.58,Low,Low,Medium,1017,28,1.16
Ranchi,Rice,Clay Loam,6.14,Low,Low,Low,1359,22,3.21
Ranchi,Wheat,Loamy,6.75,Medium,Low,Low,1211,23,2.5
Ranchi,Wheat,Clay Loam,6.22,Low,High,Low,1369,25,2.2
Ranchi,Maize,Sandy Loam,5.92,High,Medium,High,1189,22,2.22
Ranchi,Wheat,Clay Loam,6.57,Medium,Low,Low,1373,20,2.89
Ranchi,Pulses,Loamy,7.37,Medium,Low,Low,969,18,1.04
Ranchi,Maize,Loamy,7.44,Medium,Low,Medium,1095,24,3.22
Ranchi,Wheat,Loamy,6.68,Medium,High,Medium,1093,25,3.05
Ranchi,Maize,Loamy,7.23,High,Low,Low,1166,24,3.31
Ranchi,Maize,Loamy,6.04,Medium,Low,Low,1095,21,2.98
Ranchi,Rice,Clayey,6.66,Medium,Low,Medium,1200,32,2.82
Ranchi,Pulses,Sandy Loam,7.15,Low,Medium,Low,917,19,1.88
Ranchi,Maize,Sandy Loam,7.15,Low,Low,High,953,18,2.58
Ranchi,Maize,Loamy,7.35,High,High,Medium,1034,23,3.75
Ranchi,Wheat,Clay Loam,7.25,Low,Medium,High,1394,25,2.04
Ranchi,Maize,Sandy Loam,6.33,High,Low,Medium,1027,19,2.95
Ranchi,Wheat,Loamy,6.34,Low,High,High,1239,18,2.34
Ranchi,Wheat,Clay Loam,6.95,Medium,Medium,Medium,1339,24,2.82
Ranchi,Wheat,Clay Loam,7.4,High,High,High,1362,22,2.87
Ranchi,Rice,Loamy,6.83,High,High,High,1438,22,4.47
Ranchi,Wheat,Loamy,6.96,Medium,Medium,High,900,19,2.57
Ranchi,Pulses,Sandy Loam,6.76,Medium,Medium,Medium,990,19,1.01
Ranchi,Pulses,Sandy Loam,6.83,Low,Low,Low,1027,27,1.41
Ranchi,Pulses,Sandy Loam,7.1,Low,Low,High,1017,18,1.34
Ranchi,Pulses,Loamy,6.36,High,High,Medium,1096,27,1.83
Ranchi,Wheat,Loamy,6.2,Medium,High,Medium,1066,19,1.88
Ranchi,Maize,Sandy Loam,7.03,Low,Low,High,987,26,3.95
Ranchi,Maize,Loamy,6.71,Low,Low,Low,907,30,3.65
Ranchi,Pulses,Loamy,6.22,Medium,Low,High,890,18,1.18
Ranchi,Maize,Loamy,6.67,High,Low,Low,945,30,3.93
Ranchi,Pulses,Sandy Loam,6.87,High,Medium,Medium,814,28,1.76
Ranchi,Pulses,Loamy,7.49,Medium,High,Medium,1078,26,1.42
Ranchi,Rice,Clay Loam,6.75,Medium,High,High,1467,27,3.8
Ranchi,Wheat,Clay Loam,7.37,Low,Medium,Low,988,24,2.76
Ranchi,Maize,Loamy,7.34,High,High,Low,1147,25,3.89
Ranchi,Rice,Clay Loam,6.25,Medium,Low,Medium,1360,26,4.46
Ranchi,Wheat,Loamy,6.34,Medium,Medium,High,1083,23,1.9
Ranchi,Maize,Loamy,6.63,Low,Low,Low,1012,18,2.93
Ranchi,Wheat,Clay Loam,7.27,Medium,High,Medium,1230,25,3.33
Ranchi,Wheat,Clay Loam,6.68,Medium,Low,Medium,988,23,3.31
Ranchi,Rice,Clay Loam,5.96,Low,Medium,High,1327,28,3.08
Ranchi,Maize,Sandy Loam,6.8,Medium,Low,Medium,1145,21,3.14
Ranchi,Rice,Clay Loam,6.95,Medium,Low,Low,1347,22,2.55
Ranchi,Rice,Clayey,6.78,High,High,High,1304,32,4.44
Ranchi,Rice,Clayey,6.79,High,Low,High,1360,30,3.78
Ranchi,Pulses,Sandy Loam,6.67,Medium,High,High,893,24,1.05
Ranchi,Rice,Loamy,6.06,Medium,High,Low,1525,28,2.91
Ranchi,Rice,Loamy,6.66,Low,Low,High,1360,29,2.64
Ranchi,Pulses,Sandy Loam,7.16,High,Low,High,996,19,1.76
Ranchi,Rice,Clayey,6.24,Low,Medium,Medium,1457,29,4.32
Ranchi,Wheat,Clay Loam,6.12,Low,Low,Low,1264,21,3.38
Ranchi,Maize,Loamy,6.13,Low,Low,Low,1165,23,2.7
Ranchi,Wheat,Clay Loam,6.9,High,Low,Low,1263,21,2.24
Ranchi,Rice,Loamy,6.5,High,Low,High,1315,30,3.93
Ranchi,Wheat,Clay Loam,7.46,Medium,Medium,High,1010,18,2.43
Ranchi,Rice,Clay Loam,6.44,High,High,High,1294,28,2.65
Ranchi,Rice,Loamy,5.96,High,Low,High,1351,28,3.6
Ranchi,Maize,Loamy,7.01,Medium,Low,Medium,1162,28,3.96
Ranchi,Maize,Sandy Loam,5.99,Low,Low,High,1093,22,2.49
Ranchi,Rice,Clay Loam,6.02,Medium,Low,Low,1346,28,3.66
Ranchi,Wheat,Loamy,6.35,Low,Low,Medium,1181,19,2.18
Ranchi,Pulses,Sandy Loam,6.58,High,Low,Medium,817,20,1.93
Ranchi,Pulses,Sandy Loam,6.94,Low,High,High,1098,26,1.82
Ranchi,Maize,Sandy Loam,7.5,Low,Low,Low,939,19,3.68
Ranchi,Rice,Clayey,5.91,Medium,Low,Medium,1401,28,2.71
Ranchi,Wheat,Loamy,7.49,Medium,Medium,High,1395,20,2.08
Ranchi,Rice,Loamy,5.9,Medium,Medium,High,1540,32,3.21
Ranchi,Wheat,Clay Loam,6.03,High,Medium,Medium,937,19,2.28
Ranchi,Wheat,Loamy,7.4,Medium,Low,Low,973,23,2.21
Ranchi,Pulses,Loamy,7.38,Medium,High,Medium,920,21,1.76
Ranchi,Pulses,Sandy Loam,6.7,High,Low,Medium,846,24,1.35
Ranchi,Maize,Sandy Loam,6.05,Low,High,Low,934,30,2.82
Ranchi,Maize,Loamy,7.0,High,Low,High,1000,21,3.87
Ranchi,Maize,Sandy Loam,6.71,Medium,Medium,Low,1020,21,2.6
Ranchi,Pulses,Sandy Loam,7.07,High,Medium,Low,801,18,1.12
Ranchi,Maize,Sandy Loam,7.1,High,Medium,Medium,1111,22,3.23
Ranchi,Pulses,Loamy,6.67,Low,Low,Medium,1060,18,1.22
Ranchi,Wheat,Loamy,7.1,Low,Low,Low,1051,24,2.54
Ranchi,Maize,Loamy,6.32,Low,Medium,Medium,1088,24,3.87
Ranchi,Rice,Clayey,6.53,Medium,Low,Low,1251,28,2.7
Ranchi,Maize,Loamy,7.21,Low,High,Medium,988,26,2.83
Ranchi,Maize,Sandy Loam,5.87,Low,Low,Medium,1003,26,2.36
Ranchi,Rice,Clayey,6.2,High,Medium,Medium,1538,27,3.05
Ranchi,Wheat,Loamy,6.19,Medium,Medium,Low,1266,19,2.32
Ranchi,Maize,Loamy,6.66,High,Medium,Low,979,19,3.15
Ranchi,Rice,Clayey,6.52,Medium,Low,Low,1243,30,3.8
Ranchi,Pulses,Sandy Loam,6.18,High,Low,High,1065,28,1.33
Ranchi,Maize,Sandy Loam,6.82,High,High,High,1075,25,3.96
Ranchi,Maize,Sandy Loam,6.04,High,Low,High,1094,26,3.96
Ranchi,Maize,Sandy Loam,6.79,Medium,Low,Medium,1198,19,2.66
Ranchi,Maize,Loamy,6.45,High,Medium,High,1162,25,3.23
Ranchi,Maize,Sandy Loam,6.11,Medium,Medium,Low,966,22,3.7
Ranchi,Rice,Loamy,5.78,Low,Low,Medium,1224,28,3.49
Ranchi,Maize,Loamy,6.03,Medium,Low,Low,919,23,3.14
Ranchi,Pulses,Loamy,6.74,Medium,Medium,Low,919,24,1.36
Ranchi,Maize,Sandy Loam,6.93,Low,Medium,Medium,1163,29,2.39
Ranchi,Pulses,Sandy Loam,7.44,Medium,High,Low,907,28,1.81
Ranchi,Rice,Clayey,6.08,High,Medium,High,1492,24,3.35
Ranchi,Wheat,Loamy,6.67,High,High,Low,1225,18,1.96
Ranchi,Wheat,Loamy,7.49,Medium,High,Low,1159,18,2.19
Ranchi,Maize,Sandy Loam,6.19,High,High,High,1057,29,2.74
Ranchi,Rice,Clay Loam,5.57,High,Medium,Medium,1513,26,2.71
Ranchi,Rice,Clayey,6.87,Low,Low,High,1234,25,4.0
Ranchi,Maize,Sandy Loam,6.77,High,Low,High,1124,25,2.39
Ranchi,Maize,Sandy Loam,7.3,High,Medium,Medium,906,24,2.36
Ranchi,Pulses,Sandy Loam,6.69,Medium,High,Low,824,23,1.55
Ranchi,Pulses,Sandy Loam,6.11,Medium,High,Medium,922,21,1.25
Ranchi,Pulses,Loamy,7.0,Low,Low,Medium,1066,22,1.17
Ranchi,Rice,Clayey,6.71,Medium,High,Medium,1401,30,2.78
Ranchi,Pulses,Loamy,6.33,High,Medium,Medium,812,27,1.88
Ranchi,Maize,Sandy Loam,7.47,Medium,Medium,Medium,1106,20,2.21
Ranchi,Rice,Loamy,6.47,High,Low,Medium,1412,29,2.9
Ranchi,Maize,Sandy Loam,6.94,Medium,Low,Medium,1037,28,3.12
Ranchi,Pulses,Loamy,6.76,Medium,Medium,Low,968,25,1.87
Ranchi,Wheat,Clay Loam,7.12,Low,High,High,1123,21,3.24
Ranchi,Pulses,Sandy Loam,6.68,High,Medium,Medium,968,25,1.45
Ranchi,Rice,Loamy,6.5,Medium,High,Low,1380,27,4.32
Ranchi,Pulses,Sandy Loam,6.2,High,Medium,Medium,1097,28,1.08
Ranchi,Wheat,Clay Loam,7.02,Low,Low,High,947,23,3.04
Ranchi,Wheat,Loamy,6.35,Low,Low,Medium,1172,18,2.72
Ranchi,Maize,Sandy Loam,6.31,Low,Low,High,1192,28,2.59
Ranchi,Rice,Clay Loam,5.55,High,Medium,High,1448,24,4.23
Ranchi,Wheat,Clay Loam,7.43,Medium,Low,Low,1102,24,2.19
Ranchi,Pulses,Sandy Loam,6.39,Medium,High,Medium,963,22,1.34
Ranchi,Rice,Clayey,5.69,High,High,Medium,1318,23,2.95
Ranchi,Pulses,Loamy,6.37,High,Low,Low,1054,18,1.14
Ranchi,Rice,Loamy,6.62,High,Low,Medium,1453,27,2.94
Ranchi,Maize,Sandy Loam,6.21,Low,Low,Low,1053,22,2.31
Ranchi,Maize,Loamy,6.9,Low,Medium,Low,1124,27,3.27
Ranchi,Rice,Clayey,6.6,High,Medium,Low,1205,31,4.34
Ranchi,Maize,Loamy,5.96,High,High,Low,947,26,3.63
Ranchi,Rice,Clay Loam,6.57,Medium,High,High,1379,32,3.99
Ranchi,Maize,Sandy Loam,6.07,Low,Medium,High,994,28,3.21
Ranchi,Maize,Sandy Loam,7.32,Low,Medium,Medium,997,27,3.38
Ranchi,Pulses,Sandy Loam,6.07,Medium,High,Medium,937,24,1.17
Ranchi,Pulses,Sandy Loam,6.44,Low,Low,Low,1088,28,1.56
Ranchi,Pulses,Sandy Loam,6.97,Low,Low,Low,991,23,1.38
Ranchi,Pulses,Sandy Loam,6.51,High,Medium,Low,1024,28,1.81
Ranchi,Rice,Clayey,6.68,High,High,Low,1308,25,3.75
Ranchi,Wheat,Clay Loam,7.36,Medium,High,High,1105,18,3.14
Ranchi,Rice,Loamy,5.52,Medium,Medium,Medium,1299,30,4.34
Ranchi,Pulses,Sandy Loam,6.57,Medium,Low,Low,1051,18,1.56
Ranchi,Rice,Loamy,6.15,High,Medium,High,1573,30,3.61
Ranchi,Rice,Clay Loam,6.18,Low,Medium,Medium,1450,27,4.12
Ranchi,Wheat,Clay Loam,6.19,Low,Medium,High,1222,21,1.7
Ranchi,Maize,Sandy Loam,5.8,Medium,High,Medium,1184,21,3.36
Ranchi,Wheat,Clay Loam,6.2,Medium,Low,High,1100,19,2.78
Ranchi,Wheat,Loamy,7.0,Medium,High,Low,1235,19,2.85
Ranchi,Maize,Sandy Loam,6.16,Low,Medium,High,1118,21,2.22
Ranchi,Rice,Clayey,5.68,Low,Low,Low,1482,25,4.24
Ranchi,Wheat,Clay Loam,6.1,High,Low,High,1004,22,1.8
Ranchi,Wheat,Clay Loam,7.29,High,High,Medium,1063,22,1.73
Ranchi,Pulses,Loamy,7.22,High,High,High,949,21,1.62
Ranchi,Rice,Loamy,6.81,High,High,Medium,1507,22,3.45
Ranchi,Maize,Sandy Loam,6.24,High,Medium,Low,1051,27,3.67
Ranchi,Pulses,Loamy,7.39,Low,Medium,Low,1033,20,1.44
Ranchi,Wheat,Clay Loam,6.5,High,High,High,1379,19,2.37
Ranchi,Rice,Clay Loam,5.91,Medium,Low,Low,1533,29,2.65
Ranchi,Pulses,Loamy,6.71,Medium,High,Low,818,22,1.95
Ranchi,Maize,Loamy,6.69,Low,Medium,Medium,981,26,2.99
Ranchi,Rice,Loamy,5.67,Medium,Low,High,1445,23,3.8
Ranchi,Rice,Loamy,7.0,Low,High,Medium,1561,32,3.8
Ranchi,Wheat,Clay Loam,6.76,Low,Medium,High,1101,24,3.31
Ranchi,Wheat,Clay Loam,7.34,Medium,Low,Low,964,24,3.0
Ranchi,Maize,Loamy,5.88,High,High,Medium,1069,26,3.2
Ranchi,Maize,Sandy Loam,7.3,Medium,High,Low,973,30,3.97
Ranchi,Maize,Sandy Loam,6.04,Medium,Medium,Medium,1034,19,2.39
Ranchi,Rice,Clay Loam,6.07,Medium,Medium,Low,1425,25,2.51
Ranchi,Maize,Sandy Loam,6.19,Medium,High,Low,1173,29,3.48
Ranchi,Rice,Clayey,7.0,Medium,Low,High,1540,29,2.62
Ranchi,Maize,Sandy Loam,6.99,Low,Medium,Medium,970,30,3.02
Ranchi,Rice,Clayey,6.0,Medium,Medium,Low,1359,27,3.35
Ranchi,Maize,Sandy Loam,7.5,Low,High,High,908,24,3.2
Ranchi,Wheat,Loamy,6.88,High,Medium,High,1005,25,1.87
Ranchi,Pulses,Sandy Loam,6.95,Medium,Low,Low,1076,21,1.24
Ranchi,Wheat,Clay Loam,6.58,Low,Low,Low,1077,25,2.38
Ranchi,Pulses,Sandy Loam,6.21,High,Medium,Low,820,20,1.53
Ranchi,Maize,Loamy,7.13,Medium,High,Low,987,27,2.18
Ranchi,Wheat,Clay Loam,6.27,High,High,Low,1244,24,2.17
Ranchi,Rice,Clayey,6.6,High,Low,High,1235,24,3.31
Ranchi,Maize,Sandy Loam,5.94,Low,Low,Medium,1120,28,3.28
Ranchi,Maize,Sandy Loam,6.73,High,Medium,Low,946,20,2.32
Ranchi,Maize,Sandy Loam,6.42,High,Medium,Low,990,18,2.13
Ranchi,Pulses,Sandy Loam,6.68,Low,Low,Low,830,27,1.51
Ranchi,Pulses,Sandy Loam,6.22,Medium,High,High,957,26,1.09
Ranchi,Maize,Loamy,7.15,Medium,Low,High,1199,18,3.84
Ranchi,Pulses,Sandy Loam,6.69,High,Low,Low,995,28,1.33
Ranchi,Pulses,Loamy,6.69,Medium,High,High,899,24,1.73
Ranchi,Maize,Loamy,6.63,High,Medium,High,1142,27,2.33
Ranchi,Rice,Clay Loam,6.97,Low,Medium,Medium,1563,24,2.68
Ranchi,Maize,Sandy Loam,6.8,Medium,Medium,Low,1063,23,2.52
Ranchi,Rice,Loamy,6.53,Low,High,Low,1282,31,2.94
Ranchi,Pulses,Sandy Loam,6.14,Low,Medium,Medium,835,26,1.49
Ranchi,Wheat,Loamy,7.11,High,Low,Low,1022,18,2.1
Ranchi,Rice,Clay Loam,6.84,High,Low,Medium,1550,31,3.92
Ranchi,Wheat,Loamy,7.33,Medium,High,Medium,1035,22,3.02
Ranchi,Rice,Clayey,6.25,Medium,Medium,High,1507,30,3.02
Ranchi,Pulses,Sandy Loam,7.22,Medium,High,Low,871,28,1.43
Ranchi,Wheat,Loamy,6.08,Medium,Low,Low,1146,24,2.97
Ranchi,Pulses,Sandy Loam,6.24,High,Medium,Medium,1034,19,1.94
Ranchi,Pulses,Loamy,6.61,High,Medium,Medium,1081,19,1.16
Ranchi,Pulses,Sandy Loam,6.42,Low,High,Medium,1082,28,1.43
Ranchi,Pulses,Loamy,7.29,Medium,High,Low,960,26,1.73
Ranchi,Pulses,Loamy,6.53,Low,Low,Medium,839,28,1.11
Ranchi,Rice,Clay Loam,6.84,High,Medium,Medium,1326,31,4.06
Ranchi,Maize,Sandy Loam,6.19,High,Medium,High,1177,26,3.46
Ranchi,Pulses,Loamy,6.05,High,High,Low,949,27,1.39
Ranchi,Maize,Sandy Loam,6.08,Medium,Medium,High,942,30,2.15
Ranchi,Wheat,Clay Loam,6.34,High,Low,Medium,1216,20,3.27
Ranchi,Pulses,Sandy Loam,6.48,Low,Low,Low,1080,22,1.7
Ranchi,Wheat,Clay Loam,7.41,Medium,High,Low,1288,24,2.43
Ranchi,Wheat,Clay Loam,6.45,High,Medium,High,985,21,1.92
Ranchi,Pulses,Loamy,6.18,Medium,High,Low,871,23,1.13
Ranchi,Maize,Loamy,6.01,Medium,High,Medium,1006,23,2.44
Ranchi,Maize,Sandy Loam,6.99,High,Low,Medium,900,23,2.94
Ranchi,Rice,Clay Loam,6.48,High,High,Medium,1565,23,4.25
Ranchi,Maize,Loamy,6.58,Medium,High,Medium,1146,19,2.87
Ranchi,Rice,Clay Loam,5.78,Low,Medium,Medium,1569,31,3.58
Ranchi,Pulses,Sandy Loam,6.55,Low,High,High,881,20,1.85
Ranchi,Rice,Loamy,6.74,High,High,Low,1476,23,3.75
Ranchi,Pulses,Loamy,6.26,Low,Low,Medium,1039,25,1.79
Ranchi,Wheat,Clay Loam,6.92,Low,High,Medium,1333,18,2.1
Ranchi,Maize,Sandy Loam,7.09,Low,Medium,Medium,1003,20,2.84
Ranchi,Maize,Sandy Loam,6.53,High,Low,High,1059,26,3.11
Ranchi,Wheat,Clay Loam,7.21,Medium,Medium,Medium,1106,24,1.73
Ranchi,Rice,Clayey,6.15,Low,High,High,1365,24,3.26
Ranchi,Wheat,Clay Loam,7.43,High,High,Low,1164,19,2.05
Ranchi,Wheat,Loamy,6.16,Low,Low,Medium,1315,23,2.4
Ranchi,Pulses,Sandy Loam,6.29,Medium,Low,Medium,930,21,1.8
Ranchi,Pulses,Sandy Loam,6.88,Low,Medium,Low,911,19,1.52
Ranchi,Wheat,Loamy,7.39,Low,High,Medium,1096,22,2.18
Ranchi,Rice,Loamy,6.12,High,Medium,High,1265,29,2.73
Ranchi,Maize,Loamy,6.45,Low,High,High,972,21,2.34
Ranchi,Maize,Sandy Loam,7.16,High,High,Low,900,26,3.55
Ranchi,Rice,Clay Loam,6.5,Low,High,Low,1220,27,2.85
Ranchi,Rice,Clay Loam,5.7,High,High,Medium,1360,25,4.23
Ranchi,Pulses,Sandy Loam,6.57,High,Low,High,972,28,1.01
Ranchi,Rice,Loamy,6.57,Low,Low,Medium,1457,24,3.98
Ranchi,Wheat,Loamy,7.26,High,High,High,1157,21,2.29
Ranchi,Pulses,Loamy,6.64,Low,Medium,High,841,24,1.02
Ranchi,Pulses,Sandy Loam,6.96,Medium,Low,High,1097,22,1.05
Ranchi,Pulses,Sandy Loam,6.24,Low,High,Medium,961,19,1.57
Ranchi,Wheat,Clay Loam,6.38,Medium,Low,Low,1283,21,2.41
Ranchi,Rice,Clayey,6.3,High,High,Low,1474,25,3.02
Ranchi,Pulses,Loamy,6.24,Low,Low,Low,1058,22,1.87
Ranchi,Maize,Loamy,7.38,Medium,Low,Medium,1097,30,3.45
Ranchi,Rice,Clay Loam,6.75,Medium,High,Low,1241,32,4.04
Ranchi,Rice,Clay Loam,6.05,High,Low,Low,1271,22,3.41
Ranchi,Wheat,Clay Loam,6.87,High,Medium,Low,1368,21,2.24
Ranchi,Rice,Clay Loam,5.91,Medium,Low,Low,1336,31,3.88
Ranchi,Maize,Loamy,5.82,Medium,High,Medium,904,27,2.95
Ranchi,Maize,Loamy,5.86,High,High,Medium,1162,29,3.34
Ranchi,Pulses,Sandy Loam,6.83,Low,High,Low,976,22,2.0
Ranchi,Pulses,Sandy Loam,6.92,Low,Low,High,913,23,1.06
Ranchi,Wheat,Clay Loam,6.33,High,Low,Low,1240,25,2.85
Ranchi,Wheat,Clay Loam,6.15,Medium,High,Low,1351,24,2.42
Ranchi,Rice,Clay Loam,5.56,High,High,Low,1566,22,4.34
Ranchi,Rice,Loamy,6.44,Medium,High,Medium,1201,25,3.23
Ranchi,Wheat,Clay Loam,7.39,Medium,Low,Medium,911,25,2.6
Ranchi,Rice,Loamy,6.16,Low,High,Low,1541,23,3.4
Ranchi,Rice,Clayey,5.91,Low,High,High,1399,32,2.68
Ranchi,Wheat,Loamy,6.45,High,Low,Medium,981,19,1.79
Ranchi,Rice,Clay Loam,5.65,Low,Medium,High,1400,25,2.94
Ranchi,Pulses,Sandy Loam,6.26,High,Medium,Medium,972,18,2.0
Ranchi,Pulses,Sandy Loam,6.61,Low,Medium,Low,897,19,1.51
Ranchi,Wheat,Clay Loam,7.22,Low,High,High,1351,21,2.92
Ranchi,Pulses,Sandy Loam,6.79,Medium,High,Low,1063,22,1.48
Ranchi,Wheat,Clay Loam,7.38,High,Low,High,1037,22,3.28
Ranchi,Wheat,Loamy,6.47,Low,Medium,Medium,1184,25,2.62
Ranchi,Pulses,Loamy,7.16,Medium,Low,Low,1061,24,1.85
Ranchi,Maize,Sandy Loam,6.47,Low,Low,High,1126,25,2.37
Ranchi,Wheat,Loamy,6.8,Low,Medium,High,1086,21,3.15
Ranchi,Maize,Sandy Loam,6.6,High,Medium,Medium,1096,30,3.24
Ranchi,Rice,Loamy,5.93,Medium,Medium,Medium,1302,25,3.17
Ranchi,Maize,Loamy,6.03,High,Medium,Low,933,27,3.46
Ranchi,Wheat,Clay Loam,6.35,High,High,Low,1334,22,2.57
Ranchi,Wheat,Clay Loam,7.04,High,Low,Low,1373,25,2.31
Ranchi,Rice,Loamy,6.81,Low,Low,Low,1576,24,2.6
Ranchi,Pulses,Loamy,7.25,Medium,Low,Low,811,22,1.25
Ranchi,Rice,Clayey,6.92,Low,Medium,High,1393,28,4.45
Ranchi,Pulses,Loamy,7.3,Low,Low,Medium,932,24,1.3
Ranchi,Wheat,Clay Loam,6.29,High,High,High,1153,24,1.74
Ranchi,Pulses,Sandy Loam,7.18,High,Medium,Medium,851,25,1.25
Ranchi,Maize,Loamy,6.24,High,Medium,High,980,29,3.28
Ranchi,Pulses,Sandy Loam,7.47,High,Low,Medium,1081,27,1.67
Ranchi,Pulses,Sandy Loam,6.41,High,Medium,Medium,894,20,1.12
Ranchi,Wheat,Loamy,6.67,Medium,High,High,951,25,2.94
Ranchi,Pulses,Loamy,7.23,Low,Medium,High,857,27,1.84
Ranchi,Pulses,Sandy Loam,7.03,Low,Medium,Low,1005,18,1.6
Ranchi,Rice,Clayey,6.77,High,High,Medium,1315,26,4.22
Ranchi,Rice,Loamy,6.85,High,Medium,High,1514,32,3.37
Ranchi,Rice,Clayey,6.93,Medium,Low,High,1391,26,3.18
Ranchi,Maize,Loamy,6.73,Low,Low,Low,1073,18,3.43
Ranchi,Rice,Clayey,6.94,Low,Low,High,1204,25,3.77
Ranchi,Pulses,Sandy Loam,6.85,Medium,Low,Low,953,21,1.5
Ranchi,Maize,Sandy Loam,5.88,Low,Medium,High,1017,30,3.83
Ranchi,Rice,Clay Loam,6.52,Low,High,Low,1298,30,2.8
Ranchi,Maize,Loamy,6.52,High,Medium,High,1021,26,2.43
Ranchi,Rice,Clay Loam,6.3,Low,High,Medium,1558,32,3.57
Ranchi,Maize,Loamy,7.4,Medium,Low,Medium,1012,28,2.15
Ranchi,Pulses,Loamy,6.24,High,Medium,Low,931,28,1.61
Ranchi,Rice,Loamy,5.75,Medium,Medium,Medium,1418,22,4.26
Ranchi,Maize,Sandy Loam,6.54,Medium,High,High,1066,30,3.01
Ranchi,Pulses,Sandy Loam,7.41,Low,Low,Medium,825,23,1.92
Ranchi,Wheat,Clay Loam,6.24,High,Low,Low,1055,24,2.54
Ranchi,Pulses,Sandy Loam,7.0,Low,Medium,High,895,26,1.77
Ranchi,Maize,Sandy Loam,5.9,High,High,High,1114,23,3.68
Ranchi,Maize,Loamy,7.05,Medium,Medium,Low,1179,28,2.44
Ranchi,Wheat,Clay Loam,6.76,Medium,Low,High,1170,18,3.37
Ranchi,Pulses,Loamy,6.4,Medium,Low,Low,970,28,1.81
Ranchi,Rice,Clayey,6.85,High,Low,Medium,1423,30,2.64
Ranchi,Maize,Sandy Loam,6.94,Low,Medium,High,1090,20,3.09
Ranchi,Maize,Loamy,6.6,Low,High,Medium,1084,20,3.85
Ranchi,Rice,Clayey,6.36,Medium,High,High,1503,25,2.99
Ranchi,Rice,Loamy,5.64,High,Low,Medium,1311,24,3.23
Ranchi,Maize,Sandy Loam,5.83,Low,Low,Medium,945,19,2.38
Ranchi,Maize,Sandy Loam,5.97,Medium,Low,Low,1089,19,2.16
Ranchi,Rice,Clayey,6.79,High,High,High,1531,28,3.58
Ranchi,Maize,Sandy Loam,6.0,Low,High,High,1200,23,3.4
Ranchi,Rice,Clay Loam,6.48,Medium,Medium,Low,1210,32,3.86
Ranchi,Rice,Clayey,5.54,High,Medium,Medium,1398,32,3.7
Ranchi,Wheat,Loamy,6.38,Medium,High,Low,1201,18,3.23
Ranchi,Pulses,Sandy Loam,7.29,High,Medium,Medium,833,18,1.7
Ranchi,Pulses,Loamy,6.98,Medium,High,Low,892,24,1.13
Ranchi,Rice,Clayey,5.87,Medium,Medium,High,1364,29,2.56
Ranchi,Rice,Clay Loam,5.61,High,High,High,1383,30,4.34
Ranchi,Pulses,Sandy Loam,6.69,Low,Low,Low,838,23,1.05
Ranchi,Maize,Sandy Loam,6.0,Low,Medium,Medium,989,20,2.51
Ranchi,Rice,Loamy,5.67,Medium,High,Medium,1220,25,2.83
Ranchi,Wheat,Loamy,6.38,High,Medium,High,1038,22,2.05
Ranchi,Maize,Sandy Loam,6.71,Low,Medium,High,937,26,2.64
Ranchi,Rice,Clay Loam,5.9,High,Low,Medium,1492,28,3.84
Ranchi,Rice,Clay Loam,6.99,High,Low,Low,1574,22,2.82
Ranchi,Wheat,Loamy,7.23,Low,Low,High,1100,22,3.29
Ranchi,Wheat,Loamy,7.0,Low,Low,Medium,957,20,2.51
Ranchi,Maize,Sandy Loam,5.83,Medium,Medium,High,1171,26,2.86
Ranchi,Pulses,Loamy,7.2,Low,Low,Medium,859,23,1.73
Ranchi,Wheat,Clay Loam,6.7,Medium,Medium,Medium,1119,20,1.79
Ranchi,Pulses,Sandy Loam,7.14,Medium,Low,Low,911,23,1.79
Ranchi,Pulses,Sandy Loam,7.43,Low,Medium,Medium,914,25,1.72
Ranchi,Rice,Clayey,6.51,Medium,High,High,1478,32,3.63
Ranchi,Rice,Clayey,5.85,Low,Medium,High,1448,32,2.54
Ranchi,Wheat,Loamy,6.27,Medium,Low,Low,1079,25,3.29
Ranchi,Wheat,Loamy,7.14,High,Medium,Medium,1036,20,3.39
Ranchi,Rice,Loamy,5.78,High,Low,High,1491,30,4.0
Ranchi,Wheat,Loamy,6.88,Low,High,Medium,1336,21,3.01
Ranchi,Rice,Clay Loam,6.16,Low,Medium,High,1350,25,3.71
Ranchi,Pulses,Sandy Loam,7.08,High,High,High,992,25,1.06
Ranchi,Rice,Clay Loam,6.14,High,High,Low,1402,23,3.24
Ranchi,Wheat,Loamy,6.4,High,High,Low,1257,25,2.48
Ranchi,Wheat,Loamy,6.53,Medium,Low,High,1358,20,3.21
Ranchi,Pulses,Sandy Loam,6.93,Medium,Low,Low,1059,22,1.55
Ranchi,Pulses,Sandy Loam,7.1,Low,Low,Medium,868,22,1.73
Ranchi,Maize,Sandy Loam,6.85,High,Medium,High,1155,19,3.49
Ranchi,Wheat,Clay Loam,6.32,Low,Low,Low,1327,24,1.72
Ranchi,Maize,Sandy Loam,5.81,High,Low,Medium,1159,19,3.5
Ranchi,Pulses,Sandy Loam,6.67,Medium,Medium,High,965,19,1.99
Ranchi,Pulses,Sandy Loam,6.82,Low,Medium,Medium,960,23,1.71
Ranchi,Pulses,Loamy,7.02,Low,High,High,887,18,1.41
Ranchi,Maize,Loamy,6.74,Medium,Medium,High,1102,24,2.83
Ranchi,Wheat,Loamy,6.89,High,High,High,1345,25,1.8
Ranchi,Wheat,Clay Loam,6.18,Low,High,High,1311,20,2.73
Ranchi,Wheat,Loamy,6.97,Medium,High,Low,1244,18,3.29
Ranchi,Wheat,Loamy,7.42,Low,Low,Low,915,22,2.98
Ranchi,Pulses,Sandy Loam,7.35,Medium,High,High,948,28,1.23
Ranchi,Wheat,Clay Loam,6.5,Low,Low,High,1192,22,3.07
Ranchi,Maize,Loamy,5.82,High,Low,Low,1186,30,3.77
Ranchi,Wheat,Clay Loam,6.82,Low,Low,Medium,1127,23,2.27
Ranchi,Pulses,Loamy,6.14,Medium,Medium,Medium,955,20,1.12
Ranchi,Maize,Loamy,6.42,Medium,Low,Low,986,22,3.3
Ranchi,Wheat,Loamy,6.19,Low,High,Low,984,21,2.19
Ranchi,Maize,Loamy,6.87,Medium,Medium,High,1178,20,2.63
Ranchi,Maize,Sandy Loam,7.34,High,High,High,1144,19,2.38
Ranchi,Maize,Loamy,7.0,High,Low,High,982,22,3.98
Ranchi,Wheat,Loamy,7.3,High,Medium,Medium,1362,18,2.26
Ranchi,Wheat,Clay Loam,6.91,Low,Low,Low,1134,24,1.97
Ranchi,Rice,Clay Loam,6.04,Low,Medium,High,1482,30,3.57
Ranchi,Wheat,Clay Loam,6.15,High,Medium,Medium,1347,25,2.67
Ranchi,Rice,Loamy,5.74,Low,Medium,Medium,1431,27,3.37
Ranchi,Pulses,Loamy,6.82,Low,High,Low,1010,23,1.02
Ranchi,Maize,Sandy Loam,6.09,Medium,Low,Low,903,28,2.11
Ranchi,Wheat,Loamy,6.09,Low,Medium,High,1250,20,2.21
Ranchi,Rice,Loamy,5.86,Medium,Medium,High,1380,32,4.01
Ranchi,Rice,Loamy,6.38,Medium,High,Low,1350,30,2.9
Ranchi,Pulses,Sandy Loam,6.21,High,Low,High,845,25,1.28
Ranchi,Maize,Sandy Loam,7.22,High,High,High,1016,25,3.56
Ranchi,Pulses,Sandy Loam,6.6,High,High,High,1053,28,1.66
Ranchi,Pulses,Loamy,7.47,Low,Low,High,911,24,1.93
Ranchi,Pulses,Sandy Loam,7.12,High,Medium,High,899,18,1.39
Ranchi,Rice,Clay Loam,5.78,Low,High,High,1442,22,2.77
Ranchi,Pulses,Sandy Loam,7.31,Medium,Low,Low,952,26,1.83
Ranchi,Maize,Sandy Loam,6.57,Medium,Medium,Low,908,24,3.41
Ranchi,Pulses,Sandy Loam,7.26,High,High,High,878,19,1.61
Ranchi,Maize,Sandy Loam,6.46,Medium,High,Medium,1196,21,3.42
Ranchi,Wheat,Loamy,6.04,High,Low,Low,1368,21,3.11
Ranchi,Pulses,Sandy Loam,6.28,High,Low,Low,836,19,1.55
Ranchi,Pulses,Loamy,6.53,Medium,Medium,Medium,1065,21,1.54
Ranchi,Maize,Sandy Loam,6.94,Medium,Medium,High,1054,19,2.72
Ranchi,Maize,Loamy,5.86,High,Medium,Low,1078,29,2.44
Ranchi,Maize,Sandy Loam,6.89,High,High,Low,986,20,2.86
Ranchi,Rice,Loamy,6.24,Medium,High,Low,1234,30,4.15
Ranchi,Pulses,Loamy,6.46,Medium,Low,High,846,27,1.91
Ranchi,Maize,Loamy,6.0,Low,High,High,1023,27,2.88
Ranchi,Maize,Loamy,5.88,Medium,High,Medium,1184,23,2.49
Ranchi,Maize,Sandy Loam,6.61,High,Medium,High,1109,22,3.82
Ranchi,Wheat,Clay Loam,6.65,High,High,Medium,987,21,2.9
Ranchi,Rice,Clay Loam,6.26,High,Low,Low,1524,32,4.24
Ranchi,Pulses,Loamy,7.24,Medium,Medium,Low,857,18,1.49
Ranchi,Maize,Loamy,6.67,Low,High,Medium,1054,22,3.02
Ranchi,Wheat,Loamy,6.16,High,Low,High,1385,23,1.94
Ranchi,Rice,Clay Loam,6.21,Medium,High,Medium,1216,31,3.51
Ranchi,Maize,Loamy,6.6,Low,Medium,High,940,21,3.26
Ranchi,Rice,Loamy,6.04,Low,Medium,High,1546,26,4.1
Ranchi,Rice,Loamy,5.92,Medium,Medium,High,1324,25,2.76
Ranchi,Maize,Loamy,7.1,Low,Medium,Low,1055,26,2.54
Ranchi,Rice,Clay Loam,6.66,Low,High,Low,1520,25,3.29
Ranchi,Pulses,Sandy Loam,6.92,High,Low,High,908,21,1.06
Ranchi,Pulses,Loamy,7.29,Low,High,Low,908,26,1.52
Ranchi,Pulses,Sandy Loam,6.75,Medium,Low,High,1069,21,1.11
Ranchi,Rice,Loamy,6.76,Medium,Medium,High,1304,27,4.46
Ranchi,Wheat,Loamy,7.28,Low,Low,Medium,991,21,2.87
Ranchi,Maize,Sandy Loam,6.65,High,High,Low,938,21,2.55
Ranchi,Pulses,Loamy,7.19,Medium,Medium,Medium,1018,24,1.19
Ranchi,Rice,Clayey,6.52,Low,High,High,1250,32,3.91
Ranchi,Wheat,Loamy,7.0,High,Low,Medium,1125,19,3.08
Ranchi,Wheat,Loamy,7.1,Medium,Low,Low,976,25,2.59
Ranchi,Maize,Sandy Loam,5.82,Medium,High,Medium,1170,28,2.23
Ranchi,Pulses,Loamy,6.9,Medium,Medium,Low,1056,25,1.01
Ranchi,Rice,Clayey,5.99,Medium,Medium,Low,1218,29,3.43
Ranchi,Wheat,Clay Loam,6.74,High,High,High,1281,25,1.91
Ranchi,Wheat,Loamy,7.18,Medium,High,Low,1171,19,2.45
Ranchi,Maize,Sandy Loam,6.32,Low,High,High,1079,26,3.44
Ranchi,Wheat,Loamy,7.45,High,High,Low,1056,25,2.0
Ranchi,Pulses,Sandy Loam,6.67,High,Low,High,1064,24,1.76
Ranchi,Rice,Clayey,5.99,Medium,Medium,Medium,1546,23,4.25
Ranchi,Pulses,Sandy Loam,6.87,Low,Medium,Medium,800,27,1.09
Ranchi,Wheat,Clay Loam,6.18,Medium,Medium,Low,1077,22,1.83
Ranchi,Rice,Clayey,6.12,High,High,High,1513,23,2.55
Ranchi,Wheat,Loamy,7.15,High,Low,High,981,20,1.94
Ranchi,Pulses,Sandy Loam,7.22,Low,Medium,Low,862,26,1.92
Ranchi,Rice,Clay Loam,5.98,High,Medium,Medium,1535,22,3.52
Ranchi,Rice,Clay Loam,5.96,Medium,Low,High,1346,28,2.95
Ranchi,Maize,Loamy,6.9,Low,Medium,Low,1156,23,2.0
Ranchi,Rice,Clayey,6.32,Low,Low,Medium,1319,26,2.75
Ranchi,Maize,Sandy Loam,5.86,Low,High,Medium,903,26,2.54
Ranchi,Rice,Clayey,6.87,Medium,Medium,High,1398,29,2.86
Ranchi,Rice,Clay Loam,6.59,Medium,High,High,1467,28,3.03
Ranchi,Rice,Clayey,6.66,Medium,Medium,High,1518,31,3.42
Ranchi,Rice,Clay Loam,6.56,Low,Low,Medium,1223,25,4.26
Ranchi,Pulses,Sandy Loam,6.52,Low,Low,High,855,18,1.72
Ranchi,Wheat,Clay Loam,6.04,Medium,Medium,Medium,1099,19,2.99
Ranchi,Pulses,Sandy Loam,7.32,High,Medium,Low,812,22,1.53
Ranchi,Pulses,Loamy,6.35,High,Low,Medium,966,19,1.08
Ranchi,Pulses,Sandy Loam,7.0,Medium,High,High,961,28,1.66
Ranchi,Maize,Sandy Loam,6.29,Low,Low,Low,980,24,3.41
Ranchi,Rice,Clayey,6.52,Medium,Low,Medium,1494,28,3.86
Ranchi,Rice,Clayey,6.07,Low,High,Medium,1281,26,3.07
Ranchi,Wheat,Clay Loam,7.09,Medium,Medium,High,1264,20,2.99
Ranchi,Maize,Sandy Loam,7.1,Medium,Medium,Medium,1027,28,2.07
Ranchi,Wheat,Loamy,7.39,High,High,High,1298,21,3.02
Ranchi,Wheat,Clay Loam,7.0,High,Medium,Medium,1073,23,1.86
Ranchi,Wheat,Clay Loam,6.1,Low,High,High,1311,20,3.29
Ranchi,Rice,Clayey,6.91,Low,Medium,Low,1404,26,2.56
Ranchi,Rice,Clayey,6.33,Medium,High,Low,1400,31,4.13
Ranchi,Maize,Loamy,6.26,Low,High,Medium,960,24,2.81
Ranchi,Pulses,Sandy Loam,7.17,High,Medium,High,877,23,1.85
Ranchi,Maize,Loamy,6.21,Low,High,High,936,22,3.6
Ranchi,Rice,Loamy,6.95,Medium,Low,Low,1547,30,4.42
Ranchi,Pulses,Loamy,7.12,High,Low,Medium,853,22,1.87
Ranchi,Pulses,Loamy,7.15,High,High,High,947,18,1.69
Ranchi,Pulses,Loamy,7.09,Low,Medium,Medium,1015,19,1.24
Ranchi,Wheat,Loamy,7.33,High,Low,Low,1280,21,3.03
Ranchi,Maize,Sandy Loam,7.47,Medium,Low,Medium,1053,20,3.28
Ranchi,Wheat,Loamy,6.32,High,Low,Low,1180,25,2.76
Ranchi,Pulses,Sandy Loam,7.27,High,Low,Low,1004,23,1.5
Ranchi,Pulses,Loamy,6.23,Low,Medium,High,1039,24,1.26
Ranchi,Pulses,Loamy,7.21,High,High,Medium,1099,24,1.3
Ranchi,Rice,Clay Loam,6.84,High,High,Low,1404,24,2.89
Ranchi,Wheat,Clay Loam,6.46,Medium,Medium,High,1338,21,2.92
Ranchi,Rice,Clayey,5.87,High,Low,High,1254,23,2.87
Ranchi,Maize,Loamy,7.32,High,High,Medium,1007,20,2.38
Ranchi,Wheat,Clay Loam,6.82,High,Low,Low,1012,23,2.22
Ranchi,Wheat,Loamy,7.4,Low,High,Medium,1001,19,2.29
Ranchi,Wheat,Loamy,7.5,Medium,Low,Medium,1343,24,3.1
Ranchi,Wheat,Loamy,6.11,High,Medium,Low,1349,19,3.09
Ranchi,Maize,Sandy Loam,5.9,High,Low,High,957,21,3.64
Ranchi,Wheat,Loamy,6.94,Medium,High,High,1085,22,2.41
Ranchi,Maize,Sandy Loam,7.47,Medium,Low,High,980,26,3.81
Ranchi,Pulses,Loamy,7.01,Low,High,Medium,1039,27,1.11
Ranchi,Maize,Sandy Loam,6.24,High,Medium,High,987,19,2.5
Ranchi,Pulses,Sandy Loam,7.34,Low,Low,Low,863,24,1.02
Ranchi,Rice,Clay Loam,5.51,Low,High,Medium,1527,23,2.9
Ranchi,Wheat,Clay Loam,6.58,High,Medium,Low,1118,18,2.36
Ranchi,Rice,Clayey,6.66,Low,Low,Medium,1574,28,4.09
Ranchi,Pulses,Sandy Loam,7.16,Low,Medium,Medium,1073,27,1.57
Ranchi,Maize,Sandy Loam,6.1,Low,Medium,High,923,27,2.6
Ranchi,Rice,Clayey,6.61,Low,High,Low,1577,32,3.88
Ranchi,Rice,Loamy,6.73,Medium,Low,Low,1221,28,4.36
Ranchi,Maize,Loamy,6.38,High,High,High,1120,22,3.46
Ranchi,Maize,Sandy Loam,6.52,Medium,Medium,Low,1080,18,2.99
Ranchi,Pulses,Loamy,6.92,Medium,High,Medium,1025,21,1.97
Ranchi,Rice,Clayey,6.87,Low,High,High,1488,22,2.84
Ranchi,Rice,Loamy,5.54,Low,High,Medium,1560,25,2.53
Ranchi,Pulses,Sandy Loam,7.29,Medium,Low,High,1085,23,1.23
Ranchi,Pulses,Sandy Loam,6.97,Medium,Low,Low,915,22,1.01
Ranchi,Pulses,Loamy,6.45,High,Low,Medium,1087,28,1.3
Ranchi,Rice,Loamy,6.09,High,Medium,Medium,1509,32,3.12
Ranchi,Maize,Sandy Loam,6.01,Low,High,Medium,985,29,3.97
Ranchi,Maize,Loamy,6.42,High,Medium,Medium,961,23,2.36
Ranchi,Maize,Sandy Loam,6.4,High,High,Low,1188,24,3.31
Ranchi,Pulses,Loamy,6.02,High,Medium,Low,950,23,1.62
Ranchi,Pulses,Sandy Loam,6.0,Low,Medium,Low,892,24,1.93
Ranchi,Pulses,Sandy Loam,7.46,High,Low,High,823,24,1.05
Ranchi,Wheat,Loamy,7.33,High,High,Low,942,22,2.13
Ranchi,Maize,Sandy Loam,7.15,Medium,High,Low,1179,18,2.27
Ranchi,Rice,Loamy,6.61,Low,Medium,Medium,1491,24,3.4
Ranchi,Pulses,Loamy,6.25,Medium,Medium,Low,982,18,1.96
Ranchi,Pulses,Sandy Loam,6.83,Medium,Medium,Medium,857,25,1.73
Ranchi,Rice,Clay Loam,6.7,Medium,Low,High,1331,24,3.06
Ranchi,Wheat,Clay Loam,6.45,Low,Low,Medium,974,21,3.07
Ranchi,Wheat,Loamy,6.23,Medium,Medium,Low,929,19,2.81
Ranchi,Maize,Sandy Loam,6.56,Low,High,Low,953,28,3.4
Ranchi,Wheat,Loamy,7.49,High,Low,Medium,985,18,2.55
Ranchi,Rice,Loamy,6.97,High,High,High,1551,28,4.37
Ranchi,Pulses,Sandy Loam,6.67,Low,Low,Medium,955,18,1.56
Ranchi,Wheat,Clay Loam,6.03,Low,Medium,Medium,1264,21,2.31
Ranchi,Wheat,Loamy,6.31,High,Medium,Medium,917,20,2.99
Ranchi,Pulses,Sandy Loam,7.16,High,Low,High,891,24,1.32
Ranchi,Rice,Clay Loam,5.7,Medium,High,Medium,1527,25,3.95
Ranchi,Rice,Clayey,6.17,Medium,High,Medium,1281,31,4.33
Ranchi,Pulses,Loamy,6.91,Low,High,High,983,20,1.69
Ranchi,Wheat,Clay Loam,6.17,High,Medium,High,1349,24,2.73
Ranchi,Pulses,Sandy Loam,6.89,Low,Medium,Medium,938,23,1.62
Ranchi,Rice,Loamy,6.09,Medium,High,Medium,1407,31,4.49
Ranchi,Rice,Clay Loam,6.4,Medium,Medium,High,1491,31,4.2
Ranchi,Maize,Sandy Loam,7.15,High,Low,Medium,1028,24,3.78
Ranchi,Wheat,Clay Loam,6.58,Medium,High,High,1149,19,1.84
Ranchi,Maize,Loamy,7.18,Low,High,Low,915,22,2.7
Ranchi,Wheat,Clay Loam,7.28,High,Low,Medium,1080,25,3.3
Ranchi,Rice,Clay Loam,6.1,Low,High,High,1391,27,3.91
Ranchi,Pulses,Sandy Loam,6.63,High,Medium,Medium,1047,19,1.7
Ranchi,Pulses,Loamy,6.96,High,Low,Low,995,23,1.29
Ranchi,Pulses,Loamy,6.67,Low,Low,High,1030,21,1.26
Ranchi,Wheat,Clay Loam,6.06,Medium,Low,High,1342,22,2.91
Ranchi,Maize,Loamy,5.97,High,Medium,High,1129,20,2.77
Ranchi,Pulses,Loamy,6.07,High,Medium,High,813,19,1.33
Ranchi,Wheat,Loamy,6.06,Medium,Medium,Medium,1060,22,3.03
Ranchi,Wheat,Clay Loam,7.33,Low,Low,Low,1347,23,2.63
Ranchi,Wheat,Loamy,6.71,Low,High,High,948,20,2.17
Ranchi,Rice,Clay Loam,6.08,High,Medium,Medium,1461,28,3.08
Ranchi,Pulses,Loamy,6.75,Medium,Medium,Medium,998,23,1.27
Ranchi,Pulses,Sandy Loam,7.2,High,High,Medium,984,20,1.89
Ranchi,Pulses,Loamy,7.04,High,High,Low,820,24,1.54
Ranchi,Wheat,Loamy,6.24,High,Medium,Medium,1344,21,2.08
Ranchi,Wheat,Clay Loam,7.46,High,High,Low,1028,20,3.38
Ranchi,Wheat,Loamy,6.39,High,High,Medium,1219,21,2.18
Ranchi,Maize,Loamy,7.3,High,Medium,High,1128,20,3.25
Ranchi,Maize,Loamy,6.76,High,Medium,High,1079,30,2.08
Ranchi,Maize,Loamy,6.37,Medium,High,Medium,1164,29,3.4
Ranchi,Wheat,Clay Loam,6.94,High,Low,High,1186,21,2.2
Ranchi,Rice,Clayey,5.94,Medium,High,Medium,1532,30,3.02
Ranchi,Maize,Loamy,7.13,Low,High,High,1017,25,3.54
Ranchi,Pulses,Sandy Loam,6.37,Low,High,Medium,823,20,1.05
Ranchi,Wheat,Clay Loam,6.64,High,High,Low,1203,25,2.32
Ranchi,Rice,Loamy,6.47,Medium,High,High,1376,25,2.62
Ranchi,Pulses,Loamy,6.29,Low,Low,Low,1033,24,1.4
Ranchi,Rice,Clayey,6.27,High,Medium,High,1351,32,3.31
Ranchi,Maize,Loamy,6.13,Low,Medium,High,1106,18,2.31
Ranchi,Maize,Sandy Loam,7.36,High,Low,Low,1146,29,3.42
Ranchi,Pulses,Loamy,7.36,High,Low,Low,879,26,1.09
Ranchi,Rice,Loamy,5.52,Medium,Low,High,1418,25,3.0
Ranchi,Rice,Clay Loam,6.57,High,Low,High,1261,23,3.92
Ranchi,Wheat,Loamy,7.2,High,Low,Low,1291,25,2.49
Ranchi,Rice,Clayey,5.7,Low,Low,High,1526,28,4.1
Ranchi,Pulses,Loamy,6.33,High,Medium,High,958,23,1.32
Ranchi,Rice,Clay Loam,6.08,Low,High,Medium,1537,30,3.03
Ranchi,Pulses,Sandy Loam,6.27,Medium,High,Low,939,25,1.71
Ranchi,Maize,Loamy,6.67,Low,Medium,Medium,926,30,3.23
Ranchi,Rice,Loamy,5.81,High,Low,High,1436,26,3.46
Ranchi,Maize,Sandy Loam,7.46,Medium,Medium,Medium,1043,30,3.24
Ranchi,Maize,Sandy Loam,6.84,High,Medium,High,1111,30,2.05
Ranchi,Wheat,Clay Loam,6.36,Low,Low,Medium,1012,25,2.33
Ranchi,Rice,Clay Loam,6.22,Low,Medium,Low,1228,24,4.12
Ranchi,Wheat,Clay Loam,6.49,Medium,Low,Low,952,21,1.72
Ranchi,Pulses,Loamy,7.25,Low,Medium,Low,950,18,1.17
Ranchi,Pulses,Loamy,6.93,High,High,Medium,1039,22,1.34
Ranchi,Rice,Clay Loam,6.69,Medium,Low,Low,1452,26,3.63
Ranchi,Pulses,Sandy Loam,6.33,Medium,Low,Low,1053,21,1.8
Ranchi,Wheat,Clay Loam,6.48,High,Medium,High,1105,23,3.16
Ranchi,Wheat,Loamy,6.7,High,High,High,1161,21,3.22
Ranchi,Pulses,Sandy Loam,6.44,Medium,Medium,Medium,812,22,1.99
Ranchi,Rice,Loamy,5.79,High,Low,Medium,1488,30,3.36
Ranchi,Maize,Sandy Loam,6.17,High,High,Medium,1057,30,2.04
Ranchi,Pulses,Sandy Loam,6.87,High,Low,Medium,1066,27,1.23
Ranchi,Maize,Sandy Loam,6.88,High,High,Medium,901,20,3.22
Ranchi,Maize,Sandy Loam,7.35,High,Medium,Medium,1090,26,2.53
Ranchi,Rice,Loamy,5.57,High,High,High,1357,23,3.43
Ranchi,Maize,Sandy Loam,7.19,Medium,High,Medium,1153,30,3.53
Ranchi,Wheat,Loamy,7.36,Medium,Medium,High,1255,25,2.34
Ranchi,Maize,Loamy,6.72,Low,High,Low,971,21,3.29
Ranchi,Rice,Clay Loam,6.76,Low,Low,High,1398,27,3.34
Ranchi,Pulses,Loamy,6.74,Medium,Medium,High,1082,21,1.33
Ranchi,Maize,Loamy,7.16,Medium,Low,High,1118,25,2.97
Ranchi,Maize,Sandy Loam,6.07,Medium,High,Low,974,30,3.11
Ranchi,Maize,Sandy Loam,6.8,Medium,Low,Medium,917,23,3.73
Ranchi,Wheat,Clay Loam,6.27,Low,Low,Medium,1153,18,3.11
Ranchi,Wheat,Loamy,6.66,High,High,Low,1376,22,1.92
Ranchi,Rice,Loamy,6.06,High,Medium,Medium,1359,29,2.82
Ranchi,Pulses,Loamy,6.66,High,High,Medium,1059,22,1.69
Ranchi,Pulses,Loamy,6.71,Low,High,Medium,956,24,1.37
Ranchi,Maize,Sandy Loam,7.23,Medium,Low,Low,1128,24,2.1
Ranchi,Pulses,Sandy Loam,7.44,High,High,High,967,28,1.31
Ranchi,Maize,Sandy Loam,7.13,Medium,Medium,High,1049,20,3.34
Ranchi,Pulses,Loamy,7.29,Medium,Medium,High,1094,23,1.7
Ranchi,Pulses,Sandy Loam,6.29,High,Medium,High,833,22,1.28
Ranchi,Rice,Clayey,5.92,Low,High,High,1243,30,4.11
Ranchi,Rice,Clay Loam,5.95,Low,High,Medium,1225,29,3.14
Ranchi,Wheat,Loamy,7.46,Medium,High,High,1063,20,2.01
Ranchi,Pulses,Sandy Loam,7.41,Low,High,Medium,943,18,1.29
Ranchi,Wheat,Loamy,6.06,High,High,High,1227,20,2.4
Ranchi,Pulses,Loamy,6.74,High,High,Medium,878,26,1.84
Ranchi,Pulses,Sandy Loam,6.95,High,Low,Low,1078,27,1.23
Ranchi,Wheat,Loamy,6.45,Medium,Low,Medium,935,21,3.07
Ranchi,Rice,Loamy,5.64,Low,Medium,High,1566,22,2.62
Ranchi,Rice,Clay Loam,6.35,Low,Low,Medium,1541,29,2.91
Ranchi,Pulses,Sandy Loam,6.91,High,Low,Low,977,20,1.96
Ranchi,Rice,Clayey,6.5,Low,Low,Low,1295,29,3.76
Ranchi,Maize,Loamy,6.1,Low,High,Low,920,29,2.27
Ranchi,Rice,Loamy,6.47,High,Medium,Medium,1310,29,4.12
Ranchi,Pulses,Loamy,7.06,Low,Medium,High,989,27,1.78
Ranchi,Maize,Loamy,6.51,Medium,High,High,908,29,3.6
Ranchi,Rice,Clay Loam,5.92,Medium,High,High,1462,30,2.99
Ranchi,Pulses,Loamy,6.18,Medium,High,High,1033,19,1.63
Ranchi,Pulses,Loamy,6.66,Low,Medium,High,836,25,1.62
Ranchi,Wheat,Loamy,7.33,High,Medium,High,1166,24,3.18
Ranchi,Pulses,Loamy,6.39,Low,Low,Medium,803,28,1.85
Ranchi,Wheat,Clay Loam,6.28,Medium,Low,Medium,951,19,2.17
Ranchi,Wheat,Clay Loam,6.45,Low,Low,Low,1298,19,2.88
Ranchi,Pulses,Sandy Loam,7.43,Medium,Low,Medium,919,26,1.8
Ranchi,Maize,Loamy,7.47,Medium,Medium,Low,1023,26,2.42
Ranchi,Wheat,Clay Loam,7.19,Medium,Medium,Low,1069,23,3.23
Ranchi,Wheat,Loamy,6.05,Low,High,High,1159,21,3.35
Ranchi,Wheat,Loamy,6.16,Medium,High,Medium,1298,19,2.71
Ranchi,Rice,Clay Loam,5.77,High,Medium,Low,1534,32,3.55
Ranchi,Wheat,Loamy,7.32,High,Medium,Medium,1026,25,1.93
Ranchi,Rice,Clayey,5.53,Medium,Medium,Medium,1524,31,3.25
Ranchi,Maize,Sandy Loam,6.78,High,Low,High,1169,29,2.17
Ranchi,Pulses,Sandy Loam,7.35,Medium,Medium,High,1077,19,1.06
Ranchi,Rice,Clay Loam,6.02,Medium,Medium,Medium,1213,24,2.79
Ranchi,Pulses,Loamy,6.23,High,Low,High,880,23,1.44
Ranchi,Wheat,Loamy,6.58,Medium,Medium,Low,1302,18,2.79
Ranchi,Wheat,Loamy,6.13,Low,Medium,Medium,1400,20,2.03
Ranchi,Wheat,Loamy,6.0,Low,Medium,Medium,1310,21,2.63
Ranchi,Pulses,Loamy,7.44,High,Medium,Low,906,18,1.14
Ranchi,Rice,Clayey,5.64,Medium,Low,Medium,1361,29,3.75
Ranchi,Pulses,Loamy,6.46,High,Low,Low,1013,21,1.71
Ranchi,Maize,Sandy Loam,6.0,High,High,High,1159,20,2.77
Ranchi,Pulses,Sandy Loam,6.44,Low,High,High,1064,24,1.18
Ranchi,Wheat,Clay Loam,6.83,Medium,Low,High,1345,18,2.83
Ranchi,Pulses,Sandy Loam,7.19,High,High,Medium,969,27,1.19
Ranchi,Maize,Loamy,6.73,Low,High,High,963,27,3.58
Ranchi,Pulses,Loamy,7.01,Low,Low,High,933,24,1.93
Ranchi,Maize,Loamy,6.12,Low,Low,Low,1181,29,3.3
Ranchi,Rice,Clayey,5.79,Medium,High,High,1567,27,3.41
Ranchi,Pulses,Loamy,6.65,Low,Low,Low,1061,20,1.5
Ranchi,Rice,Loamy,6.48,Medium,Medium,Low,1397,25,3.34
Ranchi,Pulses,Sandy Loam,6.73,Medium,Medium,Medium,1061,22,1.65
Ranchi,Rice,Loamy,6.37,Medium,Low,Low,1433,26,4.06
Ranchi,Wheat,Clay Loam,7.4,Medium,High,Low,1309,25,3.12
Ranchi,Pulses,Sandy Loam,6.86,High,Low,Low,823,21,1.9
Ranchi,Rice,Clayey,7.0,Low,Medium,High,1274,26,4.5
Ranchi,Rice,Loamy,6.27,Medium,Medium,Medium,1309,31,3.18
Ranchi,Rice,Loamy,6.44,Medium,Medium,Low,1299,29,4.35
Ranchi,Pulses,Sandy Loam,6.27,Medium,Medium,High,894,19,1.84
Ranchi,Rice,Clayey,6.68,Low,Low,Low,1375,27,3.97
Ranchi,Maize,Sandy Loam,6.63,Medium,Low,Medium,1122,25,2.83
Ranchi,Rice,Loamy,6.24,Low,Medium,Medium,1579,30,3.6
Ranchi,Pulses,Loamy,7.36,High,Medium,Low,831,20,1.01
Ranchi,Rice,Loamy,6.15,High,Low,High,1513,28,2.52
Ranchi,Wheat,Clay Loam,6.22,High,High,Low,996,22,2.16
Ranchi,Pulses,Loamy,6.85,High,Low,Low,1051,19,1.9
Ranchi,Wheat,Clay Loam,7.27,High,Medium,High,1118,18,2.38
Ranchi,Maize,Sandy Loam,5.92,High,High,High,928,30,3.44
Ranchi,Rice,Clay Loam,6.35,Low,Low,Medium,1473,32,2.8
Ranchi,Rice,Clay Loam,6.96,Medium,Medium,Low,1277,27,3.21
Ranchi,Maize,Sandy Loam,6.84,High,High,Low,954,30,3.63
Ranchi,Maize,Loamy,6.02,Low,Medium,Medium,1007,25,2.61
Ranchi,Wheat,Clay Loam,6.18,Low,Low,Medium,1142,23,2.7
Ranchi,Rice,Loamy,6.97,High,Medium,Medium,1567,31,4.38
Ranchi,Wheat,Clay Loam,6.92,Medium,Low,Medium,963,23,1.75
Ranchi,Rice,Loamy,6.21,Medium,High,High,1342,27,4.09
Ranchi,Maize,Sandy Loam,5.87,Medium,Medium,High,1064,21,2.29
Ranchi,Wheat,Clay Loam,6.96,Medium,Low,High,979,19,2.68
Ranchi,Maize,Sandy Loam,7.33,Low,Low,Low,1054,20,3.12
Ranchi,Wheat,Loamy,6.99,High,High,Medium,952,18,2.74
Ranchi,Maize,Sandy Loam,7.02,High,Low,Low,1082,18,3.09
Ranchi,Maize,Loamy,7.4,Medium,Low,Low,1133,24,3.41
Ranchi,Wheat,Clay Loam,7.01,High,Medium,Low,1390,24,1.89
Ranchi,Rice,Clay Loam,6.4,Low,High,High,1439,30,3.11
Ranchi,Maize,Sandy Loam,7.39,Medium,High,High,953,22,2.77
Ranchi,Rice,Loamy,5.84,Low,Medium,High,1523,28,3.36
Ranchi,Maize,Loamy,6.13,Medium,High,Medium,1108,29,2.0
Ranchi,Maize,Loamy,6.96,Low,Low,Low,1139,24,2.67
Ranchi,Maize,Sandy Loam,6.78,Medium,Medium,Medium,975,28,2.82
Ranchi,Wheat,Clay Loam,6.66,High,Medium,High,1187,23,3.12
Ranchi,Rice,Clayey,5.69,Low,Low,High,1211,23,2.97
Ranchi,Wheat,Clay Loam,6.08,Low,Low,Medium,988,24,2.26
Ranchi,Pulses,Loamy,7.23,Medium,Low,Low,958,24,1.46
Ranchi,Wheat,Loamy,6.77,High,Low,Low,1110,20,2.65
Ranchi,Wheat,Loamy,6.61,Low,Medium,High,931,18,2.72
Ranchi,Pulses,Sandy Loam,7.22,Medium,High,High,994,26,1.55
Ranchi,Wheat,Clay Loam,7.27,Low,Medium,Low,1238,21,1.85
Ranchi,Rice,Loamy,6.4,Low,Low,Low,1309,27,3.8
Ranchi,Rice,Clay Loam,5.94,Low,Low,High,1381,26,2.82
Ranchi,Wheat,Clay Loam,6.71,Medium,Low,High,1009,19,1.79
Ranchi,Pulses,Loamy,6.82,Medium,High,Medium,950,21,1.98
Ranchi,Rice,Clay Loam,5.85,Medium,High,Low,1529,30,3.72
Ranchi,Maize,Loamy,6.47,High,Medium,Low,1044,19,2.07
Ranchi,Wheat,Clay Loam,6.66,Low,Medium,Low,1358,24,2.6
Ranchi,Wheat,Clay Loam,6.15,Medium,Medium,Low,1191,24,1.92
Ranchi,Rice,Loamy,6.56,Low,High,Medium,1598,24,2.6
Ranchi,Pulses,Sandy Loam,7.27,Medium,Low,High,947,24,1.25
Ranchi,Pulses,Sandy Loam,6.33,Low,High,High,889,19,1.64
Ranchi,Maize,Loamy,6.46,Low,High,High,1174,21,3.12
Ranchi,Pulses,Loamy,6.44,Low,High,Medium,940,26,1.56
Ranchi,Wheat,Loamy,6.46,Low,Low,Medium,1218,25,2.44
Ranchi,Maize,Loamy,6.91,Low,High,Medium,986,23,2.25
Ranchi,Rice,Clay Loam,6.9,Medium,Medium,Low,1568,22,4.08
Ranchi,Pulses,Sandy Loam,6.28,Low,Low,Low,1039,28,1.46
Ranchi,Pulses,Sandy Loam,6.62,Low,Medium,High,930,26,1.42
Ranchi,Rice,Loamy,6.83,Low,Low,Medium,1450,28,4.43
Ranchi,Rice,Clay Loam,5.82,Low,Low,High,1430,31,3.2
Ranchi,Maize,Sandy Loam,6.55,High,High,Low,1011,22,2.31
Ranchi,Rice,Loamy,5.9,High,High,High,1516,26,2.53
Ranchi,Rice,Clayey,6.91,High,Low,Medium,1547,24,4.09
Ranchi,Pulses,Sandy Loam,6.0,Medium,Low,High,1002,28,1.7
Ranchi,Rice,Clayey,6.95,High,Low,Medium,1433,22,2.72
Ranchi,Pulses,Sandy Loam,6.56,Low,Medium,Low,1052,25,1.73
Ranchi,Maize,Sandy Loam,6.75,High,Low,Medium,903,29,2.75
Ranchi,Pulses,Loamy,7.29,High,Medium,High,1019,27,1.39
Ranchi,Wheat,Clay Loam,6.7,High,Low,Medium,997,23,1.98
Ranchi,Maize,Loamy,6.49,Low,Low,Medium,936,19,3.13
Ranchi,Pulses,Loamy,6.54,Low,Low,High,952,23,1.33
Ranchi,Maize,Loamy,5.97,Medium,Low,Low,1061,28,3.63
Ranchi,Pulses,Sandy Loam,6.36,Low,Low,High,1048,23,1.42
Ranchi,Rice,Clayey,6.28,Low,High,Low,1346,23,2.84
Ranchi,Maize,Loamy,6.58,Medium,Low,High,1158,20,2.17
Ranchi,Rice,Clayey,5.51,Low,Medium,Medium,1231,29,4.05
Ranchi,Maize,Loamy,6.54,High,Low,Low,982,27,2.73
Ranchi,Rice,Loamy,5.56,Low,Medium,Low,1430,23,2.61
Ranchi,Wheat,Loamy,6.73,Low,Medium,High,1199,22,3.1
Ranchi,Maize,Sandy Loam,7.04,High,Low,Medium,1054,25,2.54
Ranchi,Maize,Sandy Loam,7.38,High,Low,High,1164,20,3.9
Ranchi,Maize,Sandy Loam,5.85,High,Low,High,990,25,2.69
Ranchi,Rice,Clayey,6.88,High,High,Medium,1518,22,3.55
Ranchi,Maize,Sandy Loam,6.25,Medium,High,Low,1067,29,3.57
Ranchi,Rice,Clay Loam,6.66,Medium,Low,Low,1507,29,3.13
Ranchi,Wheat,Loamy,6.45,High,High,Low,1189,24,2.2
Ranchi,Pulses,Loamy,6.71,High,High,High,935,28,1.76
Ranchi,Pulses,Sandy Loam,6.27,Medium,Medium,Low,967,21,1.53
Ranchi,Pulses,Loamy,6.8,Medium,High,High,1018,19,1.7
Ranchi,Pulses,Loamy,6.06,Medium,Medium,Medium,864,23,1.44
Ranchi,Rice,Clayey,6.71,Low,High,Medium,1374,28,4.4
Ranchi,Rice,Clay Loam,6.25,Low,High,High,1548,22,2.81
Ranchi,Wheat,Loamy,6.4,High,High,Low,1211,25,2.04
Ranchi,Maize,Loamy,5.88,Medium,Low,High,923,29,2.67
Ranchi,Pulses,Loamy,7.07,Medium,Medium,Low,927,18,1.34
Ranchi,Wheat,Loamy,6.1,Low,Low,Low,1251,23,1.84
Ranchi,Rice,Clayey,6.97,Medium,Medium,High,1212,25,4.25
Ranchi,Wheat,Clay Loam,6.54,High,Medium,Medium,949,19,2.62
Ranchi,Maize,Loamy,6.19,High,Medium,High,1083,21,3.76
Ranchi,Rice,Clayey,6.87,High,Medium,High,1278,31,3.14
Ranchi,Maize,Loamy,7.07,Medium,Low,High,1120,22,2.96
Ranchi,Maize,Sandy Loam,6.12,High,Medium,Medium,942,26,3.43
Ranchi,Rice,Clay Loam,6.19,High,Medium,High,1272,25,2.6
Ranchi,Maize,Loamy,5.87,High,High,Low,1146,27,2.72
Ranchi,Maize,Sandy Loam,6.59,High,Medium,Medium,962,20,3.77
Ranchi,Pulses,Sandy Loam,6.7,Medium,High,Low,1076,26,1.05
Ranchi,Rice,Clay Loam,6.58,Low,High,Low,1299,28,3.67
Ranchi,Wheat,Clay Loam,6.29,Low,Medium,High,1375,19,2.38
Ranchi,Rice,Clayey,5.66,Medium,Medium,High,1294,25,4.08
Ranchi,Rice,Clayey,6.24,Low,High,Medium,1355,26,4.04
Ranchi,Pulses,Loamy,6.07,Medium,Low,Medium,920,24,1.21
Ranchi,Rice,Clayey,6.29,Medium,Low,Medium,1404,23,4.06
Ranchi,Rice,Clay Loam,6.75,Low,High,Medium,1217,22,3.72
Ranchi,Pulses,Loamy,6.45,High,Low,Medium,981,22,1.45
Ranchi,Rice,Clay Loam,5.78,Low,Medium,Medium,1414,26,3.73
Ranchi,Wheat,Loamy,7.34,Medium,High,Low,1117,24,3.18
Ranchi,Maize,Loamy,6.6,Low,Medium,Medium,1167,21,2.4
Ranchi,Maize,Sandy Loam,7.2,Low,Medium,Low,1115,24,2.64
Ranchi,Wheat,Loamy,7.21,Low,Medium,High,927,22,3.32
Ranchi,Maize,Sandy Loam,7.35,High,Medium,Low,1077,28,2.97
Ranchi,Rice,Clay Loam,6.69,High,Medium,Low,1204,24,2.74
Ranchi,Wheat,Loamy,6.18,High,High,Medium,922,23,1.99
Ranchi,Wheat,Clay Loam,7.14,High,High,Low,1040,22,2.42
Ranchi,Maize,Loamy,6.1,High,Medium,High,1001,22,2.06
Ranchi,Pulses,Loamy,7.29,Medium,High,High,1078,22,1.21
Ranchi,Rice,Clayey,6.81,Low,Medium,Low,1288,26,3.14
Ranchi,Rice,Clay Loam,5.65,High,High,Low,1396,28,4.39
Ranchi,Rice,Clayey,6.73,High,High,High,1538,30,3.48
Ranchi,Rice,Clay Loam,6.14,Medium,High,Low,1235,23,3.04
Ranchi,Pulses,Loamy,6.84,High,High,Medium,949,20,1.34
Ranchi,Maize,Loamy,6.75,Medium,Medium,Medium,1151,27,2.26
Ranchi,Pulses,Sandy Loam,6.8,High,Low,Low,832,27,1.13
Ranchi,Rice,Clayey,6.81,Low,Medium,High,1217,23,3.32
Ranchi,Wheat,Loamy,6.81,High,Medium,Low,1168,23,1.72
Ranchi,Wheat,Loamy,6.72,Medium,High,Low,1293,24,3.0
Ranchi,Rice,Clay Loam,6.5,Medium,Medium,Medium,1262,30,4.34
Ranchi,Wheat,Clay Loam,7.27,High,Low,High,1281,21,2.58
Ranchi,Pulses,Sandy Loam,6.77,Medium,Low,High,1074,26,1.02
Ranchi,Rice,Clay Loam,6.24,Medium,Medium,Low,1334,29,4.01
Ranchi,Pulses,Loamy,6.23,High,Low,Low,942,27,1.27
Ranchi,Maize,Sandy Loam,6.09,Medium,Medium,Medium,1171,24,2.2
Ranchi,Maize,Loamy,7.1,High,High,Medium,1195,22,3.69
Ranchi,Maize,Sandy Loam,6.3,High,High,Medium,1161,24,2.35
Ranchi,Maize,Sandy Loam,7.44,Low,Medium,High,1167,24,2.36
Ranchi,Wheat,Clay Loam,7.27,Low,Low,Medium,1134,25,3.38
Ranchi,Wheat,Loamy,6.53,Medium,High,Medium,1181,18,2.3
Ranchi,Maize,Loamy,5.98,High,Medium,Medium,966,30,3.28
Ranchi,Wheat,Loamy,7.49,Low,Medium,Low,1016,25,3.29
Ranchi,Maize,Loamy,7.07,Low,Low,Low,1067,18,3.1
Ranchi,Maize,Loamy,7.02,Medium,High,Medium,1004,18,2.57
Ranchi,Maize,Loamy,6.25,Medium,Low,Low,943,21,3.56
Ranchi,Rice,Loamy,6.63,High,Low,Medium,1226,27,3.88
Ranchi,Wheat,Clay Loam,6.31,Low,Medium,Medium,1265,21,2.4
Ranchi,Wheat,Loamy,6.87,High,High,Low,1191,21,2.52
Ranchi,Rice,Clayey,6.73,Low,Medium,Low,1459,26,4.18
Ranchi,Wheat,Loamy,6.25,Medium,Medium,Low,1055,25,2.67
Ranchi,Maize,Loamy,6.36,Medium,Medium,Medium,975,19,3.43
Ranchi,Maize,Loamy,5.94,High,Medium,Medium,978,21,2.3
Ranchi,Maize,Loamy,6.12,Low,Low,Low,940,27,3.65
Ranchi,Pulses,Loamy,7.32,Low,Low,Low,1086,26,1.83
Ranchi,Rice,Loamy,6.83,Medium,Medium,Medium,1592,23,2.84
Ranchi,Pulses,Loamy,7.06,Medium,High,High,979,28,1.72
Ranchi,Rice,Clay Loam,5.84,Low,High,Medium,1392,28,4.26
Ranchi,Maize,Sandy Loam,7.1,High,Medium,Medium,931,19,2.01
Ranchi,Maize,Sandy Loam,6.15,Low,Medium,High,987,25,3.59
Ranchi,Pulses,Loamy,6.46,Medium,Medium,Medium,962,28,1.29
Ranchi,Rice,Clayey,5.92,Low,High,Medium,1593,32,3.52
Ranchi,Rice,Clayey,6.9,Low,Low,Low,1282,28,3.35
Ranchi,Maize,Sandy Loam,7.3,High,Medium,Medium,927,26,3.12
Ranchi,Maize,Loamy,7.14,Low,Low,Medium,949,25,2.94
Ranchi,Rice,Clayey,6.06,Medium,Medium,High,1255,29,2.92
Ranchi,Pulses,Loamy,6.97,Low,High,Medium,1052,18,1.75
Ranchi,Rice,Clay Loam,6.6,Medium,High,Low,1473,25,2.92
Ranchi,Maize,Loamy,6.87,Low,Medium,Medium,936,23,2.98
Ranchi,Maize,Loamy,6.55,Medium,Medium,Low,1041,30,3.54
Ranchi,Wheat,Clay Loam,6.12,High,Low,High,1336,21,3.33
Ranchi,Wheat,Loamy,6.06,High,Medium,Medium,982,23,1.78
Ranchi,Maize,Loamy,5.9,Low,Low,Medium,1154,18,3.95
Ranchi,Rice,Clayey,5.97,Low,High,Medium,1428,32,3.58
Ranchi,Maize,Sandy Loam,7.24,High,Low,Medium,1176,27,3.22
Ranchi,Pulses,Sandy Loam,7.34,Low,Low,Low,812,19,1.56
Ranchi,Rice,Clayey,6.36,Medium,Medium,Low,1384,28,4.24
Ranchi,Maize,Sandy Loam,7.29,Medium,Low,Low,949,30,2.9
Ranchi,Wheat,Clay Loam,7.4,High,Low,High,1043,18,2.05
Ranchi,Rice,Loamy,5.5,Medium,Medium,High,1273,26,2.78
Ranchi,Pulses,Sandy Loam,7.25,Medium,High,Medium,874,26,1.4
Ranchi,Wheat,Clay Loam,7.38,Low,High,High,968,24,2.92
Ranchi,Wheat,Clay Loam,7.3,Low,High,Low,1173,19,2.79
Ranchi,Wheat,Loamy,7.22,High,High,Medium,996,19,1.97
Ranchi,Rice,Clayey,6.39,Low,High,Low,1213,26,3.21
Ranchi,Pulses,Loamy,7.44,Low,Medium,Low,850,19,1.4
Ranchi,Wheat,Loamy,6.6,High,Medium,High,1190,21,2.4
Ranchi,Rice,Clayey,5.51,High,High,Medium,1491,23,3.62
Ranchi,Rice,Loamy,6.34,Medium,Medium,Medium,1259,31,2.96
Ranchi,Maize,Loamy,5.89,Medium,High,High,988,24,2.46
Ranchi,Rice,Clayey,5.8,Low,Medium,Medium,1428,29,2.75
Ranchi,Maize,Loamy,7.21,Medium,High,Medium,1055,25,2.37
Ranchi,Rice,Clay Loam,6.65,Low,High,High,1342,28,2.93
Ranchi,Maize,Loamy,6.52,Low,High,High,1149,29,2.57
Ranchi,Wheat,Clay Loam,6.22,Medium,Medium,Medium,985,25,2.47
Ranchi,Rice,Clayey,6.82,High,Low,Medium,1418,26,4.33
Ranchi,Wheat,Clay Loam,6.97,High,High,High,944,21,2.67
Ranchi,Maize,Sandy Loam,6.19,High,High,High,1071,21,2.62
Ranchi,Maize,Loamy,6.41,Low,Medium,High,1159,25,3.0
Ranchi,Rice,Clayey,5.53,Medium,High,Medium,1579,23,4.11
Ranchi,Pulses,Loamy,7.3,Low,High,Low,1009,25,1.66
Ranchi,Rice,Clayey,5.92,Low,High,Medium,1585,27,2.78
Ranchi,Maize,Sandy Loam,6.92,Medium,Medium,Medium,916,19,3.02
Ranchi,Maize,Loamy,6.78,High,High,High,1116,26,2.25
Ranchi,Wheat,Clay Loam,6.83,Medium,Low,High,987,19,3.27
Ranchi,Maize,Loamy,6.04,Medium,Low,Medium,1066,18,2.97
Ranchi,Rice,Loamy,5.89,Low,Low,Medium,1517,29,3.79
Ranchi,Wheat,Loamy,7.15,Low,High,Low,965,23,3.02
Ranchi,Pulses,Loamy,6.21,Medium,Medium,High,968,20,1.23
Ranchi,Rice,Clay Loam,6.44,Medium,Medium,Low,1291,28,2.67
Ranchi,Pulses,Loamy,6.17,High,High,High,1010,20,1.15
Ranchi,Rice,Clayey,5.68,High,Medium,Low,1447,23,3.81
Ranchi,Maize,Sandy Loam,6.72,Low,Low,Medium,915,21,2.18
Ranchi,Maize,Loamy,7.41,High,Medium,Medium,1192,29,3.38
Ranchi,Rice,Clay Loam,6.54,High,Low,Low,1400,29,4.44
Ranchi,Wheat,Clay Loam,6.57,High,Medium,Medium,1210,21,1.86
Ranchi,Rice,Clay Loam,6.66,Low,Low,Medium,1450,32,2.87
Ranchi,Pulses,Sandy Loam,6.98,Low,Medium,High,1061,21,1.06
Ranchi,Rice,Clayey,5.76,Low,High,Low,1502,24,4.15
Ranchi,Maize,Sandy Loam,7.03,High,Low,Low,987,22,2.33
Ranchi,Rice,Clayey,5.54,Low,Low,Low,1347,27,2.57
Ranchi,Rice,Clayey,5.88,Low,Low,High,1345,25,2.65
Ranchi,Pulses,Loamy,7.08,Medium,Medium,Medium,967,19,1.61
Ranchi,Maize,Loamy,6.74,Low,Low,High,1098,29,3.83
Ranchi,Wheat,Loamy,6.95,High,High,Medium,1215,25,2.12
Ranchi,Pulses,Sandy Loam,7.35,High,High,Medium,963,22,1.19
Ranchi,Rice,Clay Loam,6.91,High,High,Medium,1467,30,3.26
Ranchi,Rice,Clayey,6.52,Medium,Low,Medium,1460,26,3.9
Ranchi,Wheat,Loamy,7.01,Low,High,High,1297,22,1.97
Ranchi,Wheat,Loamy,7.1,High,Medium,Medium,1167,24,1.75
Ranchi,Pulses,Loamy,6.15,Medium,Medium,High,1071,19,1.69
Ranchi,Maize,Loamy,6.36,Low,Low,Low,979,26,3.03
Ranchi,Pulses,Sandy Loam,7.43,Low,High,Medium,915,22,1.03
Ranchi,Pulses,Sandy Loam,6.21,Medium,High,Low,1009,28,1.99
Ranchi,Wheat,Clay Loam,6.34,High,High,High,1064,25,2.38
Ranchi,Maize,Sandy Loam,7.39,Low,Low,Medium,1000,23,2.27
Ranchi,Maize,Loamy,7.44,Medium,Low,Medium,1112,30,3.36
Ranchi,Pulses,Sandy Loam,7.3,High,Medium,Low,1075,25,1.75
Ranchi,Pulses,Sandy Loam,7.22,Low,Low,Medium,994,28,1.27
Ranchi,Wheat,Loamy,6.8,High,High,Medium,1400,19,2.77
Ranchi,Wheat,Clay Loam,6.34,Medium,High,Medium,1172,22,2.09
Ranchi,Rice,Loamy,5.94,Medium,Low,Low,1498,32,4.38
Ranchi,Pulses,Loamy,7.14,High,Medium,High,814,26,1.84
Ranchi,Pulses,Loamy,6.29,High,Medium,High,899,19,1.85
Ranchi,Rice,Clayey,5.69,High,High,Low,1554,32,3.47
Ranchi,Maize,Loamy,7.37,Low,High,High,990,28,3.28
Ranchi,Rice,Loamy,5.87,Low,Medium,Low,1280,24,2.86
Ranchi,Wheat,Loamy,6.82,High,High,Low,1400,23,1.9
Ranchi,Maize,Sandy Loam,5.92,Medium,Medium,Medium,1125,24,3.91
Ranchi,Pulses,Loamy,6.44,Medium,Medium,Medium,1019,20,1.69
Ranchi,Wheat,Loamy,6.84,Medium,Medium,High,1256,20,2.0
Ranchi,Rice,Loamy,6.85,Medium,Medium,High,1468,24,4.14
Ranchi,Maize,Sandy Loam,6.54,Medium,High,Low,1170,22,3.21
Ranchi,Rice,Clay Loam,6.75,Low,Medium,Medium,1593,26,4.17
Ranchi,Rice,Clayey,6.42,Low,High,Medium,1281,27,4.29
Ranchi,Rice,Loamy,5.91,Medium,Low,Medium,1596,25,3.47
Ranchi,Pulses,Sandy Loam,7.26,Low,High,High,1088,28,1.91
Ranchi,Rice,Loamy,6.86,Low,Medium,High,1484,28,3.51
Ranchi,Rice,Loamy,6.1,High,Medium,Medium,1333,22,3.6
Ranchi,Rice,Clay Loam,6.37,Low,Medium,Medium,1250,31,3.28
Ranchi,Maize,Sandy Loam,6.67,High,Low,Medium,908,21,2.37
Ranchi,Maize,Loamy,6.9,Medium,High,Medium,1109,26,3.39
Ranchi,Rice,Clay Loam,6.95,Low,Medium,High,1578,22,3.78
Ranchi,Pulses,Sandy Loam,6.66,Medium,High,High,1007,22,1.7
Ranchi,Wheat,Loamy,6.92,Medium,Low,High,1333,20,2.41
Ranchi,Maize,Sandy Loam,7.28,Medium,Medium,High,1177,27,2.24
Ranchi,Maize,Loamy,6.61,Low,Low,Low,989,28,3.02
Ranchi,Pulses,Loamy,6.32,High,Medium,High,1080,25,1.22
Ranchi,Maize,Sandy Loam,6.02,Medium,Medium,Low,950,26,2.56
Ranchi,Maize,Sandy Loam,7.04,Medium,High,Low,1008,26,3.5
Ranchi,Pulses,Sandy Loam,6.65,Medium,High,High,1099,21,1.12
Ranchi,Wheat,Clay Loam,7.08,Low,Medium,Low,999,23,3.09
Ranchi,Rice,Clay Loam,5.8,Medium,Low,High,1404,24,3.57
Ranchi,Pulses,Sandy Loam,6.85,Medium,High,High,902,23,1.01
Ranchi,Maize,Sandy Loam,6.64,High,High,High,1017,24,2.27
Ranchi,Pulses,Sandy Loam,7.35,High,High,High,974,28,1.15
Ranchi,Wheat,Loamy,6.24,High,Low,High,1079,19,3.29
Ranchi,Rice,Clay Loam,5.78,Medium,Medium,Medium,1227,24,2.83
Ranchi,Wheat,Clay Loam,6.04,Low,Medium,Low,1091,25,2.49
Ranchi,Wheat,Loamy,6.75,Low,Medium,High,1388,23,2.24
Ranchi,Maize,Loamy,6.93,Low,Medium,Medium,939,30,3.71
Ranchi,Rice,Clay Loam,5.88,High,High,Low,1238,25,2.85
Ranchi,Rice,Clay Loam,6.87,Low,High,Low,1226,24,3.35
Ranchi,Maize,Loamy,7.44,Medium,High,Low,940,21,3.33
Ranchi,Rice,Clay Loam,5.88,Low,Medium,Low,1593,32,2.63
Ranchi,Wheat,Loamy,7.17,Low,High,Low,1362,23,2.82
Ranchi,Maize,Loamy,6.43,Medium,Low,Low,984,30,2.63
Ranchi,Wheat,Loamy,6.12,Medium,Low,Medium,903,25,2.96
Ranchi,Pulses,Sandy Loam,6.49,Medium,Low,High,824,22,1.49
Ranchi,Wheat,Loamy,7.36,Low,Low,High,1179,24,3.15
Ranchi,Rice,Loamy,6.55,High,High,Low,1374,25,3.4
Ranchi,Pulses,Loamy,6.89,Low,Medium,Low,816,28,1.68
Ranchi,Rice,Clay Loam,6.15,Low,Low,Low,1554,23,3.01
Ranchi,Rice,Loamy,5.87,Medium,Medium,High,1357,27,3.8
Ranchi,Maize,Loamy,7.2,Low,High,Medium,1084,21,3.64
Ranchi,Pulses,Sandy Loam,6.6,Medium,Medium,Medium,919,23,1.89
Ranchi,Rice,Clay Loam,5.88,High,Medium,Low,1419,23,3.85
Ranchi,Maize,Loamy,6.21,Low,Medium,Medium,965,29,2.25
Ranchi,Maize,Sandy Loam,6.9,Medium,Low,Medium,1191,24,2.47
Ranchi,Maize,Sandy Loam,7.19,High,High,High,1002,26,2.99
Ranchi,Wheat,Clay Loam,6.19,Medium,Medium,Low,1153,22,2.18
Ranchi,Maize,Loamy,6.3,Medium,Low,Low,1167,25,2.2
Ranchi,Maize,Sandy Loam,5.87,High,High,Low,973,22,2.97
Ranchi,Rice,Clayey,6.69,Low,Medium,High,1398,26,3.3
Ranchi,Wheat,Clay Loam,6.19,Low,Medium,Medium,1350,23,2.59
Ranchi,Pulses,Loamy,6.04,High,Low,High,925,27,1.7
Ranchi,Wheat,Clay Loam,7.22,Medium,High,High,1358,18,2.06
Ranchi,Rice,Clay Loam,5.74,Low,Medium,High,1428,31,4.05
Ranchi,Maize,Loamy,5.96,High,Low,Low,973,19,2.81
Ranchi,Pulses,Loamy,6.43,Low,Medium,High,803,22,1.29
Ranchi,Maize,Sandy Loam,6.76,Low,Low,Medium,1017,24,2.14
Ranchi,Rice,Clayey,5.88,Low,High,Low,1385,24,4.34
Ranchi,Rice,Clayey,6.97,Low,High,Low,1268,24,3.66
Ranchi,Rice,Clay Loam,5.57,Medium,High,High,1404,31,4.24
Ranchi,Wheat,Loamy,7.18,High,Low,Medium,1145,18,1.76
Ranchi,Maize,Sandy Loam,7.4,Medium,Medium,Medium,1017,20,3.64
Ranchi,Pulses,Loamy,7.14,Low,Low,High,910,24,1.84
Ranchi,Maize,Loamy,7.16,High,Low,High,1026,19,3.82
Ranchi,Wheat,Clay Loam,6.45,Low,Low,Medium,1271,20,3.24
Ranchi,Rice,Clayey,5.86,High,Low,High,1592,32,4.39
Ranchi,Pulses,Loamy,6.03,Low,High,Medium,960,26,1.32
Ranchi,Pulses,Loamy,6.3,High,Medium,Low,903,22,1.94
Ranchi,Maize,Loamy,6.49,Low,Medium,Medium,1032,29,3.84
Ranchi,Pulses,Loamy,7.44,High,Low,High,945,23,1.51
Ranchi,Maize,Loamy,7.11,Low,Low,Low,1037,21,2.59
Ranchi,Pulses,Loamy,6.68,Low,Medium,Medium,1011,20,1.42
Ranchi,Maize,Loamy,5.82,High,High,High,987,21,2.62
Ranchi,Pulses,Sandy Loam,7.22,Medium,Medium,Medium,1093,20,1.04
Ranchi,Rice,Loamy,5.75,Medium,Low,Medium,1537,27,2.59
Ranchi,Wheat,Clay Loam,6.08,High,High,Low,1331,19,3.33
Ranchi,Maize,Sandy Loam,7.3,High,Low,High,908,26,3.49
Ranchi,Maize,Sandy Loam,7.13,Low,High,Low,1021,28,2.98
Ranchi,Pulses,Sandy Loam,6.87,Low,Medium,Low,922,18,1.69
Ranchi,Rice,Clay Loam,5.73,High,Medium,Low,1227,26,4.11
Ranchi,Maize,Loamy,6.28,Low,High,High,1147,28,3.46
Ranchi,Wheat,Loamy,7.03,Medium,High,Medium,1103,18,2.7
Ranchi,Wheat,Loamy,6.51,High,Medium,Low,1238,20,2.61
Ranchi,Maize,Loamy,7.09,High,High,High,1142,19,3.91
Ranchi,Maize,Loamy,6.59,Medium,Medium,High,1169,29,2.43
Ranchi,Pulses,Loamy,6.59,Low,Medium,Medium,1041,18,1.54
Ranchi,Maize,Loamy,7.1,Medium,High,Medium,1164,29,2.51
Ranchi,Wheat,Clay Loam,6.75,Low,High,Low,1374,23,2.14
Ranchi,Rice,Loamy,6.58,High,Medium,High,1542,22,3.94
Ranchi,Rice,Clayey,6.99,Medium,Low,Medium,1365,23,3.98
Ranchi,Pulses,Loamy,6.06,Medium,Medium,High,964,24,1.11
Ranchi,Maize,Loamy,7.47,High,Medium,High,916,30,2.02
Ranchi,Wheat,Clay Loam,6.78,High,Medium,Medium,1222,21,2.45
Ranchi,Rice,Clay Loam,6.03,Medium,High,Medium,1480,23,3.71
Ranchi,Pulses,Loamy,6.29,Medium,Low,Medium,978,20,1.1
Ranchi,Rice,Clayey,6.55,Medium,Medium,Medium,1302,23,2.94
Ranchi,Maize,Loamy,6.65,High,Medium,Low,1166,18,3.54
Ranchi,Pulses,Sandy Loam,6.85,High,Medium,Medium,1054,23,1.53
Ranchi,Pulses,Sandy Loam,6.18,High,Medium,Low,1076,28,1.75
Ranchi,Rice,Loamy,5.63,Medium,Medium,Medium,1334,28,2.72
Ranchi,Rice,Loamy,6.03,High,Low,Low,1263,30,4.48
Ranchi,Maize,Loamy,6.16,High,Low,High,1166,22,2.89
Ranchi,Rice,Clay Loam,6.66,High,High,Medium,1226,28,2.6
Ranchi,Maize,Loamy,7.02,Medium,Low,Low,1022,28,2.92
Ranchi,Maize,Loamy,6.64,Medium,Medium,Medium,1031,26,3.05
Ranchi,Rice,Clayey,6.73,Low,Low,Medium,1505,24,2.84
Ranchi,Pulses,Sandy Loam,6.31,Medium,Low,High,1072,20,1.36
Ranchi,Wheat,Loamy,6.49,Low,High,Medium,1172,20,2.59
Ranchi,Wheat,Loamy,6.13,Low,Medium,Low,1302,24,3.13
Ranchi,Rice,Clay Loam,5.55,High,Medium,Medium,1464,31,4.28
Ranchi,Pulses,Loamy,6.09,Low,High,Low,1091,20,1.54
Ranchi,Maize,Sandy Loam,6.94,Medium,Medium,Low,1051,21,2.0
Ranchi,Maize,Sandy Loam,7.09,Medium,Low,High,1156,20,2.95
Ranchi,Wheat,Loamy,6.4,Low,High,High,1225,21,1.74
Ranchi,Pulses,Sandy Loam,6.5,Medium,Medium,High,1018,19,1.9
Ranchi,Rice,Loamy,5.8,Medium,Medium,Medium,1358,26,2.78
Ranchi,Maize,Loamy,7.36,Medium,Medium,High,970,27,3.79
Ranchi,Wheat,Clay Loam,7.07,Medium,High,High,1183,25,2.48
Ranchi,Pulses,Sandy Loam,7.25,High,Low,Low,1072,25,1.64
Ranchi,Rice,Clay Loam,6.89,Low,High,High,1452,30,2.72
Ranchi,Wheat,Loamy,7.19,High,Medium,High,925,18,2.2
Ranchi,Wheat,Clay Loam,6.24,Medium,Medium,High,1129,19,2.61
Ranchi,Wheat,Loamy,7.06,Medium,Medium,High,1364,23,2.11
Ranchi,Rice,Clayey,6.19,High,Low,Low,1522,24,3.2
Ranchi,Pulses,Loamy,7.18,Low,Medium,Low,879,28,1.16
Ranchi,Wheat,Loamy,6.07,Low,Low,High,1366,25,2.02
Ranchi,Rice,Loamy,5.79,High,High,Medium,1273,28,3.84
Ranchi,Wheat,Clay Loam,6.53,Low,Low,Medium,1214,20,3.33
Ranchi,Rice,Clayey,6.16,Medium,High,Low,1321,27,2.62
Ranchi,Maize,Sandy Loam,6.78,Low,Medium,High,1046,28,3.68
Ranchi,Maize,Loamy,6.88,Low,High,High,1116,24,2.16
Ranchi,Wheat,Loamy,6.16,Medium,Medium,Medium,1233,23,2.19
Ranchi,Wheat,Clay Loam,6.47,Medium,Medium,Medium,995,19,2.07
Ranchi,Maize,Loamy,6.85,Medium,Medium,High,1161,28,3.31
Ranchi,Maize,Loamy,6.97,Medium,Medium,Medium,1191,29,2.37
Ranchi,Rice,Loamy,6.57,Medium,Low,Low,1481,26,3.33
Ranchi,Wheat,Clay Loam,6.05,Medium,High,High,1375,18,2.2
Ranchi,Wheat,Loamy,6.56,High,High,Medium,1320,24,2.58
Ranchi,Rice,Clayey,5.51,Medium,Medium,Low,1505,30,3.28
Ranchi,Wheat,Loamy,7.35,Medium,Low,Low,1361,25,1.73
Ranchi,Maize,Loamy,6.32,High,Low,Low,922,26,2.44
Ranchi,Rice,Clayey,5.77,Low,High,High,1590,27,2.8
Ranchi,Wheat,Loamy,6.41,High,High,High,1152,20,1.87
Ranchi,Pulses,Sandy Loam,6.38,Medium,High,High,1030,23,1.22
Ranchi,Wheat,Loamy,6.09,Medium,High,Medium,1090,23,2.0
Ranchi,Wheat,Clay Loam,6.94,Low,Medium,High,1160,25,3.01
Ranchi,Wheat,Loamy,6.49,Low,Low,Medium,1199,25,2.19
Ranchi,Wheat,Loamy,6.3,Low,Low,Medium,1157,23,2.75
Ranchi,Maize,Sandy Loam,5.85,Low,Medium,Medium,1151,26,2.29
Ranchi,Wheat,Clay Loam,7.23,High,High,Medium,911,21,3.29
Ranchi,Maize,Loamy,5.94,High,High,High,1141,24,3.3
Ranchi,Rice,Clayey,6.29,Low,High,High,1284,25,4.09
Ranchi,Maize,Sandy Loam,6.27,Low,Medium,Low,900,25,3.01
Ranchi,Wheat,Clay Loam,6.32,High,Low,Low,1151,22,1.77
Ranchi,Wheat,Loamy,6.37,Medium,Medium,Low,1180,20,3.35
Ranchi,Rice,Clayey,5.93,Low,Medium,High,1546,32,3.62
Ranchi,Pulses,Sandy Loam,7.2,Low,Medium,High,954,27,1.76
Ranchi,Rice,Loamy,6.36,High,Low,Low,1509,32,3.85
Ranchi,Rice,Clay Loam,6.04,Medium,Low,Low,1519,27,3.33
Ranchi,Rice,Clayey,6.45,Medium,High,Medium,1480,24,3.44
Ranchi,Maize,Sandy Loam,6.66,Medium,Medium,High,1109,29,2.14
Ranchi,Pulses,Sandy Loam,6.01,Low,Medium,Low,865,24,1.01
Ranchi,Maize,Sandy Loam,5.95,Medium,High,Medium,1173,20,3.32
Ranchi,Maize,Sandy Loam,6.11,High,High,High,921,25,2.34
Ranchi,Rice,Clayey,6.48,High,High,Low,1269,32,4.25
Ranchi,Rice,Clayey,6.16,Medium,High,High,1521,32,4.09
Ranchi,Wheat,Loamy,6.9,Low,High,High,1210,24,2.65
Ranchi,Maize,Sandy Loam,7.07,Low,High,Medium,1116,22,2.45
Ranchi,Pulses,Loamy,6.17,Medium,High,Medium,959,19,1.3
Ranchi,Pulses,Loamy,6.67,High,Medium,Medium,917,28,1.36
Ranchi,Pulses,Sandy Loam,7.14,Low,Low,Medium,1043,26,2.0
Ranchi,Pulses,Sandy Loam,6.98,Medium,High,Medium,854,20,1.21
Ranchi,Rice,Clayey,5.89,High,High,Medium,1328,30,3.22
Ranchi,Rice,Clay Loam,5.54,High,High,High,1516,24,3.48
Ranchi,Pulses,Loamy,6.96,Low,High,Medium,917,26,1.98
Ranchi,Rice,Loamy,6.07,Low,Low,Medium,1502,30,2.62
Ranchi,Rice,Clayey,6.28,Medium,Medium,Medium,1227,29,3.26
Ranchi,Wheat,Clay Loam,6.15,High,High,High,1106,21,2.86
Ranchi,Wheat,Clay Loam,7.07,Low,High,Medium,925,24,2.38
Ranchi,Wheat,Loamy,6.75,High,High,High,1196,19,3.27
Ranchi,Pulses,Loamy,6.51,High,Low,Low,884,25,1.16
Ranchi,Maize,Sandy Loam,5.81,Medium,Low,High,1053,28,2.64
Ranchi,Rice,Clay Loam,6.67,Low,Medium,Medium,1390,31,3.88
Ranchi,Maize,Loamy,7.03,Medium,High,Low,1179,18,3.37
Ranchi,Wheat,Clay Loam,6.32,Low,High,High,906,19,2.49
Ranchi,Wheat,Loamy,6.46,Medium,Low,Low,1148,25,3.35
Ranchi,Rice,Loamy,5.92,Low,Low,Medium,1390,29,2.68
Ranchi,Wheat,Loamy,7.14,Low,Medium,High,1225,23,3.09
Ranchi,Pulses,Sandy Loam,7.31,Medium,High,Low,907,18,1.87
Ranchi,Rice,Clay Loam,5.82,High,Low,High,1307,23,4.0
Ranchi,Maize,Sandy Loam,5.98,High,High,Medium,1041,30,2.17
Ranchi,Pulses,Loamy,7.42,Medium,Low,High,1075,18,1.69
Ranchi,Rice,Clay Loam,6.55,Low,Low,High,1571,28,2.7
Ranchi,Rice,Loamy,6.45,Low,Medium,Low,1476,23,3.03
Ranchi,Maize,Loamy,6.66,Medium,High,Low,985,23,2.77
Ranchi,Maize,Loamy,7.02,Medium,High,Low,939,22,3.37
Ranchi,Wheat,Loamy,7.42,Medium,High,High,1174,22,2.33
Ranchi,Pulses,Loamy,6.74,Low,Low,High,1018,27,1.16
Ranchi,Maize,Sandy Loam,6.58,Low,High,High,1194,24,3.29
Ranchi,Wheat,Loamy,6.01,Medium,High,High,1160,24,2.42
Ranchi,Maize,Sandy Loam,7.02,Low,High,Medium,1153,26,2.98
Ranchi,Maize,Loamy,7.19,Low,Low,Medium,1169,30,2.47
Ranchi,Wheat,Loamy,6.46,High,Low,Low,1201,21,1.78
Ranchi,Rice,Clay Loam,5.74,High,Medium,Medium,1454,28,3.11
Ranchi,Maize,Sandy Loam,6.57,High,Medium,Low,1028,18,2.71
Ranchi,Maize,Sandy Loam,7.06,High,High,Medium,954,29,3.38
Ranchi,Pulses,Loamy,7.21,Medium,Medium,Medium,1087,24,1.24
Ranchi,Maize,Sandy Loam,7.23,High,Medium,Medium,1036,20,2.49
Ranchi,Maize,Loamy,6.44,Medium,Low,High,1169,20,2.76
Ranchi,Rice,Clay Loam,6.27,Low,Medium,Low,1201,32,3.99
Ranchi,Wheat,Loamy,7.2,Low,High,Low,1350,19,3.33
Ranchi,Pulses,Loamy,6.17,Low,Low,Low,813,22,1.75
Ranchi,Maize,Sandy Loam,6.57,Medium,High,Low,1153,25,3.19
Ranchi,Rice,Clay Loam,6.04,Low,Medium,Low,1458,32,3.99
Ranchi,Pulses,Loamy,6.8,High,High,Medium,1054,19,1.16
Ranchi,Wheat,Loamy,6.27,Medium,High,Low,970,25,2.42
Ranchi,Wheat,Clay Loam,7.12,Low,High,Low,1201,19,3.07
Ranchi,Maize,Sandy Loam,7.02,High,High,High,973,27,2.81
Ranchi,Rice,Loamy,5.9,High,High,High,1269,25,3.93
Ranchi,Pulses,Loamy,6.84,Medium,Medium,High,948,23,1.39
Ranchi,Rice,Loamy,6.68,Low,High,Medium,1201,26,4.2
Ranchi,Pulses,Sandy Loam,6.59,Low,Medium,High,829,26,1.48
Ranchi,Pulses,Loamy,6.67,Medium,High,Low,1076,23,1.23
Ranchi,Rice,Loamy,6.0,Low,Low,Medium,1527,26,2.7
Ranchi,Pulses,Loamy,6.14,High,Medium,Low,1007,26,1.77
Ranchi,Pulses,Sandy Loam,6.55,Medium,Medium,Low,1082,23,1.94
Ranchi,Rice,Clay Loam,6.53,High,High,High,1407,32,4.13
Ranchi,Pulses,Sandy Loam,6.69,Low,Medium,Low,1070,19,1.2
Ranchi,Wheat,Clay Loam,6.2,High,High,High,968,20,2.97
Ranchi,Rice,Clay Loam,5.83,High,Low,High,1456,25,3.27
Ranchi,Wheat,Loamy,7.44,Low,Medium,High,913,25,1.85
Ranchi,Maize,Sandy Loam,6.99,Low,High,Low,1195,23,2.92
Ranchi,Pulses,Loamy,6.38,Low,Low,High,949,19,1.78
Ranchi,Maize,Sandy Loam,6.31,Low,Low,Medium,910,25,3.71
Ranchi,Rice,Loamy,6.31,Low,Medium,High,1483,28,2.75
Ranchi,Rice,Clayey,5.82,High,Low,Medium,1332,29,3.53
Ranchi,Pulses,Loamy,6.46,Medium,High,Medium,890,20,1.05
Ranchi,Pulses,Sandy Loam,6.49,High,High,Medium,949,28,1.31
Ranchi,Pulses,Loamy,6.12,Low,High,Low,936,20,1.11
Ranchi,Wheat,Loamy,7.48,Low,High,High,1079,22,1.72
Ranchi,Pulses,Loamy,7.07,Medium,Low,Medium,906,18,1.95
Ranchi,Rice,Loamy,6.62,High,High,Low,1380,26,2.69
Ranchi,Maize,Loamy,6.04,Medium,Low,Low,977,21,2.99
Ranchi,Pulses,Sandy Loam,6.76,Low,Low,High,895,20,1.67
Ranchi,Maize,Sandy Loam,7.32,High,High,High,1183,23,2.39
Ranchi,Rice,Clay Loam,6.02,High,High,Medium,1509,25,2.51
Ranchi,Wheat,Clay Loam,6.61,High,Low,Low,1010,21,1.79
Ranchi,Maize,Sandy Loam,6.46,Low,Low,Low,974,30,3.09
Ranchi,Rice,Clay Loam,6.22,High,Low,High,1456,26,3.88
Ranchi,Maize,Loamy,7.31,Low,Medium,High,1105,30,2.9
Ranchi,Wheat,Clay Loam,6.36,Low,Medium,Low,913,20,3.31
Ranchi,Maize,Loamy,6.96,High,Low,Low,1089,26,3.61
Ranchi,Pulses,Loamy,6.64,High,Medium,Low,1008,25,1.85
Ranchi,Wheat,Clay Loam,7.39,High,Medium,Medium,1283,22,2.68
Ranchi,Rice,Clay Loam,6.53,High,Low,Low,1442,22,3.38
Ranchi,Maize,Loamy,7.05,Low,Low,Medium,1173,19,2.16
Ranchi,Wheat,Clay Loam,7.48,Medium,Medium,High,1238,22,1.99
Ranchi,Maize,Loamy,6.05,Medium,High,Low,1115,30,3.02
Ranchi,Rice,Loamy,6.56,High,High,High,1225,22,3.73
Ranchi,Wheat,Loamy,7.16,Medium,Medium,Low,990,23,2.87
Ranchi,Rice,Loamy,5.64,High,Medium,Low,1254,26,3.66
Ranchi,Pulses,Sandy Loam,7.3,Medium,High,High,838,28,1.13
Ranchi,Wheat,Clay Loam,7.17,High,Low,Low,1255,19,3.17
Ranchi,Rice,Clayey,5.98,High,High,Low,1470,30,4.45
Ranchi,Wheat,Clay Loam,6.94,Medium,Medium,High,1070,20,1.89
Ranchi,Maize,Loamy,7.3,Medium,Low,Low,979,29,2.57
Ranchi,Pulses,Loamy,6.55,Medium,Low,Medium,1042,25,1.23
Ranchi,Pulses,Loamy,6.19,Medium,Low,High,811,20,1.08
Ranchi,Rice,Clay Loam,6.48,High,Low,Low,1574,23,2.69
Ranchi,Rice,Clay Loam,6.2,Low,Low,High,1368,29,2.97
Ranchi,Maize,Sandy Loam,6.33,High,High,Low,1160,20,3.29
Ranchi,Pulses,Sandy Loam,6.94,High,Medium,High,985,28,1.41
Ranchi,Pulses,Sandy Loam,6.48,Low,Low,Medium,851,21,1.25
Ranchi,Pulses,Loamy,7.46,Medium,High,High,966,18,1.12
Ranchi,Wheat,Clay Loam,6.32,Low,Low,Medium,1072,25,1.74
Ranchi,Maize,Loamy,7.43,High,High,Low,956,26,2.96
Ranchi,Rice,Loamy,6.54,High,Low,High,1536,28,4.32
Ranchi,Maize,Loamy,6.71,Low,Medium,High,1188,25,2.83
Ranchi,Maize,Loamy,6.63,Medium,Low,Low,972,20,3.75
Ranchi,Wheat,Clay Loam,7.27,Medium,High,Medium,1081,21,2.1
Ranchi,Pulses,Sandy Loam,6.53,Low,Medium,High,860,26,1.54
Ranchi,Rice,Loamy,6.53,Low,High,Medium,1339,32,3.99
Ranchi,Maize,Loamy,7.33,Medium,Medium,Low,1157,29,3.86
Ranchi,Rice,Clayey,5.52,Low,Medium,Medium,1586,23,3.69
Ranchi,Maize,Sandy Loam,7.23,Low,High,High,1044,18,2.17
Ranchi,Pulses,Loamy,6.36,Medium,High,Low,816,23,1.3
Ranchi,Rice,Clay Loam,5.78,Low,High,Medium,1425,24,4.33
Ranchi,Maize,Sandy Loam,7.11,Low,High,Low,943,28,2.36
Ranchi,Pulses,Loamy,6.63,Medium,Medium,Low,942,18,1.48
Ranchi,Wheat,Clay Loam,6.16,High,High,Medium,966,18,2.81
Ranchi,Pulses,Sandy Loam,6.42,High,Low,High,822,19,1.65
Ranchi,Maize,Sandy Loam,5.82,Medium,Medium,High,1087,23,3.13
Ranchi,Wheat,Loamy,6.34,High,Medium,Medium,1070,20,3.26
Ranchi,Maize,Loamy,6.92,High,High,High,957,28,3.07
Ranchi,Pulses,Loamy,6.76,Low,High,Low,1035,19,1.65
Ranchi,Pulses,Sandy Loam,7.11,Medium,Low,Medium,962,26,1.96
Ranchi,Rice,Clay Loam,6.4,High,Low,Medium,1418,27,4.33
Ranchi,Pulses,Sandy Loam,6.95,High,Low,Medium,1015,19,1.57
Ranchi,Rice,Clayey,6.94,High,Low,High,1566,25,2.71
Ranchi,Pulses,Sandy Loam,6.37,Medium,Low,High,959,23,1.08
Ranchi,Wheat,Clay Loam,6.75,Low,Medium,Medium,971,25,1.72
Ranchi,Wheat,Loamy,6.38,High,High,High,1384,23,2.16
Ranchi,Maize,Sandy Loam,7.29,Medium,Low,High,1022,22,3.87
Ranchi,Rice,Clayey,6.52,Low,Medium,Low,1496,24,4.29
Ranchi,Pulses,Sandy Loam,6.26,Low,Low,Low,988,20,1.59
Ranchi,Pulses,Sandy Loam,6.63,Medium,Medium,High,864,28,1.25
Ranchi,Rice,Loamy,5.76,Low,Low,Low,1584,31,3.6
Ranchi,Rice,Clay Loam,6.47,Low,Low,Medium,1206,27,2.78
Ranchi,Pulses,Loamy,7.24,High,Medium,High,993,27,1.14
Ranchi,Rice,Clay Loam,6.56,Medium,Medium,Medium,1385,26,2.89
Ranchi,Maize,Sandy Loam,6.48,Low,Low,Medium,1014,21,2.26
Ranchi,Maize,Loamy,7.29,Medium,Low,High,1034,23,3.49
Ranchi,Rice,Loamy,5.67,High,Medium,Medium,1219,27,3.87
Ranchi,Wheat,Clay Loam,6.52,Low,Medium,High,1260,20,3.09
Ranchi,Pulses,Loamy,7.16,Low,High,Low,863,18,1.4
Ranchi,Rice,Loamy,6.24,Medium,Low,Medium,1216,24,3.84
Ranchi,Maize,Loamy,6.52,Low,Low,High,1098,28,3.24
Ranchi,Wheat,Clay Loam,6.18,High,Medium,Low,1323,24,2.73
Ranchi,Pulses,Loamy,7.47,Low,High,High,860,23,1.96
Ranchi,Wheat,Loamy,6.55,Medium,High,High,1085,21,3.4
Ranchi,Pulses,Sandy Loam,7.38,Medium,Medium,High,850,27,1.54
Ranchi,Maize,Sandy Loam,7.17,Medium,Low,Low,993,20,2.29
Ranchi,Pulses,Loamy,7.5,Medium,Low,Medium,819,23,1.99
Ranchi,Maize,Loamy,6.38,High,High,Medium,1024,22,2.6
Ranchi,Rice,Loamy,6.93,High,High,Low,1454,30,3.1
Ranchi,Maize,Loamy,7.12,Medium,Low,High,1119,26,3.09
Ranchi,Maize,Loamy,5.83,Medium,Low,Low,936,24,3.49
Ranchi,Maize,Loamy,7.2,Low,Medium,High,1171,22,2.17
Ranchi,Pulses,Sandy Loam,7.09,Medium,Medium,Low,1059,22,1.65
Ranchi,Wheat,Loamy,6.98,Medium,Medium,High,1154,23,3.17
Ranchi,Maize,Sandy Loam,6.07,Low,Low,Medium,1140,21,2.83
Ranchi,Rice,Clayey,6.96,High,Medium,High,1203,27,2.76
Ranchi,Pulses,Loamy,6.43,High,Medium,Low,1089,23,1.35
Ranchi,Pulses,Loamy,6.22,Low,Medium,Medium,908,24,1.58
Ranchi,Pulses,Loamy,6.32,Low,Low,Low,805,25,1.1
Ranchi,Rice,Loamy,6.44,Medium,Low,Low,1394,23,2.73
Ranchi,Pulses,Sandy Loam,6.59,Low,Low,Low,838,21,1.79
Ranchi,Wheat,Clay Loam,7.16,Medium,Medium,Low,1130,19,2.73
Ranchi,Maize,Sandy Loam,7.26,Medium,Low,Low,1128,30,3.92
Ranchi,Pulses,Sandy Loam,6.7,Low,Low,Medium,896,20,1.01
Ranchi,Wheat,Clay Loam,7.49,Medium,Medium,High,1381,23,3.24
Ranchi,Pulses,Loamy,6.5,Low,Medium,Medium,996,19,1.67
Ranchi,Maize,Loamy,5.89,Low,High,High,1146,29,3.87
Ranchi,Wheat,Clay Loam,6.99,Low,Medium,Medium,951,20,3.11
Ranchi,Wheat,Loamy,6.38,Medium,Medium,Low,1196,19,2.8
Ranchi,Maize,Loamy,6.78,Low,Medium,Medium,1090,20,3.67
Ranchi,Wheat,Loamy,6.05,High,Low,Low,1087,24,3.16
Ranchi,Maize,Loamy,6.76,High,Medium,Medium,1186,21,3.94
Ranchi,Maize,Sandy Loam,6.91,Low,Medium,High,1038,20,2.73
Ranchi,Wheat,Clay Loam,6.63,High,Low,High,1189,18,3.18
Ranchi,Wheat,Clay Loam,7.35,High,Medium,High,1345,23,2.42
Ranchi,Rice,Clayey,6.06,Low,Medium,Medium,1307,23,3.25
Ranchi,Pulses,Sandy Loam,7.05,High,Medium,High,1100,27,1.25
Ranchi,Maize,Loamy,6.74,High,High,Medium,1049,27,2.17
Ranchi,Pulses,Loamy,7.04,Medium,High,Low,1084,19,1.66
Ranchi,Rice,Loamy,6.13,Low,Low,Low,1320,25,2.97
Ranchi,Pulses,Loamy,6.74,Low,Low,Low,940,24,1.54
Ranchi,Wheat,Loamy,6.88,Low,High,Low,1277,25,3.01
Ranchi,Rice,Clay Loam,6.34,High,Medium,Medium,1476,27,2.76
Ranchi,Rice,Clay Loam,5.57,Low,Low,High,1497,26,4.09
Ranchi,Rice,Loamy,5.74,Medium,Medium,Medium,1586,30,3.36
Ranchi,Rice,Clayey,5.92,Medium,Low,Low,1332,24,3.57
Ranchi,Rice,Loamy,6.44,High,Low,Low,1303,28,2.9
Ranchi,Pulses,Sandy Loam,6.75,Low,High,Low,1059,26,1.95
Ranchi,Pulses,Loamy,7.28,Medium,High,Medium,1014,23,1.17
Ranchi,Maize,Loamy,6.62,High,High,High,1005,23,2.54
Ranchi,Rice,Clay Loam,5.94,High,High,Medium,1252,24,3.82
Ranchi,Wheat,Loamy,7.19,Medium,High,High,1387,25,2.55
Ranchi,Rice,Loamy,6.89,Medium,High,Medium,1245,22,3.36
Ranchi,Maize,Sandy Loam,6.7,Medium,Low,High,1084,26,2.6
Ranchi,Pulses,Sandy Loam,6.53,Medium,Low,Medium,876,27,1.88
Ranchi,Wheat,Clay Loam,6.03,Low,High,High,1133,21,2.47
Ranchi,Wheat,Loamy,6.33,Low,High,Low,1222,19,2.81
Ranchi,Rice,Clayey,5.67,Low,High,Low,1374,28,3.71
Ranchi,Pulses,Sandy Loam,7.29,Low,Low,Medium,844,23,1.56
Ranchi,Wheat,Loamy,7.0,High,Low,High,1195,19,2.55
Ranchi,Wheat,Clay Loam,7.33,High,High,Low,1354,21,3.4
Ranchi,Rice,Clayey,5.54,Low,Low,Medium,1374,32,2.9
Ranchi,Wheat,Loamy,7.45,Medium,High,Low,1216,18,2.02
Ranchi,Maize,Sandy Loam,6.71,Low,Medium,Low,930,20,3.37
Ranchi,Rice,Clay Loam,6.01,Medium,Low,High,1569,25,2.88
Ranchi,Rice,Loamy,6.92,Medium,High,Medium,1450,27,3.31
Ranchi,Maize,Sandy Loam,7.24,High,Low,Medium,914,27,2.75
Ranchi,Maize,Sandy Loam,6.15,High,High,Medium,968,21,2.94
Ranchi,Maize,Sandy Loam,7.15,High,Low,High,1184,29,2.99
Ranchi,Maize,Sandy Loam,5.85,High,High,High,920,21,2.23
Ranchi,Maize,Sandy Loam,6.98,Medium,Low,Low,989,28,2.45
Ranchi,Maize,Sandy Loam,5.86,Medium,High,High,1054,28,3.56
Ranchi,Maize,Loamy,7.04,Low,Medium,High,906,28,3.04
Ranchi,Wheat,Clay Loam,6.25,Medium,Low,Medium,967,21,1.86
Ranchi,Pulses,Loamy,7.35,High,Low,High,809,19,1.65
Ranchi,Maize,Loamy,6.61,High,Low,Medium,1016,24,3.36
Ranchi,Rice,Clay Loam,5.53,Low,High,Low,1211,27,2.74
Ranchi,Wheat,Loamy,7.04,High,High,High,1369,22,2.42
Ranchi,Rice,Clayey,6.8,Medium,Low,Low,1228,32,4.22
Ranchi,Wheat,Loamy,7.1,Low,High,Medium,1131,20,2.33
Ranchi,Pulses,Sandy Loam,6.56,High,Low,Medium,1037,19,1.3
Ranchi,Rice,Clay Loam,5.59,Medium,Medium,High,1275,27,2.97
Ranchi,Pulses,Loamy,6.12,High,High,Medium,822,20,1.92
Ranchi,Wheat,Clay Loam,7.03,Medium,High,Medium,1199,25,1.82
Ranchi,Wheat,Clay Loam,6.88,High,Medium,Low,1166,19,2.82
Ranchi,Rice,Loamy,6.03,Low,High,Low,1519,23,2.69
Ranchi,Maize,Sandy Loam,7.11,High,High,Low,1102,25,3.31
Ranchi,Pulses,Sandy Loam,6.13,Low,High,Medium,1039,23,1.68
Ranchi,Maize,Loamy,6.68,High,High,Medium,1054,23,2.69
Ranchi,Maize,Loamy,7.11,Low,Medium,Medium,976,18,2.68
Ranchi,Wheat,Clay Loam,6.54,Medium,Low,High,1314,22,2.36
Ranchi,Wheat,Loamy,6.29,Medium,Medium,Low,1080,23,3.03
Ranchi,Wheat,Clay Loam,6.32,Low,Medium,High,1370,24,2.34
Ranchi,Rice,Clay Loam,5.95,Low,Medium,Medium,1403,26,3.74
Ranchi,Pulses,Loamy,7.07,Medium,Medium,Low,836,24,1.25
Ranchi,Maize,Loamy,6.65,High,Low,High,1150,18,2.57
Ranchi,Maize,Sandy Loam,5.97,Medium,Low,Medium,1095,21,3.13
Ranchi,Pulses,Loamy,7.28,Medium,High,Medium,833,19,1.28
Ranchi,Wheat,Loamy,6.65,High,Medium,Low,1069,25,1.88
Ranchi,Pulses,Sandy Loam,7.02,High,High,High,1069,18,1.12
Ranchi,Maize,Loamy,6.27,Medium,Low,High,1107,21,2.86
Ranchi,Maize,Sandy Loam,6.91,High,High,High,981,30,2.92
Ranchi,Rice,Clayey,5.71,Low,Medium,High,1357,25,2.96
Ranchi,Rice,Clay Loam,6.99,Medium,Medium,High,1284,31,4.16
Ranchi,Rice,Loamy,5.7,Low,Low,Low,1219,30,3.73
Ranchi,Pulses,Loamy,7.36,High,Medium,High,1000,22,1.94
Ranchi,Maize,Sandy Loam,6.24,Medium,Medium,High,1085,30,3.12
Ranchi,Maize,Sandy Loam,6.62,High,High,Low,1073,27,3.41
Ranchi,Wheat,Clay Loam,7.15,Medium,Medium,Medium,1048,19,2.48
Ranchi,Rice,Loamy,6.86,High,Low,Low,1468,31,2.95
Ranchi,Wheat,Clay Loam,6.85,High,High,High,1295,25,2.26
Ranchi,Pulses,Sandy Loam,7.26,High,Medium,High,1086,23,1.1
Ranchi,Maize,Sandy Loam,6.31,Low,High,High,1152,23,2.38
Ranchi,Pulses,Loamy,6.86,Low,High,Low,933,27,1.16
Ranchi,Rice,Clay Loam,5.59,High,High,High,1435,29,4.42
Ranchi,Maize,Sandy Loam,6.37,Medium,Medium,Low,1145,25,3.37
Ranchi,Wheat,Loamy,6.11,Medium,Medium,Medium,1046,21,1.77
Ranchi,Pulses,Sandy Loam,7.38,Low,Medium,High,967,28,1.63
Ranchi,Maize,Sandy Loam,6.26,Medium,High,Medium,921,23,3.38
Ranchi,Wheat,Loamy,7.19,Medium,High,Medium,1322,21,2.52
Ranchi,Rice,Clayey,6.39,Medium,High,High,1553,26,3.23
Ranchi,Maize,Loamy,6.27,Medium,Low,High,1099,29,3.11
Ranchi,Rice,Loamy,5.86,High,Low,High,1378,27,2.54
Ranchi,Maize,Sandy Loam,6.34,Medium,Low,Low,985,26,3.04
Ranchi,Wheat,Loamy,6.91,Medium,Low,Low,1048,24,2.99
Ranchi,Wheat,Clay Loam,6.16,Medium,Medium,Medium,1277,24,1.87
Ranchi,Rice,Clayey,5.58,Low,Low,Low,1302,23,3.31
Ranchi,Pulses,Loamy,7.48,Low,Medium,Low,934,23,1.97
Ranchi,Rice,Clayey,6.54,Low,Low,Medium,1502,28,3.08
Ranchi,Maize,Sandy Loam,6.9,High,High,Medium,919,29,2.75
Ranchi,Maize,Sandy Loam,5.82,Medium,Medium,Low,1117,28,2.3
Ranchi,Rice,Loamy,5.81,Medium,Low,Low,1430,24,4.5
Ranchi,Rice,Loamy,6.58,Medium,High,High,1276,22,2.53
Ranchi,Maize,Sandy Loam,7.3,High,Medium,High,901,23,2.78
Ranchi,Rice,Clayey,6.58,High,Medium,Medium,1507,26,3.37
Ranchi,Rice,Clayey,6.6,Low,Low,Low,1581,25,3.93
Ranchi,Wheat,Clay Loam,7.5,High,Medium,Medium,982,25,2.24
Ranchi,Wheat,Loamy,6.61,Low,High,Low,912,23,2.2
Ranchi,Rice,Clay Loam,5.8,Medium,High,Medium,1286,26,2.56
Ranchi,Rice,Loamy,6.59,High,High,Medium,1358,23,3.27
Ranchi,Pulses,Sandy Loam,6.07,High,Low,Low,869,27,1.75
Ranchi,Pulses,Sandy Loam,6.99,Low,High,High,1021,22,1.34
Ranchi,Wheat,Loamy,6.33,Low,Medium,Medium,1082,20,1.84
Ranchi,Maize,Loamy,6.49,Medium,Medium,Low,1037,22,3.65
Ranchi,Rice,Clay Loam,6.19,High,Medium,Medium,1347,24,2.61
Ranchi,Maize,Loamy,7.2,Medium,Low,Medium,992,20,3.41
Ranchi,Rice,Loamy,5.95,Low,Medium,High,1313,28,3.76
Ranchi,Maize,Sandy Loam,6.54,Low,Low,Medium,1012,24,2.16
Ranchi,Rice,Clay Loam,5.61,Low,Low,Medium,1262,28,2.95
Ranchi,Rice,Clayey,6.93,Medium,Medium,Medium,1317,29,3.66
Ranchi,Maize,Loamy,6.04,High,High,High,982,25,2.58
Ranchi,Rice,Loamy,6.91,Medium,High,Low,1218,25,4.05
Ranchi,Rice,Loamy,6.4,Medium,Medium,Medium,1252,28,3.85
Ranchi,Pulses,Sandy Loam,6.73,Medium,Low,High,926,23,1.59
Ranchi,Pulses,Loamy,7.12,Low,Medium,High,945,22,1.31
Ranchi,Pulses,Sandy Loam,6.43,High,Medium,Medium,993,22,1.56
Ranchi,Pulses,Loamy,6.87,Low,Low,High,1004,19,1.48
Ranchi,Pulses,Loamy,6.84,Low,Low,Low,995,27,1.57
Ranchi,Rice,Clayey,6.59,Medium,High,Medium,1571,29,2.72
Ranchi,Pulses,Sandy Loam,6.45,High,Medium,Medium,800,23,1.18
Ranchi,Rice,Clay Loam,6.67,Low,High,Low,1345,22,3.0
Ranchi,Maize,Sandy Loam,6.52,High,High,Medium,1048,20,2.38
Ranchi,Rice,Loamy,5.82,High,Medium,Medium,1533,29,3.91
Ranchi,Pulses,Loamy,6.78,Low,Medium,High,887,18,1.6
Ranchi,Maize,Sandy Loam,6.39,Low,High,High,1039,22,2.81
Ranchi,Rice,Clayey,6.48,Medium,Low,High,1574,28,4.09
Ranchi,Wheat,Loamy,6.58,High,Low,Medium,1321,24,3.31
Ranchi,Maize,Loamy,5.86,Medium,Medium,Low,931,29,3.58
Ranchi,Pulses,Sandy Loam,6.17,Low,Medium,High,897,22,1.65
Ranchi,Maize,Loamy,5.9,Medium,High,Medium,1157,21,3.18
Ranchi,Wheat,Loamy,6.39,Low,High,Low,1002,23,2.77
Ranchi,Pulses,Loamy,7.36,High,Medium,Low,1079,28,1.73
Ranchi,Pulses,Loamy,7.29,Low,Low,Medium,925,28,1.45
Ranchi,Rice,Clayey,5.51,High,Medium,High,1592,29,3.86
Ranchi,Pulses,Sandy Loam,6.83,Medium,High,Medium,974,21,1.34
Ranchi,Maize,Sandy Loam,7.25,Medium,Low,Medium,1167,24,3.35
Ranchi,Pulses,Loamy,6.38,Low,Medium,Medium,845,27,1.39
Ranchi,Wheat,Loamy,6.18,Medium,High,High,1088,23,2.33
Ranchi,Maize,Loamy,6.47,High,Medium,Low,1012,18,3.09
Ranchi,Maize,Sandy Loam,6.16,Low,Low,High,1115,21,2.39
Ranchi,Maize,Sandy Loam,6.6,Medium,Low,High,1055,24,2.38
Ranchi,Rice,Clay Loam,5.73,Medium,Low,Low,1518,32,2.65
Ranchi,Maize,Loamy,6.3,Medium,High,High,926,19,3.3
Ranchi,Wheat,Clay Loam,7.0,Medium,Low,High,984,23,2.94
Ranchi,Wheat,Clay Loam,7.44,Low,High,Low,1175,22,2.28
Ranchi,Maize,Sandy Loam,7.12,Low,Medium,Medium,1097,29,3.46
Ranchi,Wheat,Clay Loam,7.21,Low,High,Low,1251,25,3.37
Ranchi,Wheat,Loamy,6.4,Low,Low,High,916,24,3.19
Ranchi,Pulses,Sandy Loam,7.26,High,High,Medium,843,24,1.16
Ranchi,Maize,Sandy Loam,7.44,Low,Medium,Medium,947,18,3.1
Ranchi,Rice,Clayey,6.88,Medium,Low,Low,1222,24,4.4
Ranchi,Wheat,Loamy,6.49,Low,Low,Medium,1272,21,2.15
Ranchi,Rice,Loamy,6.89,High,Low,High,1599,32,3.58
Ranchi,Pulses,Loamy,6.32,High,Medium,High,915,27,1.57
Ranchi,Wheat,Clay Loam,6.4,Low,High,High,906,21,3.03
Ranchi,Rice,Clayey,5.87,Medium,Low,Medium,1300,22,3.88
Ranchi,Pulses,Sandy Loam,6.09,Low,Medium,High,837,19,1.06
Ranchi,Maize,Sandy Loam,6.38,Medium,Medium,Low,969,23,2.12
Ranchi,Wheat,Loamy,7.14,High,Medium,High,1366,20,2.8
Ranchi,Rice,Clay Loam,6.54,Low,Medium,Low,1384,25,4.18
Ranchi,Maize,Loamy,6.07,Low,High,Low,1158,25,3.79
Ranchi,Maize,Sandy Loam,7.0,High,Medium,Low,1028,28,3.05
Ranchi,Maize,Loamy,7.26,High,High,Medium,978,27,3.31
Ranchi,Rice,Clay Loam,6.93,Medium,Low,Low,1485,29,4.09
Ranchi,Rice,Loamy,6.97,High,High,Medium,1241,23,2.74
Ranchi,Maize,Loamy,6.35,High,Medium,High,1100,27,2.38
Ranchi,Maize,Loamy,6.33,Low,Medium,Low,1007,29,3.4
Ranchi,Wheat,Clay Loam,6.24,Medium,High,High,938,22,2.86
Ranchi,Pulses,Loamy,6.87,Medium,Low,Medium,865,25,1.88
Ranchi,Pulses,Sandy Loam,6.45,High,Medium,High,945,18,1.62
Ranchi,Wheat,Loamy,6.07,Medium,Medium,Low,1151,18,2.21
Ranchi,Rice,Loamy,6.96,High,High,Medium,1289,32,3.7
Ranchi,Pulses,Sandy Loam,6.51,High,Low,Medium,939,22,1.74
Ranchi,Pulses,Sandy Loam,6.78,Medium,Medium,High,1078,27,1.82
Ranchi,Pulses,Loamy,7.05,Medium,Medium,High,996,23,1.16
Ranchi,Wheat,Loamy,6.96,Medium,High,High,1180,21,1.89
Ranchi,Wheat,Loamy,7.1,Medium,High,High,1132,23,2.59
Ranchi,Rice,Clay Loam,6.26,High,Medium,Medium,1261,22,2.91
Ranchi,Rice,Clay Loam,6.83,Low,Medium,Medium,1310,32,3.52
Ranchi,Pulses,Sandy Loam,7.39,Low,Low,Low,990,21,1.98
Ranchi,Wheat,Clay Loam,6.7,Low,High,Medium,1261,23,2.14
Ranchi,Maize,Loamy,6.85,Medium,Medium,Low,1134,20,2.16
Ranchi,Maize,Loamy,7.31,High,Medium,Low,1147,25,3.64
Ranchi,Rice,Loamy,6.1,Low,Medium,High,1411,32,4.47
Ranchi,Maize,Loamy,6.9,Medium,Low,Medium,1057,18,3.76
Ranchi,Maize,Loamy,6.34,High,Low,Low,926,20,3.92
Ranchi,Pulses,Sandy Loam,6.56,Low,Low,Low,900,25,1.32
Ranchi,Wheat,Clay Loam,7.47,Medium,Low,Medium,1347,19,2.45
Ranchi,Pulses,Sandy Loam,6.42,Low,Medium,High,879,25,1.06
Ranchi,Rice,Clayey,6.51,Low,Medium,High,1535,31,4.03
Ranchi,Rice,Clayey,6.09,Medium,High,Low,1319,27,3.42
Ranchi,Maize,Sandy Loam,7.37,Low,Low,Medium,994,26,2.4
Ranchi,Rice,Clayey,6.55,Medium,Medium,Low,1301,31,3.93
Ranchi,Rice,Clayey,5.99,Low,Low,High,1227,25,2.79
Ranchi,Wheat,Loamy,6.79,Medium,Low,Medium,1260,24,2.16
Ranchi,Maize,Sandy Loam,6.99,Medium,Low,High,927,20,2.06
Ranchi,Rice,Clay Loam,6.56,Low,Medium,Medium,1534,32,2.56
Ranchi,Rice,Clayey,6.42,High,Low,High,1366,24,2.66
Ranchi,Pulses,Sandy Loam,6.95,Medium,Medium,Medium,988,19,1.39
Ranchi,Maize,Loamy,6.69,Medium,Medium,Low,1155,22,3.77
Ranchi,Rice,Clay Loam,6.92,High,High,Low,1569,30,4.12
Ranchi,Rice,Clay Loam,5.68,High,Low,Low,1454,26,3.82
Ranchi,Pulses,Loamy,7.16,Medium,Medium,Medium,998,18,1.71
Ranchi,Maize,Loamy,6.59,Medium,Low,High,1129,21,2.83
Ranchi,Wheat,Clay Loam,7.15,Medium,Low,Low,1118,23,2.35
Ranchi,Maize,Loamy,6.99,Medium,Medium,Medium,977,19,3.91
Ranchi,Rice,Clayey,6.75,Low,Low,Low,1253,30,4.01
Ranchi,Rice,Clayey,6.31,Low,Low,Medium,1343,24,2.75
Ranchi,Rice,Clay Loam,6.16,Medium,High,Medium,1484,23,4.36
Ranchi,Pulses,Sandy Loam,6.88,High,Medium,Low,1088,20,1.43
Ranchi,Maize,Sandy Loam,7.44,Medium,Medium,High,920,22,3.72
Ranchi,Wheat,Loamy,6.93,High,Medium,High,1314,25,2.39
Ranchi,Rice,Loamy,5.91,Medium,Low,Low,1210,25,3.49
Ranchi,Pulses,Loamy,6.09,Low,Low,Medium,884,28,1.84
Ranchi,Pulses,Sandy Loam,7.18,Medium,Medium,Medium,1022,27,1.53
Ranchi,Wheat,Loamy,7.09,High,High,Low,1100,24,3.24
Ranchi,Wheat,Loamy,6.27,Medium,Low,Low,1331,25,2.72
Ranchi,Rice,Clay Loam,5.9,Low,Low,Low,1583,29,3.92
Ranchi,Wheat,Loamy,6.03,Medium,Medium,Medium,1162,22,2.41
Ranchi,Pulses,Loamy,7.33,Low,Low,High,879,26,1.21
Ranchi,Pulses,Sandy Loam,6.63,Medium,Medium,High,1081,26,1.03
Ranchi,Pulses,Loamy,6.29,Low,Low,Low,978,26,1.68
Ranchi,Wheat,Loamy,6.85,Low,Low,Medium,1155,21,1.81
Ranchi,Pulses,Sandy Loam,6.52,High,High,Medium,1086,27,1.7
Ranchi,Pulses,Loamy,7.14,Low,High,High,814,22,1.72
Ranchi,Rice,Clay Loam,6.64,Medium,Low,High,1463,27,2.82
Ranchi,Maize,Loamy,6.77,Medium,High,High,1125,27,2.77
Ranchi,Maize,Sandy Loam,6.12,Medium,High,High,1104,22,3.71
Ranchi,Wheat,Loamy,6.25,Medium,Low,Low,1210,21,2.39
Ranchi,Pulses,Sandy Loam,7.25,Medium,High,High,1006,18,1.46
Ranchi,Pulses,Loamy,6.61,High,Medium,Medium,854,27,1.2
Ranchi,Wheat,Loamy,6.85,High,Low,Medium,1020,20,2.65
Ranchi,Wheat,Clay Loam,7.17,Low,Medium,Medium,1150,25,2.97
Ranchi,Pulses,Sandy Loam,6.43,Medium,High,Low,981,25,1.72
Ranchi,Maize,Loamy,7.22,Low,High,Medium,976,23,3.06
Ranchi,Pulses,Sandy Loam,6.6,High,Medium,Low,896,24,1.72
Ranchi,Wheat,Clay Loam,7.16,Low,Low,Medium,1373,21,2.69
Ranchi,Maize,Sandy Loam,6.96,Low,High,High,1017,24,2.87
Ranchi,Rice,Clayey,6.81,High,Medium,Low,1280,30,3.23
Ranchi,Maize,Sandy Loam,6.54,Low,Low,Medium,1106,18,3.79
Ranchi,Wheat,Clay Loam,6.81,High,Low,Medium,1255,20,2.6
Ranchi,Maize,Loamy,6.13,Medium,Low,Low,985,30,3.93
Ranchi,Pulses,Sandy Loam,6.41,Low,Low,Low,908,19,1.5
Ranchi,Rice,Clay Loam,6.35,Medium,High,High,1348,24,2.94
Ranchi,Maize,Loamy,6.55,Medium,Medium,Low,1177,19,3.78
Ranchi,Wheat,Loamy,7.1,Low,High,Medium,1246,24,3.26
Ranchi,Wheat,Loamy,7.39,Low,Medium,High,1348,20,2.44
Ranchi,Pulses,Loamy,7.48,Medium,Low,Low,842,21,1.96
Ranchi,Rice,Loamy,6.06,Medium,High,Low,1294,31,3.42
Ranchi,Rice,Loamy,6.48,Medium,Low,High,1262,23,2.71
Ranchi,Wheat,Clay Loam,6.03,Medium,Medium,High,1220,21,3.37
Ranchi,Maize,Sandy Loam,6.16,Low,Low,High,1065,25,3.13
Ranchi,Rice,Loamy,6.44,Medium,High,Low,1403,27,3.82
Ranchi,Maize,Loamy,6.42,High,Medium,Low,1093,20,2.95
Ranchi,Wheat,Loamy,6.71,Low,Low,High,1115,20,3.23
Ranchi,Maize,Loamy,6.22,Low,Low,Low,1113,18,2.29
Ranchi,Wheat,Clay Loam,6.56,High,Low,High,1061,24,1.89
Ranchi,Wheat,Clay Loam,6.8,Low,Medium,Medium,1212,21,2.9
Ranchi,Pulses,Sandy Loam,6.02,Medium,High,Low,839,19,1.16
Ranchi,Pulses,Sandy Loam,6.96,High,High,Low,1100,27,1.09
Ranchi,Rice,Loamy,6.75,Medium,Medium,Medium,1435,25,3.74
Ranchi,Wheat,Loamy,7.06,Medium,High,Medium,1128,25,1.98
Ranchi,Pulses,Loamy,6.01,Medium,Medium,Low,893,19,1.88
Ranchi,Wheat,Loamy,6.71,Medium,High,Medium,924,18,1.82
Ranchi,Wheat,Clay Loam,7.29,Low,High,High,1230,18,3.01
Ranchi,Wheat,Loamy,6.16,High,Low,Medium,900,18,1.81
Ranchi,Rice,Loamy,6.54,Medium,High,Low,1333,28,4.3
Ranchi,Pulses,Sandy Loam,6.91,Low,Low,High,997,28,1.96
Ranchi,Wheat,Clay Loam,7.05,High,Low,High,1117,25,2.31
Ranchi,Rice,Clay Loam,6.39,Low,High,Medium,1438,27,3.4
Ranchi,Wheat,Loamy,6.95,Medium,High,Low,1340,22,3.03
Ranchi,Maize,Sandy Loam,6.23,Medium,High,High,1191,19,3.57
Ranchi,Maize,Loamy,6.57,High,Low,Medium,941,27,2.15
Ranchi,Rice,Loamy,6.47,High,Low,Medium,1329,22,3.61
Ranchi,Rice,Clay Loam,6.51,Medium,High,Low,1366,27,3.93
Ranchi,Rice,Clayey,6.21,High,High,Medium,1342,23,3.44
Ranchi,Pulses,Sandy Loam,6.15,High,High,Medium,1098,22,1.77
Ranchi,Wheat,Loamy,6.8,Low,Medium,Medium,1041,21,3.28
Ranchi,Wheat,Loamy,6.41,Medium,High,High,1024,24,1.87
Ranchi,Pulses,Sandy Loam,6.84,Low,Medium,Low,999,25,1.67
Ranchi,Maize,Sandy Loam,6.2,Medium,Low,Low,1100,24,2.57
Ranchi,Maize,Loamy,6.81,Medium,Medium,High,1023,27,3.58
Ranchi,Maize,Sandy Loam,6.01,Medium,Medium,Medium,998,18,2.6
Ranchi,Rice,Clay Loam,5.52,Low,High,High,1340,31,3.74
Ranchi,Rice,Clay Loam,5.83,Medium,High,Medium,1566,29,3.27
Ranchi,Rice,Clay Loam,6.5,Medium,High,Medium,1577,29,3.83
Ranchi,Pulses,Loamy,6.54,Medium,Medium,Medium,978,26,1.3
Ranchi,Wheat,Loamy,6.06,High,High,High,1094,20,2.47
Ranchi,Maize,Loamy,6.12,Medium,Low,Low,1102,28,3.79
Ranchi,Maize,Loamy,6.68,High,Low,High,1054,30,2.33
Ranchi,Rice,Clay Loam,6.85,Medium,Medium,Low,1348,24,3.8
Ranchi,Pulses,Sandy Loam,7.14,Low,Low,Medium,905,18,1.89
Ranchi,Wheat,Clay Loam,6.49,High,Medium,Medium,1312,23,1.96
Ranchi,Wheat,Loamy,6.12,High,Low,Medium,1277,22,2.73
Ranchi,Wheat,Loamy,6.37,Medium,High,Low,1176,25,2.89
Ranchi,Maize,Sandy Loam,6.14,Low,Medium,Low,1090,27,2.06
Ranchi,Rice,Loamy,5.73,Low,Low,Medium,1598,32,2.82
Ranchi,Pulses,Sandy Loam,6.85,High,High,Low,842,27,1.89
Ranchi,Maize,Loamy,6.49,High,Low,Low,1065,30,2.0
Ranchi,Maize,Loamy,6.85,Medium,Medium,Medium,959,21,3.5
Ranchi,Pulses,Loamy,6.4,High,Medium,High,879,26,1.03
Ranchi,Wheat,Loamy,6.26,High,High,High,1227,18,1.97
Ranchi,Pulses,Sandy Loam,6.97,Medium,Low,Medium,808,27,1.45
Ranchi,Wheat,Clay Loam,6.81,Low,Low,High,1156,21,2.48
Ranchi,Wheat,Loamy,6.5,High,High,High,1132,18,2.36
Ranchi,Wheat,Clay Loam,7.01,High,Low,High,1239,22,2.84
Ranchi,Maize,Sandy Loam,7.14,High,High,High,932,23,2.19
Ranchi,Pulses,Sandy Loam,6.9,High,High,High,1074,24,1.44
Ranchi,Maize,Loamy,7.47,Medium,Low,Low,982,23,2.92
Ranchi,Wheat,Loamy,7.16,High,High,High,1044,18,3.31
Ranchi,Wheat,Loamy,6.66,High,Medium,Low,1372,24,2.76
Ranchi,Maize,Loamy,6.12,High,High,Medium,1035,20,2.98
Ranchi,Pulses,Loamy,7.09,Medium,Medium,Medium,989,20,1.92
Ranchi,Pulses,Sandy Loam,6.22,High,Medium,Low,1048,18,1.32
Ranchi,Maize,Loamy,7.49,Low,High,High,915,21,3.11
Ranchi,Pulses,Sandy Loam,7.1,Low,Low,Low,883,27,1.16
Ranchi,Rice,Loamy,5.7,High,Medium,High,1477,22,2.93
Ranchi,Rice,Loamy,6.06,Medium,High,High,1596,24,4.32
Ranchi,Rice,Clay Loam,6.04,Low,Medium,High,1595,29,4.1
Ranchi,Rice,Loamy,5.81,Medium,Low,Low,1326,28,4.23
Ranchi,Wheat,Clay Loam,7.31,Medium,Medium,High,1079,23,1.93
Ranchi,Maize,Loamy,6.89,Low,Low,Low,1044,21,3.19
Ranchi,Rice,Loamy,6.91,Low,Medium,Medium,1456,23,3.36
Ranchi,Rice,Clay Loam,6.93,High,Medium,Medium,1380,25,2.91
Ranchi,Wheat,Loamy,6.2,High,High,Medium,1330,20,2.35
Ranchi,Rice,Loamy,6.16,Medium,High,Medium,1315,23,4.47
Ranchi,Pulses,Sandy Loam,6.1,Medium,Medium,High,1037,22,1.43
Ranchi,Pulses,Sandy Loam,6.0,High,Low,Medium,830,22,1.54
Ranchi,Maize,Sandy Loam,6.2,High,High,Medium,976,23,3.3
Ranchi,Pulses,Sandy Loam,6.95,High,Medium,Medium,922,18,1.38
Ranchi,Wheat,Clay Loam,7.38,High,Low,High,1389,19,2.06
Ranchi,Wheat,Loamy,7.04,Low,Medium,Medium,1112,19,2.11
Ranchi,Maize,Sandy Loam,5.97,Medium,Medium,High,1154,22,3.09
Ranchi,Maize,Sandy Loam,6.77,Low,Low,High,1158,23,3.45
Ranchi,Maize,Loamy,7.2,Medium,Medium,Low,1143,26,3.69
Ranchi,Maize,Loamy,6.43,High,Medium,High,930,19,3.99
Ranchi,Wheat,Clay Loam,6.24,Low,Low,High,1213,21,3.26
Ranchi,Pulses,Sandy Loam,6.15,High,High,Low,1031,23,1.21
Ranchi,Wheat,Clay Loam,6.94,Low,Low,Low,1397,24,2.22
Ranchi,Maize,Loamy,6.36,Low,Medium,Medium,1160,18,2.4
Ranchi,Maize,Sandy Loam,6.41,High,Medium,Medium,1036,26,3.98
Ranchi,Rice,Clayey,5.96,Medium,High,Medium,1393,25,3.89
Ranchi,Wheat,Loamy,6.3,High,Medium,Medium,1068,19,2.98
Ranchi,Wheat,Loamy,6.4,High,High,High,987,24,3.31
Ranchi,Pulses,Loamy,7.16,Medium,High,Medium,821,25,1.76
Ranchi,Pulses,Loamy,6.85,High,High,Medium,980,27,1.15
Ranchi,Maize,Loamy,6.63,Low,High,Medium,1023,25,2.32
Ranchi,Pulses,Loamy,6.46,High,Low,Low,1022,28,1.29
Ranchi,Maize,Loamy,6.59,Low,Low,Low,1163,18,3.54
Ranchi,Pulses,Loamy,7.28,Medium,Medium,Low,867,19,1.73
Ranchi,Wheat,Loamy,7.27,Medium,Medium,Low,1342,20,2.77
Ranchi,Pulses,Sandy Loam,6.2,High,Medium,Medium,973,19,2.0
Ranchi,Pulses,Sandy Loam,6.57,High,High,Low,980,28,1.71
Ranchi,Pulses,Sandy Loam,6.9,Low,Medium,High,1073,22,1.06
Ranchi,Pulses,Loamy,7.16,Medium,High,High,806,18,1.44
Ranchi,Maize,Sandy Loam,7.27,High,High,Low,1119,22,3.99
Ranchi,Maize,Loamy,7.07,Low,Low,Medium,914,22,3.14
Ranchi,Pulses,Sandy Loam,7.02,Low,High,High,1078,25,1.96
Ranchi,Rice,Clay Loam,6.63,Low,Low,High,1489,22,3.98
Ranchi,Pulses,Loamy,6.49,Low,High,Medium,837,22,1.17
Ranchi,Maize,Loamy,6.04,High,Low,Low,1027,28,3.16
Ranchi,Maize,Sandy Loam,7.14,Low,Medium,Medium,921,29,2.11
Ranchi,Rice,Clayey,6.81,Medium,High,High,1478,27,3.69
Ranchi,Maize,Loamy,6.6,Medium,Low,Low,915,29,3.39
Ranchi,Maize,Sandy Loam,7.15,High,Medium,Low,1070,18,3.13
Ranchi,Maize,Sandy Loam,6.73,Low,Low,Medium,1073,27,3.81
Ranchi,Pulses,Sandy Loam,6.16,Low,High,High,1089,22,1.34
Ranchi,Pulses,Loamy,7.32,Medium,Medium,Low,958,20,1.49
Ranchi,Rice,Clay Loam,5.76,Medium,High,High,1349,27,3.5
Ranchi,Wheat,Clay Loam,6.64,High,High,Low,1112,20,2.83
Ranchi,Rice,Loamy,6.89,Low,High,Medium,1318,24,3.28
Ranchi,Maize,Loamy,7.15,High,Low,Medium,1052,18,2.81
Ranchi,Rice,Clay Loam,6.43,High,High,Low,1215,29,3.6
Ranchi,Maize,Sandy Loam,5.87,High,High,Medium,1033,29,2.03
Ranchi,Wheat,Loamy,6.31,High,Medium,Low,1318,18,2.85
Ranchi,Wheat,Loamy,6.13,Low,High,Medium,976,18,2.33
Ranchi,Maize,Sandy Loam,6.64,Low,Medium,Medium,1045,30,2.21
Ranchi,Rice,Loamy,6.79,Medium,Low,Medium,1369,22,4.05
Ranchi,Wheat,Clay Loam,6.6,Low,Low,Medium,1218,21,2.41
Ranchi,Maize,Loamy,5.87,High,Medium,High,1123,21,3.53
Ranchi,Wheat,Loamy,7.46,Medium,Low,Low,1167,18,3.16
Ranchi,Rice,Loamy,6.22,High,Low,High,1240,31,3.98
Ranchi,Wheat,Clay Loam,6.4,Medium,Medium,Low,1335,20,2.74
Ranchi,Pulses,Loamy,7.06,High,High,Low,897,20,1.55
Ranchi,Wheat,Loamy,6.45,High,Medium,Medium,1157,21,2.04
Ranchi,Wheat,Loamy,6.63,Medium,Low,Low,1346,18,2.66
Ranchi,Rice,Clay Loam,5.82,Medium,Low,Medium,1437,27,2.7
Ranchi,Rice,Clayey,6.8,Medium,High,High,1331,26,4.38
Ranchi,Rice,Clayey,5.96,Low,Low,Medium,1213,30,3.72
Ranchi,Maize,Sandy Loam,6.47,Low,Low,Low,1104,28,3.6
Ranchi,Maize,Sandy Loam,6.55,Low,Low,High,1184,28,3.79
Ranchi,Wheat,Clay Loam,7.41,High,High,High,1136,20,2.1
Ranchi,Pulses,Sandy Loam,6.51,Low,High,Medium,1026,21,1.09
Ranchi,Pulses,Loamy,6.39,Low,Low,High,1088,27,1.91
Ranchi,Pulses,Loamy,6.27,Low,High,Medium,903,24,1.75
Ranchi,Maize,Sandy Loam,6.46,Medium,Low,High,930,18,3.23
Ranchi,Pulses,Loamy,6.24,Low,Medium,High,897,18,1.47
Ranchi,Pulses,Loamy,6.7,High,Low,Low,869,24,1.38
Ranchi,Rice,Clay Loam,6.83,Low,High,Medium,1271,27,2.6
Ranchi,Maize,Sandy Loam,6.91,High,High,Low,1124,20,2.81
Ranchi,Maize,Sandy Loam,7.41,Low,Low,High,1144,22,3.33
Ranchi,Maize,Sandy Loam,5.87,High,Medium,Medium,918,20,2.43
Ranchi,Rice,Clayey,6.42,Medium,Medium,High,1462,29,4.19
Ranchi,Wheat,Loamy,6.78,High,Medium,High,1066,23,1.71
Ranchi,Maize,Loamy,6.18,Low,Medium,High,1191,29,2.73
Ranchi,Rice,Clay Loam,6.62,High,Low,High,1480,26,4.29
Ranchi,Maize,Sandy Loam,6.99,Low,Low,High,987,22,3.93
Ranchi,Maize,Sandy Loam,5.97,Medium,Medium,Low,1022,22,2.34
Ranchi,Wheat,Clay Loam,6.95,Medium,Low,Medium,1291,24,1.76
Ranchi,Wheat,Clay Loam,7.25,Low,Low,Low,1079,21,2.37
Ranchi,Wheat,Clay Loam,6.03,Low,High,Medium,1316,21,2.54
Ranchi,Wheat,Loamy,6.02,High,High,Medium,1147,23,2.87
Ranchi,Wheat,Clay Loam,7.44,High,High,Medium,1278,18,1.75
Ranchi,Pulses,Sandy Loam,6.53,Low,Medium,High,999,22,1.11
Ranchi,Maize,Sandy Loam,7.38,High,High,Low,1038,23,2.26
Ranchi,Maize,Loamy,6.6,High,Medium,High,1175,27,2.26
Ranchi,Pulses,Loamy,6.76,Low,High,High,1067,24,1.71
Ranchi,Wheat,Clay Loam,6.75,High,High,High,1333,25,2.76
Ranchi,Wheat,Loamy,6.35,High,Medium,Low,1291,24,2.6
Ranchi,Wheat,Clay Loam,7.27,Medium,Medium,High,1012,20,2.12
Ranchi,Rice,Clayey,5.94,Medium,High,Medium,1281,25,2.58
Ranchi,Wheat,Loamy,7.07,High,High,Low,1245,23,2.17
Ranchi,Maize,Loamy,7.48,Medium,Low,Medium,1078,18,3.28
Ranchi,Rice,Loamy,6.15,High,Low,Low,1496,30,3.35
Ranchi,Wheat,Clay Loam,6.28,Low,Low,High,1146,18,1.74
Ranchi,Wheat,Clay Loam,6.22,High,Low,Medium,1155,21,2.88
Ranchi,Maize,Sandy Loam,7.3,Medium,Medium,High,1192,26,2.04
Ranchi,Rice,Clay Loam,5.73,High,Medium,High,1330,30,3.89
Ranchi,Rice,Clay Loam,5.97,High,Low,Low,1468,32,3.39
Ranchi,Maize,Loamy,7.29,Low,High,Low,1054,29,2.19
Ranchi,Pulses,Sandy Loam,6.95,High,Low,Medium,840,27,1.45
Ranchi,Wheat,Clay Loam,7.26,Low,High,High,1295,23,2.16
Ranchi,Wheat,Clay Loam,6.5,High,Low,High,1379,18,2.14
Ranchi,Wheat,Clay Loam,7.44,High,Low,Low,1220,19,3.32
Ranchi,Rice,Clay Loam,5.78,Medium,High,Medium,1256,22,4.37
Ranchi,Rice,Loamy,6.97,Medium,High,High,1597,30,3.58
Ranchi,Wheat,Clay Loam,6.45,Low,Low,Medium,915,18,2.73
Ranchi,Pulses,Loamy,7.23,Medium,High,High,922,20,1.19
Ranchi,Pulses,Sandy Loam,6.34,Low,Medium,High,947,26,1.39
Ranchi,Pulses,Sandy Loam,6.64,High,High,High,966,25,1.98
Ranchi,Maize,Sandy Loam,5.84,Low,Medium,High,1093,23,2.71
Ranchi,Rice,Clay Loam,6.82,Medium,Low,Low,1420,22,2.87
Ranchi,Maize,Sandy Loam,7.18,Low,Low,High,1180,27,2.78
Ranchi,Rice,Clay Loam,6.53,Medium,Low,Medium,1217,24,4.13
Ranchi,Pulses,Sandy Loam,6.22,High,Medium,Medium,837,24,1.59
Ranchi,Rice,Clayey,6.99,Medium,High,Medium,1208,22,4.45
Ranchi,Wheat,Loamy,7.3,Medium,Medium,Medium,1003,18,2.88
Ranchi,Maize,Loamy,6.06,High,Medium,High,1038,22,3.2
Ranchi,Pulses,Loamy,7.21,Low,High,High,962,25,1.33
Ranchi,Pulses,Sandy Loam,6.46,Medium,High,Low,1099,23,1.52
Ranchi,Rice,Clay Loam,6.15,Low,Low,Low,1289,24,4.32
Ranchi,Wheat,Clay Loam,7.49,Low,High,Medium,1087,22,3.11
Ranchi,Pulses,Loamy,6.36,High,Low,High,1040,21,1.24
Ranchi,Maize,Loamy,6.3,High,Medium,High,1042,30,3.24
Ranchi,Maize,Loamy,7.43,High,Low,Low,975,23,3.12
Ranchi,Pulses,Loamy,6.48,Medium,Low,Low,823,28,1.05
Ranchi,Maize,Loamy,6.51,High,Medium,Low,1124,19,3.15
Ranchi,Pulses,Loamy,6.35,Medium,Low,Low,937,27,1.89
Ranchi,Rice,Clay Loam,6.77,Low,Low,High,1330,32,3.48
Ranchi,Maize,Loamy,6.8,High,High,High,1042,25,2.95
Ranchi,Maize,Sandy Loam,5.87,Low,Low,Medium,1010,27,3.38
Ranchi,Pulses,Sandy Loam,6.93,Low,Low,Medium,873,27,1.3
Ranchi,Rice,Clayey,6.62,Medium,High,High,1306,27,2.83
Ranchi,Wheat,Loamy,7.4,High,Low,Low,1013,19,2.8
Ranchi,Rice,Clay Loam,5.61,Medium,Low,Low,1578,29,3.48
Ranchi,Pulses,Sandy Loam,6.38,Low,High,High,1011,18,1.16
Ranchi,Maize,Sandy Loam,7.43,Medium,Medium,High,1134,22,3.45
Ranchi,Maize,Loamy,7.11,High,Medium,Low,1159,28,2.34
Ranchi,Maize,Loamy,6.69,Medium,Low,High,950,21,3.29
Ranchi,Wheat,Loamy,6.87,High,High,High,1003,24,2.46
Ranchi,Maize,Sandy Loam,6.93,Medium,Low,Medium,1069,29,2.97
Ranchi,Pulses,Loamy,6.36,Medium,Medium,High,1081,25,1.35
Ranchi,Rice,Clayey,6.11,Low,High,High,1316,25,3.48
Ranchi,Rice,Loamy,6.32,Low,Low,High,1312,31,3.37
Ranchi,Wheat,Clay Loam,6.41,High,High,High,1208,22,2.51
Ranchi,Maize,Sandy Loam,6.86,Medium,Low,Low,904,27,3.87
Ranchi,Rice,Loamy,5.81,Low,Low,Medium,1479,23,2.62
Ranchi,Pulses,Loamy,6.72,Low,High,High,1054,24,1.25
Ranchi,Pulses,Loamy,6.06,Low,Low,Medium,834,26,1.48
Ranchi,Rice,Clayey,5.57,Low,Medium,High,1247,26,2.64
Ranchi,Pulses,Loamy,6.93,High,Low,Low,820,19,1.16
Ranchi,Wheat,Loamy,6.16,Low,Low,Low,1061,25,1.82
Ranchi,Rice,Clayey,6.93,Medium,Medium,High,1427,31,3.91
Ranchi,Maize,Sandy Loam,6.36,Medium,High,Low,994,21,3.72
Ranchi,Pulses,Sandy Loam,7.47,High,Low,Medium,934,25,1.5
Ranchi,Maize,Loamy,7.39,High,High,Medium,1198,22,2.89
Ranchi,Wheat,Clay Loam,6.53,Medium,Low,Medium,940,18,2.66
Ranchi,Rice,Loamy,6.14,Low,Low,Medium,1384,29,3.07
Ranchi,Pulses,Sandy Loam,6.33,Medium,Low,Low,1006,19,1.6
Ranchi,Pulses,Sandy Loam,6.84,High,Medium,Low,877,24,2.0
Ranchi,Wheat,Loamy,6.2,High,High,High,966,21,2.86
Ranchi,Rice,Loamy,5.84,Low,Medium,Low,1352,32,4.49
Ranchi,Wheat,Clay Loam,6.39,High,Low,High,1089,18,1.89
Ranchi,Rice,Loamy,5.81,Medium,Low,High,1361,26,2.67
Ranchi,Wheat,Clay Loam,6.98,Low,High,Low,1082,21,1.86
Ranchi,Maize,Loamy,6.59,High,Medium,Low,933,21,3.51
Ranchi,Maize,Sandy Loam,7.33,High,Low,Low,1140,26,3.76
Ranchi,Wheat,Clay Loam,6.38,Low,High,Low,961,19,2.08
Ranchi,Maize,Sandy Loam,6.61,Low,Low,Medium,978,29,2.9
Ranchi,Wheat,Loamy,6.93,High,Medium,Low,932,18,1.86
Ranchi,Maize,Loamy,6.8,Low,High,Low,1199,23,2.84
Ranchi,Wheat,Loamy,7.48,Low,Low,High,1389,19,2.26
Ranchi,Wheat,Clay Loam,6.38,Medium,High,Medium,1033,18,2.79
Ranchi,Maize,Sandy Loam,6.35,High,High,Medium,1060,25,2.64
Ranchi,Maize,Sandy Loam,7.37,High,Low,Low,1009,28,2.96
Ranchi,Maize,Sandy Loam,6.09,Medium,Low,High,1190,25,2.38
Ranchi,Pulses,Loamy,6.22,Low,High,High,968,21,1.03
Ranchi,Rice,Clay Loam,6.17,Low,High,Low,1481,31,3.92
Ranchi,Wheat,Loamy,7.14,Medium,Low,Medium,1269,25,2.18
Ranchi,Maize,Loamy,6.61,Medium,High,Low,1046,27,2.68
Ranchi,Maize,Sandy Loam,6.25,High,Low,High,1022,23,2.17
Ranchi,Rice,Clay Loam,6.93,Low,Medium,High,1452,29,3.79
Ranchi,Rice,Clayey,5.86,High,High,Low,1461,28,2.8
Ranchi,Maize,Loamy,6.52,High,Low,Low,941,29,2.19
Ranchi,Rice,Loamy,5.83,High,Medium,Medium,1421,23,3.82
Ranchi,Pulses,Sandy Loam,6.3,Low,Low,High,1013,21,1.47
Ranchi,Maize,Loamy,7.19,Medium,Medium,High,1011,29,2.13
Ranchi,Pulses,Sandy Loam,6.92,Medium,High,High,1040,27,1.04
Ranchi,Wheat,Clay Loam,6.45,Medium,Low,Low,983,22,2.3
Ranchi,Rice,Clay Loam,6.24,Low,Medium,Low,1382,29,2.55
Ranchi,Maize,Loamy,6.54,Low,Medium,Medium,1175,30,3.49
Ranchi,Rice,Clayey,5.85,High,Medium,Low,1402,24,2.9
Ranchi,Rice,Loamy,5.8,Medium,Medium,Low,1588,23,4.44
Ranchi,Rice,Clayey,5.75,Medium,Medium,High,1245,23,4.39
Ranchi,Maize,Loamy,6.22,Low,High,Medium,1111,20,3.87
Ranchi,Pulses,Loamy,6.47,Medium,Medium,Medium,954,20,1.65
Ranchi,Wheat,Clay Loam,7.38,High,High,Medium,1324,24,3.08
Ranchi,Maize,Sandy Loam,6.86,High,Low,High,945,26,3.3
Ranchi,Rice,Loamy,6.44,Medium,Medium,Medium,1358,27,3.54
Ranchi,Pulses,Loamy,6.88,Low,High,Low,914,28,1.94
Ranchi,Maize,Sandy Loam,7.49,Medium,Medium,Low,1016,25,4.0
Ranchi,Maize,Sandy Loam,7.28,Low,Low,High,949,21,2.45
Ranchi,Rice,Loamy,6.15,Medium,Low,Medium,1212,26,3.5
Ranchi,Rice,Loamy,6.51,Medium,Low,Medium,1510,22,3.88
Ranchi,Rice,Clay Loam,6.72,Medium,Medium,Low,1451,24,3.62
Ranchi,Maize,Loamy,6.71,High,Medium,Low,1029,30,2.4
Ranchi,Maize,Loamy,7.45,Low,High,Low,1121,21,2.79
Ranchi,Rice,Loamy,5.94,High,Medium,Low,1392,24,4.42
Ranchi,Maize,Sandy Loam,6.01,High,Low,High,1014,25,3.43
Ranchi,Maize,Loamy,7.0,High,Medium,Low,1103,25,2.7
Ranchi,Pulses,Sandy Loam,6.16,Low,High,Low,1007,25,1.52
Ranchi,Rice,Clay Loam,6.02,Low,High,High,1449,23,3.83
Ranchi,Pulses,Sandy Loam,6.22,Low,Medium,High,884,18,1.17
Ranchi,Maize,Sandy Loam,6.36,Low,High,Low,903,28,2.7
Ranchi,Rice,Clayey,5.83,Medium,Medium,High,1280,24,2.63
Ranchi,Maize,Sandy Loam,7.07,Low,Low,Medium,1078,30,2.49
Ranchi,Pulses,Loamy,6.66,High,High,Medium,1025,18,1.37
Ranchi,Rice,Clay Loam,6.52,High,Medium,High,1521,24,3.35
Ranchi,Pulses,Sandy Loam,7.09,Medium,Low,Medium,857,22,1.91
Ranchi,Wheat,Clay Loam,6.15,Medium,High,Low,953,24,1.89
Ranchi,Rice,Clayey,5.53,Low,High,High,1437,28,4.35
Ranchi,Pulses,Sandy Loam,6.35,Medium,Medium,Medium,928,25,1.67
Ranchi,Wheat,Loamy,6.88,Medium,Medium,Low,1182,21,2.1
Ranchi,Maize,Loamy,6.74,Low,Medium,Medium,942,27,2.09
Ranchi,Maize,Loamy,7.0,Low,High,High,1121,21,3.24
Ranchi,Wheat,Clay Loam,6.97,Medium,Low,Low,1242,21,2.41
Ranchi,Rice,Loamy,6.12,Medium,Medium,Low,1302,25,2.56
Ranchi,Pulses,Loamy,7.39,High,Medium,High,946,24,1.21
Ranchi,Maize,Sandy Loam,6.91,High,High,Low,948,23,3.63
Ranchi,Pulses,Sandy Loam,6.76,High,Medium,Medium,923,28,1.32
Ranchi,Rice,Clayey,5.63,Medium,Medium,Medium,1503,31,3.39
Ranchi,Pulses,Sandy Loam,6.42,Low,Medium,Low,807,24,1.47
Ranchi,Pulses,Sandy Loam,6.21,High,High,Low,980,24,1.99
Ranchi,Rice,Clayey,5.68,High,Low,High,1284,30,2.82
Ranchi,Pulses,Sandy Loam,6.44,Medium,Low,High,897,24,1.69
Ranchi,Rice,Clayey,6.24,High,High,High,1472,25,3.54
Ranchi,Maize,Sandy Loam,6.9,Low,Low,High,1176,30,2.66
Ranchi,Maize,Loamy,6.2,Medium,Medium,High,1069,21,2.79
Ranchi,Rice,Loamy,5.87,Medium,Low,Low,1372,24,3.29
Ranchi,Rice,Loamy,6.63,High,Medium,High,1563,27,4.18
Ranchi,Pulses,Loamy,6.59,High,Low,Medium,852,18,1.0
Ranchi,Pulses,Loamy,6.86,Low,High,High,804,22,1.98
Ranchi,Wheat,Clay Loam,7.27,High,High,Medium,1354,24,2.73
Ranchi,Maize,Sandy Loam,6.01,High,Low,High,985,30,2.45
Ranchi,Pulses,Loamy,7.29,Medium,High,Medium,1061,27,1.09
Ranchi,Maize,Sandy Loam,5.9,Medium,Low,Medium,1128,21,2.5
Ranchi,Pulses,Loamy,7.36,High,Medium,Low,965,25,1.09
Ranchi,Rice,Clay Loam,6.73,Low,High,High,1243,32,4.13
Ranchi,Wheat,Clay Loam,6.42,Medium,High,High,1175,23,1.8
Ranchi,Maize,Loamy,6.66,High,Low,Medium,976,19,3.77
Ranchi,Maize,Sandy Loam,6.63,Low,Medium,Medium,1031,23,2.38
Ranchi,Pulses,Sandy Loam,7.17,Medium,Medium,Medium,947,23,1.79
Ranchi,Pulses,Sandy Loam,7.19,Low,Medium,Low,957,25,1.94
Ranchi,Rice,Clayey,6.64,Medium,High,Medium,1270,29,3.34
Ranchi,Wheat,Loamy,7.05,High,High,Medium,924,22,3.4
Ranchi,Wheat,Loamy,6.71,High,High,High,1032,24,2.5
Ranchi,Rice,Clayey,6.66,Low,High,Low,1450,23,4.42
Ranchi,Pulses,Sandy Loam,6.45,Medium,High,Low,991,28,1.43
Ranchi,Rice,Clay Loam,5.98,High,High,High,1540,25,2.64
Ranchi,Rice,Loamy,6.55,High,Low,High,1402,23,3.74
Ranchi,Wheat,Clay Loam,6.84,Medium,Low,High,1159,20,1.9
Ranchi,Wheat,Loamy,7.03,Medium,Low,Medium,1148,22,3.0
Ranchi,Maize,Loamy,7.38,High,Medium,Medium,1071,29,2.64
Ranchi,Pulses,Sandy Loam,6.81,High,Medium,High,1059,23,1.91
Ranchi,Wheat,Clay Loam,7.39,Medium,Low,Low,1107,22,3.02
Ranchi,Pulses,Sandy Loam,6.82,Low,High,Low,882,18,1.52
Ranchi,Maize,Loamy,5.81,Medium,Low,Low,1060,29,2.84
Ranchi,Pulses,Loamy,6.76,Low,High,High,972,27,1.12
Ranchi,Pulses,Sandy Loam,6.19,Medium,High,Medium,1075,19,1.9
Ranchi,Pulses,Sandy Loam,6.97,High,Medium,High,878,23,1.18
Ranchi,Wheat,Clay Loam,7.46,Low,Low,Low,1080,19,2.21
Ranchi,Pulses,Sandy Loam,7.2,Low,Low,Low,1053,27,1.42
Ranchi,Wheat,Loamy,6.95,Medium,Medium,Medium,1044,22,2.16
Ranchi,Pulses,Sandy Loam,7.04,High,High,High,1025,24,1.51
Ranchi,Rice,Loamy,6.75,High,High,Medium,1458,30,4.3
Ranchi,Maize,Sandy Loam,6.52,Medium,Medium,Medium,1177,28,2.09
Ranchi,Rice,Clayey,6.95,High,Low,Medium,1300,22,4.23
Ranchi,Rice,Clayey,5.56,Medium,Medium,High,1442,27,4.26
Ranchi,Wheat,Clay Loam,6.88,Low,High,Medium,1171,18,2.39
Ranchi,Rice,Clayey,5.68,High,High,Medium,1427,24,2.97
Ranchi,Pulses,Sandy Loam,6.92,Low,Medium,High,1098,24,1.22
Ranchi,Pulses,Sandy Loam,7.15,Medium,High,High,938,19,1.55
Ranchi,Maize,Sandy Loam,6.95,Low,Medium,Low,981,30,3.33
Ranchi,Wheat,Loamy,6.27,Medium,High,Medium,1361,21,2.82
Ranchi,Wheat,Loamy,6.92,Low,Low,High,1126,19,2.02
Ranchi,Rice,Clayey,6.89,Low,Medium,High,1402,24,3.62
Ranchi,Rice,Clay Loam,6.19,High,High,Low,1375,30,4.21
Ranchi,Wheat,Clay Loam,6.87,Low,Medium,Medium,910,24,2.48
Ranchi,Rice,Clay Loam,6.06,Medium,High,High,1366,29,4.33
Ranchi,Wheat,Clay Loam,6.39,Low,Medium,Medium,919,22,2.83
Ranchi,Maize,Sandy Loam,6.9,Medium,High,High,1111,23,3.3
Ranchi,Pulses,Loamy,7.0,Medium,Low,High,814,19,1.55
Ranchi,Wheat,Clay Loam,7.06,High,High,Low,977,19,2.51
Ranchi,Rice,Loamy,6.85,High,High,High,1271,24,4.42
Ranchi,Pulses,Sandy Loam,7.09,High,High,High,1014,24,1.52
Ranchi,Rice,Loamy,6.46,Medium,Medium,High,1238,25,2.98
Ranchi,Wheat,Clay Loam,6.87,Low,Low,High,1060,20,2.0
Ranchi,Pulses,Sandy Loam,7.37,Low,Low,High,894,18,1.69
Ranchi,Wheat,Clay Loam,6.74,Medium,High,High,1180,23,2.65
Ranchi,Maize,Sandy Loam,5.99,Medium,Low,High,1082,27,3.3
Ranchi,Maize,Loamy,6.98,High,High,High,964,26,2.24
Ranchi,Wheat,Clay Loam,6.7,Medium,Medium,High,1196,21,1.98
Ranchi,Rice,Clayey,6.52,High,Low,Low,1465,31,3.42
Ranchi,Maize,Loamy,6.69,Low,High,Medium,1186,30,2.89
Ranchi,Wheat,Loamy,6.29,Medium,Medium,Medium,1096,25,2.31
Ranchi,Rice,Loamy,5.92,Low,Low,High,1298,24,4.49
Ranchi,Pulses,Loamy,6.65,Medium,Medium,High,886,20,1.31
Ranchi,Rice,Loamy,6.72,Medium,Low,Low,1478,22,3.42
Ranchi,Maize,Loamy,6.09,High,Medium,High,1025,18,2.48
Ranchi,Wheat,Clay Loam,6.43,Low,Medium,High,1321,23,2.49
Ranchi,Maize,Loamy,6.93,High,Low,Low,990,24,3.95
Ranchi,Pulses,Loamy,6.77,Low,Low,Medium,1075,22,1.91
Ranchi,Rice,Clayey,6.98,Medium,Medium,Low,1376,25,3.85
Ranchi,Pulses,Sandy Loam,6.9,High,High,Low,846,25,1.51
Ranchi,Wheat,Clay Loam,7.5,Medium,High,Low,1330,20,2.98
Ranchi,Rice,Clay Loam,6.1,Low,Low,Medium,1512,27,2.83
Ranchi,Maize,Loamy,6.92,Low,High,Low,1134,25,2.77
Ranchi,Rice,Loamy,6.87,Medium,Low,Low,1566,26,3.55
Ranchi,Maize,Loamy,6.26,High,Medium,High,1004,29,2.78
Ranchi,Maize,Sandy Loam,7.26,Medium,High,Medium,909,22,3.18
Ranchi,Wheat,Loamy,7.32,Medium,Medium,Low,1167,19,2.19
Ranchi,Wheat,Clay Loam,6.36,Medium,High,High,1245,19,2.59
Ranchi,Maize,Loamy,6.78,Low,High,High,1146,18,3.73
Ranchi,Maize,Sandy Loam,7.4,Low,High,Medium,1042,29,3.02
Ranchi,Wheat,Clay Loam,6.26,High,Low,High,1054,23,3.04
Ranchi,Pulses,Sandy Loam,7.33,Low,High,Low,942,19,1.65
Ranchi,Rice,Clayey,6.68,Low,Low,High,1216,27,3.81
Ranchi,Wheat,Loamy,6.14,High,Low,Medium,1277,24,2.62
Ranchi,Wheat,Clay Loam,6.22,Medium,Low,High,1317,21,3.11
Ranchi,Wheat,Loamy,6.78,Low,Medium,Medium,1381,23,2.86
Ranchi,Rice,Clayey,5.78,Medium,High,Medium,1264,30,3.22
Ranchi,Rice,Clay Loam,6.4,Medium,Low,Medium,1435,28,3.07
Ranchi,Wheat,Loamy,6.64,High,High,High,1143,24,3.37
Ranchi,Pulses,Loamy,7.31,High,Medium,High,1052,22,1.19
Ranchi,Pulses,Sandy Loam,7.37,Medium,High,High,883,27,1.18
Ranchi,Pulses,Loamy,6.13,High,Medium,Low,902,21,1.37
Ranchi,Wheat,Clay Loam,6.82,High,High,Low,999,19,2.36
Ranchi,Wheat,Clay Loam,6.27,Low,Low,High,992,22,2.42
Ranchi,Wheat,Loamy,7.33,High,High,Low,1276,25,3.33
Ranchi,Rice,Loamy,6.76,Medium,High,Medium,1597,23,3.66
Ranchi,Pulses,Loamy,6.56,Low,Medium,Medium,821,20,1.79
Ranchi,Wheat,Loamy,7.0,Low,Medium,High,1062,19,1.95
Ranchi,Maize,Loamy,5.93,High,Medium,Medium,920,23,2.65
Ranchi,Pulses,Loamy,7.13,High,Low,Medium,863,25,1.1
Ranchi,Maize,Loamy,6.79,Medium,Low,High,993,29,3.98
Ranchi,Pulses,Loamy,6.61,High,Medium,High,1080,28,1.07
Ranchi,Wheat,Clay Loam,6.75,Medium,High,Medium,1040,20,2.16
Ranchi,Pulses,Loamy,6.79,High,Low,Medium,942,22,1.75
Ranchi,Wheat,Loamy,7.25,Low,Medium,Low,983,18,2.88
Ranchi,Maize,Loamy,7.02,Medium,Medium,Medium,1012,27,2.07
Ranchi,Wheat,Loamy,7.04,Low,Low,Medium,1291,23,2.72
Ranchi,Maize,Sandy Loam,7.13,High,High,Low,1123,26,3.97
Ranchi,Pulses,Loamy,7.03,Medium,Low,Low,923,23,1.13
Ranchi,Wheat,Clay Loam,6.5,High,Low,Medium,1288,21,3.14
Ranchi,Rice,Loamy,6.21,Medium,High,Medium,1223,22,3.96
Ranchi,Maize,Loamy,6.57,Medium,Medium,High,904,28,2.01
Ranchi,Wheat,Loamy,6.54,Medium,High,Low,1132,21,2.86
Ranchi,Pulses,Sandy Loam,6.88,Medium,High,High,843,20,1.21
Ranchi,Pulses,Loamy,7.38,Medium,Low,High,985,25,1.48
Ranchi,Wheat,Clay Loam,6.19,High,High,Medium,1058,23,2.92
Ranchi,Maize,Sandy Loam,7.44,Low,Medium,Low,954,23,3.17
Ranchi,Pulses,Sandy Loam,6.33,High,Low,Low,810,28,1.44
Ranchi,Wheat,Loamy,7.0,Low,High,High,933,25,2.48
Ranchi,Maize,Sandy Loam,7.43,High,Medium,Low,950,23,3.67
Ranchi,Rice,Clayey,5.8,Medium,Low,Low,1208,28,3.33
Ranchi,Wheat,Loamy,6.86,Low,Low,Low,1400,21,2.7
Ranchi,Rice,Loamy,6.04,Medium,High,Low,1539,26,3.59
Ranchi,Wheat,Clay Loam,6.52,Medium,Low,Medium,960,21,3.21
Ranchi,Wheat,Clay Loam,6.97,High,Low,High,1173,25,2.29
Ranchi,Maize,Sandy Loam,7.05,Medium,Low,Low,1117,25,3.26
Ranchi,Maize,Sandy Loam,6.4,High,Medium,Low,980,19,2.28
Ranchi,Maize,Loamy,7.07,High,Medium,Low,1114,29,2.66
Ranchi,Wheat,Clay Loam,7.1,Low,Low,High,962,20,3.05
Ranchi,Pulses,Loamy,6.18,Medium,High,Medium,860,24,1.01
Ranchi,Maize,Sandy Loam,6.48,Low,Medium,Low,1011,20,3.85
Ranchi,Pulses,Loamy,6.37,Medium,Low,Medium,961,18,1.04
Ranchi,Pulses,Loamy,7.08,High,High,Low,983,24,1.17
Ranchi,Pulses,Sandy Loam,6.02,High,High,High,840,21,1.13
Ranchi,Rice,Clayey,6.53,Medium,Low,High,1297,32,2.64
Ranchi,Maize,Sandy Loam,5.86,Medium,Medium,Low,1123,25,2.62
Ranchi,Rice,Clay Loam,5.9,Low,High,High,1224,25,4.09
Ranchi,Pulses,Loamy,6.25,High,High,Medium,970,24,1.86
Ranchi,Pulses,Sandy Loam,6.04,Medium,Low,Low,863,25,1.07
Ranchi,Maize,Sandy Loam,6.66,Low,High,Medium,1003,19,3.57
Ranchi,Wheat,Loamy,7.4,Low,Low,Low,1078,22,2.22
Ranchi,Rice,Loamy,6.85,Low,High,Low,1250,22,3.23
Ranchi,Wheat,Clay Loam,7.21,Medium,High,Low,1202,22,2.53
Ranchi,Maize,Sandy Loam,7.1,Low,Medium,Low,1141,30,3.39
Ranchi,Pulses,Loamy,7.18,High,Low,Medium,897,23,1.74
Ranchi,Pulses,Sandy Loam,6.25,Low,Medium,Medium,1020,25,1.62
Ranchi,Wheat,Loamy,7.1,High,Medium,Low,965,20,1.74
Ranchi,Pulses,Loamy,6.37,High,Low,High,850,20,1.86
Ranchi,Pulses,Sandy Loam,6.32,Low,Medium,High,809,19,1.63
Ranchi,Maize,Sandy Loam,6.12,High,High,Medium,918,20,3.88
Ranchi,Wheat,Loamy,6.3,Medium,Medium,Medium,963,20,2.06
Ranchi,Rice,Loamy,5.88,Low,Low,Low,1429,23,2.6
Ranchi,Maize,Loamy,7.1,Low,High,Medium,904,22,3.2
Ranchi,Rice,Loamy,6.97,Medium,High,High,1459,22,2.68
Ranchi,Rice,Clay Loam,5.9,Medium,Medium,Medium,1496,25,3.35
Ranchi,Wheat,Loamy,6.86,High,Medium,Low,944,21,2.53
Ranchi,Maize,Sandy Loam,6.28,High,Low,High,1104,21,3.28
Ranchi,Maize,Loamy,6.3,Low,Medium,High,1018,22,2.28
Ranchi,Pulses,Loamy,6.71,Low,Medium,Medium,893,25,1.85
Ranchi,Rice,Clayey,5.95,High,Medium,Low,1224,31,3.5
Ranchi,Wheat,Loamy,7.24,High,Low,Low,1358,21,3.37
Ranchi,Wheat,Clay Loam,6.87,Low,Medium,Low,984,21,1.84
Ranchi,Pulses,Sandy Loam,7.05,High,High,High,1050,28,1.04
Ranchi,Pulses,Sandy Loam,7.33,High,Medium,High,864,26,1.54
Ranchi,Maize,Loamy,7.15,High,Low,Medium,947,24,3.98
Ranchi,Pulses,Sandy Loam,7.14,Low,Medium,High,1045,23,1.95
Ranchi,Pulses,Sandy Loam,6.88,High,Low,Medium,836,27,1.16
Ranchi,Wheat,Loamy,6.98,Low,Low,Medium,1066,23,3.35
Ranchi,Pulses,Loamy,7.45,Medium,Medium,Low,986,19,1.31
Ranchi,Pulses,Loamy,6.54,Low,Low,Low,849,28,1.91
Ranchi,Rice,Clay Loam,6.09,Low,Low,Low,1393,29,2.67
Ranchi,Maize,Loamy,6.34,Low,Low,Low,1021,28,2.6
Ranchi,Maize,Sandy Loam,7.48,Low,High,Medium,907,25,3.33
Ranchi,Rice,Loamy,6.73,High,High,High,1563,31,3.89
Ranchi,Pulses,Sandy Loam,6.01,Medium,Low,Medium,913,27,1.6
Ranchi,Wheat,Loamy,7.04,Low,Medium,Medium,1275,25,3.08
Ranchi,Pulses,Loamy,7.34,Medium,Medium,Medium,949,19,1.43
Ranchi,Pulses,Sandy Loam,6.54,Medium,Low,High,1002,26,1.71
Ranchi,Wheat,Loamy,6.59,Low,Low,Medium,1108,22,2.23
Ranchi,Maize,Loamy,7.49,Medium,Medium,Low,1171,26,3.91
Ranchi,Wheat,Clay Loam,6.69,Medium,High,Medium,1265,25,1.77
Ranchi,Rice,Loamy,5.94,High,Low,Low,1268,24,4.04
Ranchi,Maize,Loamy,6.62,Medium,Medium,Medium,1130,18,3.5
Ranchi,Pulses,Sandy Loam,7.37,Medium,High,Medium,1059,25,1.18
Ranchi,Maize,Sandy Loam,6.92,Low,Low,High,912,30,2.5
Ranchi,Maize,Sandy Loam,6.6,High,High,Medium,924,21,2.85
Ranchi,Rice,Loamy,6.28,High,Low,High,1200,25,3.65
Ranchi,Wheat,Loamy,6.72,Medium,Medium,Low,1292,23,3.21
Ranchi,Pulses,Sandy Loam,6.22,Medium,High,Low,837,20,1.21
Ranchi,Pulses,Loamy,6.83,Medium,Medium,Medium,999,25,1.75
Ranchi,Rice,Clay Loam,5.69,High,Low,Low,1460,28,3.68
Ranchi,Maize,Sandy Loam,6.21,Medium,Low,Low,955,24,3.76
Ranchi,Wheat,Clay Loam,7.1,Medium,High,Medium,1046,19,1.83
Ranchi,Pulses,Loamy,6.02,High,High,Low,960,18,1.02
Ranchi,Pulses,Sandy Loam,7.29,Low,High,High,1040,27,1.78
Ranchi,Wheat,Loamy,7.3,Medium,Low,Medium,1004,22,2.75
Ranchi,Maize,Loamy,7.01,Medium,Low,High,1130,28,2.07
Ranchi,Wheat,Clay Loam,7.06,High,Medium,Low,1311,20,3.14
Ranchi,Maize,Loamy,7.11,Low,Medium,High,1085,27,3.51
Ranchi,Maize,Loamy,7.26,Low,High,Low,1056,28,2.32
Ranchi,Rice,Clay Loam,6.1,Medium,Low,Low,1403,31,3.53
Ranchi,Maize,Sandy Loam,6.12,Low,High,High,1120,29,3.48
Ranchi,Pulses,Loamy,7.02,Low,High,Medium,868,18,1.74
Ranchi,Rice,Clayey,6.42,Low,Low,Low,1297,31,2.79
Ranchi,Wheat,Clay Loam,7.12,Medium,High,Medium,1352,23,3.08
Ranchi,Maize,Sandy Loam,6.22,Medium,Low,Low,994,28,2.65
Ranchi,Pulses,Sandy Loam,6.72,Medium,Medium,High,832,26,1.15
Ranchi,Rice,Loamy,6.72,Medium,Low,High,1461,31,4.08
Ranchi,Wheat,Loamy,6.8,Low,High,Low,969,25,2.28
Ranchi,Maize,Loamy,6.06,Medium,High,Low,1102,29,3.38
Ranchi,Rice,Loamy,6.83,Medium,High,Low,1236,24,3.74
Ranchi,Wheat,Loamy,6.91,Medium,High,Low,1267,22,2.36
Ranchi,Pulses,Loamy,7.43,Medium,Low,High,888,27,1.9
Ranchi,Maize,Loamy,6.1,Low,High,Medium,1003,20,2.37
Ranchi,Maize,Sandy Loam,6.13,Medium,Low,Low,916,27,3.27
Ranchi,Pulses,Sandy Loam,6.82,Low,Low,High,822,25,1.81
Ranchi,Rice,Clayey,5.67,Medium,High,High,1483,27,3.08
Ranchi,Maize,Loamy,6.48,Medium,Low,Low,1114,24,3.39
Ranchi,Wheat,Loamy,6.63,Medium,High,Low,1052,24,1.82
Ranchi,Rice,Clayey,6.41,High,Medium,Low,1362,27,3.53
Ranchi,Pulses,Sandy Loam,6.86,Medium,Low,Medium,819,24,1.43
Ranchi,Pulses,Sandy Loam,6.42,Medium,Medium,High,818,18,1.17
Ranchi,Rice,Clay Loam,5.76,High,Low,Medium,1524,32,3.89
Ranchi,Wheat,Clay Loam,6.42,Medium,Medium,Low,1108,25,1.95
Ranchi,Pulses,Sandy Loam,7.15,High,Low,Medium,921,18,1.98
Ranchi,Wheat,Clay Loam,6.66,Medium,High,Low,1298,18,2.94
Ranchi,Pulses,Loamy,6.39,Low,High,Medium,981,23,1.06
Ranchi,Pulses,Sandy Loam,6.52,Low,High,Medium,963,26,1.7
Ranchi,Maize,Sandy Loam,6.27,Medium,High,Medium,1088,20,3.49
Ranchi,Maize,Loamy,6.32,Medium,Low,Medium,1113,18,3.59
Ranchi,Rice,Clay Loam,6.46,Medium,Medium,Low,1273,28,2.66
Ranchi,Rice,Clay Loam,5.96,Low,Low,High,1336,29,2.68
Ranchi,Maize,Sandy Loam,7.3,Low,High,Low,1131,20,3.02
Ranchi,Wheat,Clay Loam,6.54,High,High,High,1120,25,2.25
Ranchi,Wheat,Clay Loam,7.37,High,High,Low,940,22,2.67
Ranchi,Pulses,Sandy Loam,6.11,High,Low,Low,1001,24,1.37
Ranchi,Rice,Clay Loam,6.18,High,Low,Low,1301,29,3.57
Ranchi,Wheat,Clay Loam,6.19,High,High,Medium,915,25,2.23
Ranchi,Pulses,Sandy Loam,7.23,High,High,High,1099,20,1.47
Ranchi,Rice,Loamy,6.65,High,High,Medium,1325,31,3.79
Ranchi,Maize,Loamy,7.28,High,Low,High,929,30,2.89
Ranchi,Rice,Clay Loam,6.24,High,Medium,Low,1375,22,3.55
Ranchi,Rice,Clay Loam,6.57,Medium,High,Low,1414,29,2.56
Ranchi,Pulses,Sandy Loam,6.35,Low,Medium,High,1040,18,1.85
Ranchi,Pulses,Loamy,7.28,Medium,High,High,972,28,1.02
Ranchi,Rice,Clayey,5.81,Medium,High,Medium,1419,30,3.2
Ranchi,Maize,Loamy,6.18,Low,Medium,High,1094,28,2.74
Ranchi,Maize,Loamy,6.18,High,Medium,High,1198,23,2.19
Ranchi,Pulses,Sandy Loam,6.7,High,High,Medium,1077,21,1.49
Ranchi,Maize,Sandy Loam,6.06,Low,Medium,High,1140,27,3.47
Ranchi,Maize,Loamy,5.81,Medium,Medium,Medium,1124,30,2.26
Ranchi,Rice,Loamy,6.58,Medium,High,Medium,1492,32,3.75
Ranchi,Rice,Clay Loam,6.0,Medium,Medium,Medium,1513,27,3.46
Ranchi,Rice,Loamy,6.6,Medium,Low,Low,1275,23,3.74
Ranchi,Pulses,Sandy Loam,6.39,Medium,Low,High,946,27,1.84
Ranchi,Wheat,Clay Loam,6.48,High,Medium,Medium,1364,21,2.87
Ranchi,Wheat,Clay Loam,6.66,Medium,Low,Medium,1154,24,3.04
Ranchi,Wheat,Clay Loam,6.9,High,Medium,Low,1162,25,1.7
Ranchi,Rice,Loamy,5.54,Medium,High,Low,1223,29,3.06
Ranchi,Rice,Clay Loam,6.96,Low,High,Medium,1465,25,2.64
Ranchi,Pulses,Sandy Loam,7.35,Low,High,Medium,985,26,1.86
Ranchi,Rice,Clay Loam,6.08,Low,High,Medium,1208,22,4.23
Ranchi,Rice,Loamy,6.82,Low,Low,Low,1344,27,3.46
Ranchi,Wheat,Loamy,6.2,Medium,Medium,High,1361,25,2.72
Ranchi,Pulses,Sandy Loam,6.62,Medium,Medium,High,821,25,1.7
Ranchi,Maize,Sandy Loam,6.98,Low,Medium,High,1196,24,2.99
Ranchi,Wheat,Loamy,7.11,Low,Medium,High,1308,24,2.54
Ranchi,Wheat,Clay Loam,6.03,Low,High,Low,1362,19,2.56
Ranchi,Pulses,Sandy Loam,6.13,High,Low,Medium,991,22,1.74
Ranchi,Pulses,Loamy,6.86,Medium,Medium,Low,1092,20,1.92
Ranchi,Wheat,Loamy,6.58,Medium,Medium,Medium,1107,24,3.23
Ranchi,Pulses,Loamy,7.35,Medium,Medium,Medium,1048,18,1.55
Ranchi,Wheat,Loamy,7.3,High,Low,Low,1301,22,3.24
Ranchi,Wheat,Clay Loam,7.06,Low,Low,High,1327,21,2.03
Ranchi,Wheat,Loamy,7.49,Medium,High,Low,1082,18,1.77
Ranchi,Pulses,Loamy,7.17,Low,Low,High,967,19,1.98
Ranchi,Wheat,Loamy,6.5,Low,Medium,High,1157,23,2.18
Ranchi,Pulses,Loamy,6.43,Medium,High,Low,1088,24,1.18
Ranchi,Rice,Clay Loam,6.73,Medium,Low,Low,1394,32,4.17
Ranchi,Pulses,Loamy,7.47,Low,Low,High,913,24,1.18
Ranchi,Rice,Clayey,5.52,Low,High,Medium,1439,27,3.69
Ranchi,Pulses,Loamy,6.33,High,High,Medium,960,20,1.15
Ranchi,Maize,Sandy Loam,6.57,Medium,High,High,955,22,2.87
Ranchi,Wheat,Clay Loam,7.28,Medium,Low,Low,986,24,3.35
Ranchi,Rice,Clay Loam,5.91,High,Low,Low,1216,32,3.36
Ranchi,Pulses,Loamy,6.82,Low,Medium,Medium,928,25,1.77
Ranchi,Maize,Sandy Loam,6.46,High,Low,Medium,1103,28,3.87
Ranchi,Pulses,Sandy Loam,6.71,Medium,Low,Low,1058,28,1.19
Ranchi,Maize,Sandy Loam,7.49,Low,Medium,Medium,1095,29,3.47
Ranchi,Pulses,Sandy Loam,7.05,High,Medium,Low,971,18,1.07
Ranchi,Maize,Sandy Loam,6.06,High,Low,Medium,917,18,2.19
Ranchi,Rice,Clay Loam,5.88,Medium,Medium,Medium,1375,26,3.7
Ranchi,Wheat,Clay Loam,7.23,Low,Low,Low,1387,20,3.17
Ranchi,Rice,Clay Loam,5.8,High,Medium,High,1367,27,3.28
Ranchi,Maize,Loamy,6.79,Medium,Low,Low,963,24,3.37
Ranchi,Pulses,Sandy Loam,7.35,Low,Low,Low,1014,19,1.09
Ranchi,Maize,Loamy,7.0,High,High,Low,1120,19,3.2
Ranchi,Pulses,Loamy,6.22,Low,Low,Low,976,20,1.72
Ranchi,Maize,Loamy,6.12,Low,Low,Low,1171,21,2.12
Ranchi,Wheat,Loamy,6.62,High,Medium,Medium,1162,21,1.7
Ranchi,Wheat,Clay Loam,6.26,Low,Low,Medium,1206,25,3.16
Ranchi,Rice,Loamy,6.31,Low,Low,Low,1551,32,2.56
Ranchi,Maize,Loamy,6.93,Medium,High,High,1199,30,2.01
Ranchi,Pulses,Loamy,6.99,Low,Medium,Low,1050,23,1.99
Ranchi,Rice,Clayey,6.27,High,High,High,1377,22,3.97
Ranchi,Maize,Sandy Loam,5.96,Medium,High,Medium,1170,24,2.53
Ranchi,Pulses,Loamy,6.08,High,High,High,876,27,1.9
Ranchi,Rice,Clayey,6.92,High,High,Low,1368,27,4.21
Ranchi,Wheat,Loamy,7.06,High,High,Low,1149,25,2.74
Ranchi,Wheat,Clay Loam,7.31,Medium,Medium,Low,1185,21,1.94
Ranchi,Wheat,Loamy,6.5,Medium,Medium,Medium,978,25,2.61
Ranchi,Wheat,Clay Loam,6.95,Low,Low,Low,1290,19,2.57
Ranchi,Wheat,Loamy,7.0,Low,Medium,Low,1151,24,2.17
Ranchi,Rice,Clayey,6.38,Low,Medium,Medium,1385,30,4.34
Ranchi,Pulses,Loamy,6.77,High,High,Low,1065,27,1.0
Ranchi,Wheat,Loamy,6.41,Low,Medium,Low,912,25,2.68
Ranchi,Wheat,Clay Loam,6.79,Low,Medium,High,1317,24,2.07
Ranchi,Maize,Loamy,6.38,Medium,Medium,High,1054,27,3.45
Ranchi,Wheat,Clay Loam,7.26,High,Medium,High,931,18,2.66
Ranchi,Maize,Sandy Loam,7.49,High,Low,Medium,1099,26,2.36
Ranchi,Pulses,Loamy,6.58,Low,High,Low,943,22,1.47
Ranchi,Wheat,Clay Loam,7.23,Medium,High,High,1238,22,1.77
Ranchi,Rice,Loamy,5.96,High,Medium,High,1433,32,4.29
Ranchi,Pulses,Loamy,6.36,High,Medium,High,813,20,1.04
Ranchi,Pulses,Sandy Loam,6.29,High,Medium,Medium,876,21,1.87
Ranchi,Wheat,Clay Loam,7.2,Medium,High,Medium,1189,23,2.55
Ranchi,Rice,Loamy,6.23,Low,Medium,Low,1346,29,4.44
Ranchi,Maize,Sandy Loam,7.47,High,High,High,1183,19,3.68
Ranchi,Maize,Loamy,6.79,High,Low,High,964,21,2.29
Ranchi,Maize,Sandy Loam,5.96,Medium,Medium,Low,1039,20,2.74
Ranchi,Wheat,Clay Loam,7.26,High,Low,High,1175,25,2.48
Ranchi,Rice,Loamy,6.97,Medium,Low,Low,1308,23,4.18
Ranchi,Rice,Clay Loam,6.28,Low,Medium,Medium,1500,30,2.91
Ranchi,Wheat,Clay Loam,6.9,Low,Medium,Low,1144,21,2.19
Ranchi,Pulses,Loamy,7.46,Medium,Low,Low,966,21,1.2
Ranchi,Pulses,Loamy,6.58,Medium,Medium,High,879,26,1.62
Ranchi,Pulses,Sandy Loam,7.41,Low,High,Medium,1003,26,1.87
Ranchi,Maize,Sandy Loam,6.3,High,Medium,Low,1060,26,2.78
Ranchi,Rice,Loamy,6.92,Medium,Medium,High,1524,24,2.6
Ranchi,Maize,Sandy Loam,7.41,High,Low,High,976,24,2.7
Ranchi,Rice,Clay Loam,6.04,Medium,Medium,Low,1503,26,4.15
Ranchi,Maize,Sandy Loam,6.98,High,Low,Medium,1129,23,3.58
Ranchi,Pulses,Loamy,6.58,High,High,Medium,915,18,1.39
Ranchi,Rice,Loamy,6.64,High,High,High,1552,32,4.21
Ranchi,Wheat,Loamy,6.42,High,Medium,Medium,1291,21,1.7
Ranchi,Pulses,Loamy,7.44,Low,High,High,812,20,1.94
Ranchi,Maize,Sandy Loam,6.08,Low,High,Medium,1074,28,3.25
Ranchi,Pulses,Sandy Loam,7.23,Medium,Medium,Medium,961,27,1.82
Ranchi,Wheat,Clay Loam,6.64,High,Medium,Medium,1289,20,1.95
Ranchi,Wheat,Clay Loam,6.06,High,Low,Medium,1008,22,2.72
Ranchi,Rice,Clay Loam,6.79,High,Medium,Low,1482,22,4.33
Ranchi,Maize,Sandy Loam,6.78,Medium,Medium,Low,1079,26,3.79
Ranchi,Pulses,Sandy Loam,6.27,High,High,Low,826,23,1.82
Ranchi,Rice,Clay Loam,5.8,Low,High,Low,1320,28,2.81
Ranchi,Rice,Loamy,5.53,Medium,High,High,1346,26,2.58
Ranchi,Maize,Loamy,7.48,Medium,Medium,High,1146,23,3.51
Ranchi,Pulses,Sandy Loam,7.24,Low,Medium,Low,1031,21,1.15
Ranchi,Wheat,Loamy,7.15,Low,Medium,Low,1169,22,2.73
Ranchi,Wheat,Clay Loam,6.86,High,Low,Low,1037,25,3.28
Ranchi,Rice,Clay Loam,5.97,Low,Low,Low,1225,31,3.78
Ranchi,Maize,Sandy Loam,6.06,Low,Low,Medium,1175,23,3.05
Ranchi,Maize,Sandy Loam,7.45,High,High,High,921,29,2.11
Ranchi,Maize,Loamy,6.28,High,High,Medium,1093,21,3.23
Ranchi,Rice,Loamy,6.72,Medium,Medium,High,1364,31,2.58
Ranchi,Wheat,Loamy,6.31,Low,Low,Medium,1315,22,2.1
Ranchi,Maize,Loamy,6.0,High,Low,High,1056,26,2.08
Ranchi,Pulses,Sandy Loam,6.04,Low,High,High,815,28,1.76
Ranchi,Pulses,Loamy,6.7,Medium,Low,High,840,18,1.52
Ranchi,Wheat,Clay Loam,6.01,Medium,Medium,High,1297,18,3.32
Ranchi,Pulses,Sandy Loam,6.29,High,Low,Medium,975,25,1.11
Ranchi,Wheat,Clay Loam,6.69,Medium,Low,Low,1241,25,1.73
Ranchi,Wheat,Loamy,6.63,Medium,Medium,Low,960,20,3.05
Ranchi,Rice,Clay Loam,6.18,High,High,Medium,1257,30,3.09
Ranchi,Rice,Loamy,5.73,High,Low,High,1361,29,3.5
Ranchi,Rice,Clayey,6.43,Medium,Medium,Low,1298,22,3.55
Ranchi,Wheat,Loamy,7.12,Low,Low,Low,1349,18,2.66
Ranchi,Maize,Sandy Loam,6.65,High,Low,Medium,1085,18,2.34
Ranchi,Wheat,Loamy,7.2,Medium,Medium,Low,1311,21,2.81
Ranchi,Maize,Loamy,5.82,Medium,Low,High,1027,30,2.23
Ranchi,Pulses,Loamy,6.36,Medium,Medium,Low,1007,18,1.69
Ranchi,Maize,Sandy Loam,6.66,Low,Medium,High,961,24,2.63
Ranchi,Wheat,Loamy,7.27,Low,High,Low,934,18,2.43
Ranchi,Rice,Clay Loam,6.58,Medium,High,High,1590,24,3.84
Ranchi,Rice,Clay Loam,6.49,Low,High,Medium,1415,32,3.91
Ranchi,Rice,Clay Loam,5.94,High,High,High,1232,29,2.97
Ranchi,Maize,Loamy,6.19,Low,Low,Medium,1033,30,2.95
Ranchi,Maize,Sandy Loam,6.68,Low,Medium,Medium,906,28,2.88
Ranchi,Maize,Sandy Loam,6.65,Low,Low,Low,974,26,2.53
Ranchi,Pulses,Loamy,7.23,High,Low,High,985,21,1.79
Ranchi,Rice,Clayey,6.23,Low,High,High,1208,28,3.9
Ranchi,Maize,Loamy,7.49,High,High,High,1098,19,2.5
Ranchi,Pulses,Sandy Loam,6.36,Low,Low,High,1053,23,1.72
Ranchi,Maize,Sandy Loam,6.93,Medium,Low,Low,1131,28,3.13
Ranchi,Rice,Clayey,6.6,Medium,Medium,Low,1480,26,3.0
Ranchi,Maize,Sandy Loam,6.09,Low,High,High,928,21,2.24
Ranchi,Pulses,Loamy,6.6,Medium,Low,High,1012,26,1.99
Ranchi,Maize,Loamy,5.85,High,High,High,1075,22,3.43
Ranchi,Wheat,Loamy,6.69,Low,Low,Low,973,21,3.22
Ranchi,Rice,Loamy,6.99,High,Medium,Medium,1448,25,3.84
Ranchi,Maize,Loamy,6.83,High,High,Low,1105,24,2.83
Ranchi,Maize,Loamy,6.89,Medium,Medium,Medium,963,19,2.69
Ranchi,Rice,Clay Loam,5.73,Medium,Medium,Low,1456,26,4.33
Ranchi,Rice,Clay Loam,5.68,Low,High,Low,1600,23,4.36
Ranchi,Maize,Sandy Loam,6.58,Medium,Low,Medium,1093,28,3.92
Ranchi,Rice,Loamy,5.74,Low,Low,Low,1337,25,2.96
Ranchi,Maize,Sandy Loam,6.2,Medium,Medium,Low,1035,23,3.94
Ranchi,Wheat,Clay Loam,6.33,Medium,Medium,High,1254,21,2.18
Ranchi,Maize,Loamy,7.02,Medium,Low,High,946,30,3.47
Ranchi,Wheat,Clay Loam,7.02,Medium,Medium,Low,1254,24,2.63
Ranchi,Maize,Loamy,6.3,Low,Medium,Medium,993,30,2.39
Ranchi,Rice,Clayey,6.42,Medium,Low,High,1470,29,3.16
Ranchi,Pulses,Loamy,6.43,Medium,Medium,High,951,21,1.16
Ranchi,Rice,Clayey,6.58,Low,Low,Low,1275,27,3.98
Ranchi,Rice,Loamy,6.8,Medium,Medium,Medium,1201,32,2.71
Ranchi,Wheat,Clay Loam,6.65,Low,High,High,1393,18,1.8
Ranchi,Rice,Loamy,6.15,Low,Medium,Low,1441,30,3.71
Ranchi,Rice,Clayey,5.96,Medium,Medium,Low,1368,23,4.42
Ranchi,Maize,Sandy Loam,6.92,High,Medium,High,916,27,2.34
Ranchi,Maize,Sandy Loam,6.73,Medium,Medium,Medium,1117,20,3.83
Ranchi,Rice,Clay Loam,5.88,High,Medium,Medium,1285,28,4.21
Ranchi,Pulses,Sandy Loam,7.17,Low,High,Low,879,19,1.86
Ranchi,Maize,Sandy Loam,6.5,Medium,High,High,906,23,3.22
Ranchi,Wheat,Clay Loam,6.5,Low,Low,Medium,913,19,2.45
Ranchi,Maize,Sandy Loam,6.21,Low,Medium,Medium,943,20,3.9
Ranchi,Rice,Clayey,6.04,High,Medium,Low,1337,23,3.29
Ranchi,Rice,Loamy,6.59,High,High,Medium,1273,24,3.91
Ranchi,Maize,Loamy,7.46,Medium,Low,High,1107,20,3.28
Ranchi,Pulses,Loamy,7.4,Low,Medium,High,877,23,1.49
Ranchi,Wheat,Loamy,7.31,High,Low,Low,1155,22,2.38
Ranchi,Maize,Sandy Loam,7.17,Medium,High,Low,1179,26,2.36
Ranchi,Wheat,Loamy,7.22,Low,High,Medium,1014,23,2.09
Ranchi,Wheat,Clay Loam,6.43,High,Medium,Low,1239,22,3.3
Ranchi,Rice,Clayey,6.97,Low,High,High,1247,32,2.56
Ranchi,Rice,Loamy,6.1,Low,High,Medium,1361,22,3.08
Ranchi,Pulses,Loamy,6.63,Low,High,Low,1084,19,1.2
Ranchi,Maize,Loamy,5.88,Medium,Low,Medium,971,28,2.79
Ranchi,Wheat,Clay Loam,6.02,Low,Medium,Low,1128,18,2.08
Ranchi,Rice,Clayey,6.26,High,Medium,Medium,1455,25,4.22
Ranchi,Maize,Loamy,5.9,High,High,Medium,1122,28,3.69
Ranchi,Maize,Loamy,7.35,Low,Medium,Low,1135,26,3.88
Ranchi,Rice,Clayey,5.55,High,Medium,Low,1275,25,2.62
Ranchi,Wheat,Loamy,6.01,Low,High,High,1094,20,1.81
Ranchi,Pulses,Loamy,6.39,Medium,Low,High,818,27,1.5
Ranchi,Rice,Clay Loam,5.61,Low,High,High,1296,31,3.22
Ranchi,Pulses,Loamy,6.61,Medium,Medium,Medium,812,19,1.56
Ranchi,Maize,Sandy Loam,6.69,Medium,Medium,Low,1123,26,2.85
Ranchi,Wheat,Loamy,6.55,Low,High,High,1283,18,2.12
Ranchi,Rice,Clay Loam,5.66,Low,Medium,Low,1527,25,3.95
Ranchi,Maize,Loamy,7.47,High,Low,High,1001,19,3.8
Ranchi,Rice,Loamy,6.19,Low,High,Low,1377,26,2.85
Ranchi,Rice,Loamy,5.65,High,Low,Low,1416,27,3.27
Ranchi,Wheat,Clay Loam,6.52,Low,High,Low,1360,18,2.81
Ranchi,Maize,Loamy,6.03,Low,Medium,Medium,1069,24,3.64
Ranchi,Maize,Loamy,5.91,High,High,High,1027,24,2.71
Ranchi,Maize,Sandy Loam,7.2,Medium,Medium,Medium,1116,27,2.09
Ranchi,Maize,Sandy Loam,6.59,Medium,Low,Medium,903,26,3.34
Ranchi,Maize,Loamy,5.83,Low,High,Low,1023,18,2.55
Ranchi,Wheat,Loamy,7.28,Low,Low,High,914,18,1.77
Ranchi,Maize,Sandy Loam,6.56,Medium,High,High,1164,27,2.81
Ranchi,Maize,Sandy Loam,6.54,Low,Medium,Low,1015,25,2.52
Ranchi,Maize,Loamy,6.44,Low,Medium,Medium,1111,29,2.03
Ranchi,Maize,Sandy Loam,7.13,Low,Low,Low,1162,23,2.11
Ranchi,Pulses,Loamy,6.77,Medium,Low,High,958,19,1.84
Ranchi,Maize,Sandy Loam,6.78,Low,Medium,High,1078,29,3.54
Ranchi,Wheat,Loamy,6.92,High,Medium,Low,1272,22,3.12
Ranchi,Pulses,Loamy,6.39,Low,High,High,923,18,1.83
Ranchi,Maize,Loamy,7.33,Medium,Medium,Low,1028,30,2.57
Ranchi,Rice,Clayey,6.33,High,Medium,Low,1507,24,3.41
Ranchi,Wheat,Loamy,7.13,High,Low,Low,1070,19,2.03
Ranchi,Pulses,Loamy,6.31,Medium,High,Medium,895,23,1.8
Ranchi,Wheat,Loamy,6.7,High,Medium,High,907,19,3.37
Ranchi,Wheat,Loamy,6.11,Medium,Low,Low,1205,18,2.78
Ranchi,Pulses,Loamy,7.22,High,High,Medium,852,26,1.73
Ranchi,Pulses,Loamy,6.24,High,Low,Medium,982,25,1.42
Ranchi,Pulses,Loamy,7.49,High,High,Low,1020,27,1.07
Ranchi,Maize,Sandy Loam,6.19,Medium,Low,Low,1073,21,2.17
Ranchi,Rice,Clay Loam,6.4,Low,Medium,High,1560,31,3.59
Ranchi,Pulses,Loamy,6.5,High,Medium,Low,1065,26,1.93
Ranchi,Maize,Sandy Loam,6.27,Low,Low,Low,1128,24,3.07
Ranchi,Rice,Clay Loam,5.84,High,High,Medium,1258,30,2.6
Ranchi,Wheat,Loamy,7.09,Medium,High,Medium,1126,18,2.78
Ranchi,Wheat,Clay Loam,7.25,High,Medium,High,937,21,3.02
Ranchi,Rice,Clay Loam,6.26,High,High,Low,1356,28,4.08
Ranchi,Pulses,Loamy,7.05,Medium,Medium,Medium,885,19,1.89
Ranchi,Pulses,Sandy Loam,6.0,Medium,Medium,Medium,853,26,1.74
Ranchi,Wheat,Clay Loam,6.77,High,Medium,Low,1088,19,3.14
Ranchi,Rice,Clay Loam,5.76,Medium,Medium,High,1216,27,4.07
Ranchi,Wheat,Clay Loam,6.96,Low,Medium,Low,964,18,3.02
Ranchi,Pulses,Sandy Loam,7.09,High,Low,Low,841,21,1.07
Ranchi,Rice,Clay Loam,6.35,Medium,Low,Medium,1463,23,2.77
Ranchi,Wheat,Clay Loam,6.46,Low,Low,Medium,1205,20,2.16
Ranchi,Pulses,Loamy,7.49,Medium,Medium,Low,858,19,1.69
Ranchi,Wheat,Clay Loam,7.24,Low,High,Low,932,25,2.13
Ranchi,Rice,Loamy,6.76,High,Medium,Low,1372,32,3.18
Ranchi,Rice,Clay Loam,5.62,Low,Medium,High,1252,27,3.8
Ranchi,Pulses,Sandy Loam,6.84,Medium,Low,Low,977,21,1.31
Ranchi,Wheat,Loamy,6.47,Low,High,Medium,1282,22,2.56
Ranchi,Pulses,Sandy Loam,6.13,Medium,Medium,Low,809,25,1.07
Ranchi,Maize,Sandy Loam,7.46,High,Low,Medium,995,26,3.99
Ranchi,Wheat,Loamy,6.98,Low,High,Medium,1189,22,3.29
Ranchi,Maize,Loamy,6.53,Medium,High,Medium,951,21,3.65
Ranchi,Pulses,Loamy,6.16,Low,High,Low,1053,25,1.61
Ranchi,Rice,Clayey,6.41,Low,Medium,Medium,1332,25,2.65
Ranchi,Maize,Sandy Loam,7.03,Low,High,Low,1018,20,3.98
Ranchi,Pulses,Sandy Loam,6.21,High,Medium,Medium,1048,24,1.44
Ranchi,Pulses,Loamy,6.8,Medium,High,High,1076,25,1.42
Ranchi,Pulses,Sandy Loam,6.73,Medium,Medium,High,817,25,1.19
Ranchi,Rice,Loamy,6.71,Low,Low,Low,1497,32,2.98
Ranchi,Maize,Sandy Loam,6.88,Medium,Low,High,991,20,2.84
Ranchi,Wheat,Loamy,7.19,High,Low,High,971,21,2.27
Ranchi,Maize,Loamy,6.61,Medium,Medium,Medium,1198,21,2.86
Ranchi,Pulses,Loamy,6.01,High,Medium,Medium,910,26,1.25
Ranchi,Rice,Loamy,6.23,High,Medium,High,1446,26,4.26
Ranchi,Maize,Loamy,7.44,Low,Medium,Low,952,28,3.36
Ranchi,Maize,Loamy,6.84,Low,Low,High,1184,28,3.73
Ranchi,Wheat,Loamy,7.27,Medium,Low,High,1131,25,2.07
Ranchi,Rice,Clayey,6.4,Medium,Low,Low,1418,27,2.74
Ranchi,Maize,Loamy,6.97,High,Low,Medium,951,25,2.61
Ranchi,Rice,Clay Loam,6.45,High,Medium,Low,1247,24,3.05
Ranchi,Rice,Loamy,5.5,Low,Low,Medium,1233,31,3.18
Ranchi,Wheat,Loamy,6.01,High,Medium,Medium,1138,19,2.73
Ranchi,Maize,Sandy Loam,7.36,Medium,High,Medium,978,19,3.18
Ranchi,Pulses,Sandy Loam,7.27,High,Medium,Low,817,20,1.38
Ranchi,Wheat,Clay Loam,6.53,Low,Medium,Medium,1385,18,2.1
Ranchi,Maize,Loamy,6.44,Low,High,High,1126,24,2.42
Ranchi,Maize,Loamy,6.44,Medium,Low,High,906,21,3.38
Ranchi,Wheat,Loamy,6.73,Medium,Low,Medium,1194,24,2.92
Ranchi,Pulses,Loamy,7.48,High,Low,High,933,27,1.62
Ranchi,Pulses,Sandy Loam,7.14,Low,High,Low,1098,26,1.54
Ranchi,Wheat,Loamy,7.26,High,High,Low,1237,24,3.27
Ranchi,Maize,Loamy,6.51,Low,Low,Low,1101,28,2.44
Ranchi,Rice,Loamy,6.81,Low,Medium,Medium,1573,24,3.72
Ranchi,Wheat,Clay Loam,6.62,Medium,Low,High,1329,21,1.78
Ranchi,Wheat,Clay Loam,7.11,Low,High,Medium,1014,18,2.79
Ranchi,Maize,Loamy,6.58,Medium,Low,Medium,1016,27,3.3
Ranchi,Wheat,Clay Loam,7.12,Low,Low,Medium,1322,25,2.26
Ranchi,Rice,Loamy,5.57,Low,Low,Low,1344,25,4.13
Ranchi,Pulses,Loamy,6.76,Medium,High,Low,830,25,1.09
Ranchi,Maize,Loamy,5.86,High,High,Low,1132,22,3.59
Ranchi,Rice,Clay Loam,5.66,Low,Medium,Medium,1476,28,3.84
Ranchi,Pulses,Loamy,6.07,Low,High,High,949,27,1.28
Ranchi,Wheat,Clay Loam,6.79,Medium,High,Low,1013,20,1.77
Ranchi,Rice,Loamy,6.47,Medium,High,Low,1455,30,3.24
Ranchi,Rice,Loamy,6.59,Low,Medium,Low,1414,27,2.6
Ranchi,Rice,Loamy,6.13,Medium,High,Low,1357,30,4.17
Ranchi,Pulses,Loamy,7.0,Medium,Medium,Low,988,23,1.12
Ranchi,Pulses,Sandy Loam,6.18,Medium,High,High,1034,24,1.54
Ranchi,Maize,Loamy,6.58,Medium,Medium,Low,1145,28,3.06
Ranchi,Pulses,Loamy,7.46,High,High,Medium,852,23,1.56
Ranchi,Pulses,Sandy Loam,7.33,Medium,Medium,Medium,976,25,1.25
Ranchi,Wheat,Loamy,6.82,Low,Medium,Medium,1106,18,2.59
Ranchi,Maize,Loamy,6.24,Medium,Low,Medium,1182,21,2.78
Ranchi,Rice,Clayey,6.61,Low,Medium,Low,1598,30,2.71
Ranchi,Pulses,Loamy,6.79,High,High,High,1031,24,1.97
Ranchi,Rice,Clay Loam,6.29,Low,Low,High,1396,27,3.89
Ranchi,Wheat,Clay Loam,6.39,High,Low,Medium,1159,23,2.21
Ranchi,Pulses,Sandy Loam,7.49,Medium,Medium,High,858,23,1.59
Ranchi,Wheat,Clay Loam,6.93,High,High,High,1142,21,1.78
Ranchi,Wheat,Clay Loam,6.17,Low,Low,Low,1343,25,2.74
Ranchi,Maize,Loamy,7.05,Low,Medium,Low,1008,20,2.53
Ranchi,Wheat,Clay Loam,7.42,Low,Low,Low,1296,21,2.16
Ranchi,Maize,Sandy Loam,7.36,Low,Low,High,1092,27,3.87
Ranchi,Pulses,Sandy Loam,7.34,Low,Medium,High,1068,27,1.84
Ranchi,Rice,Clayey,6.33,Medium,Low,High,1258,27,2.64
Ranchi,Pulses,Sandy Loam,6.16,Medium,Low,Medium,1015,24,1.63
Ranchi,Rice,Clayey,6.04,Medium,Medium,Low,1239,25,3.58
Ranchi,Wheat,Loamy,6.3,Medium,Medium,High,1047,25,2.63
Ranchi,Pulses,Sandy Loam,6.86,Low,Low,Medium,986,22,1.92
Ranchi,Pulses,Loamy,7.25,Low,Low,Medium,850,18,1.66
Ranchi,Maize,Sandy Loam,7.04,Low,High,Medium,1182,24,3.82
Ranchi,Wheat,Clay Loam,6.44,High,High,Low,1201,22,3.04
Ranchi,Pulses,Sandy Loam,6.42,Medium,High,High,889,18,1.1
Ranchi,Pulses,Sandy Loam,6.12,Medium,Low,Medium,1015,21,1.61
Ranchi,Maize,Sandy Loam,5.81,Medium,Low,Low,939,25,3.72
Ranchi,Wheat,Loamy,7.39,Low,High,Low,1183,23,2.38
Ranchi,Pulses,Loamy,7.05,High,Medium,High,975,23,1.95
Ranchi,Rice,Clay Loam,6.09,Low,High,High,1562,30,3.75
Ranchi,Maize,Loamy,6.7,Medium,Low,Medium,1126,18,3.0
Ranchi,Wheat,Loamy,6.4,Medium,High,High,934,21,1.79
Ranchi,Pulses,Loamy,6.08,High,Low,High,993,24,1.48
Ranchi,Pulses,Loamy,6.84,Low,Medium,High,856,21,2.0
Ranchi,Rice,Clay Loam,6.37,High,Low,Low,1495,31,3.81
Ranchi,Maize,Sandy Loam,6.98,Low,High,Medium,1084,20,2.98
Ranchi,Wheat,Loamy,6.53,Medium,Low,Low,1137,19,2.28
Ranchi,Pulses,Loamy,6.8,High,Medium,High,1013,28,1.74
Ranchi,Pulses,Loamy,6.9,Low,High,Medium,987,28,1.94
Ranchi,Wheat,Loamy,6.16,High,High,High,1049,25,2.11
Ranchi,Maize,Sandy Loam,5.99,High,Low,Medium,1108,26,2.29
Ranchi,Maize,Loamy,7.03,Low,Medium,Low,1180,20,2.28
Ranchi,Rice,Clayey,6.86,Low,Low,Low,1579,23,4.43
Ranchi,Maize,Loamy,6.53,Low,Medium,High,1046,24,3.27
Ranchi,Rice,Clayey,6.1,Medium,Medium,Medium,1303,32,3.75
Ranchi,Pulses,Sandy Loam,6.77,Medium,Medium,Medium,1073,24,1.88
Ranchi,Rice,Clayey,6.77,High,High,Medium,1428,30,2.61
Ranchi,Pulses,Loamy,7.23,Medium,High,Low,874,24,1.26
Ranchi,Wheat,Loamy,6.95,Low,Medium,High,1075,18,2.62
Ranchi,Pulses,Loamy,7.05,High,Medium,High,1088,22,1.26
Ranchi,Rice,Clayey,5.71,High,High,Low,1285,22,4.13
Ranchi,Wheat,Loamy,6.72,Low,Low,High,975,19,2.5
Ranchi,Rice,Loamy,6.55,Medium,Medium,Medium,1394,27,3.77
Ranchi,Pulses,Loamy,6.6,Medium,Medium,High,861,20,1.5
Ranchi,Pulses,Sandy Loam,7.04,High,Low,High,1047,19,1.76
Ranchi,Wheat,Clay Loam,6.07,Low,High,High,975,23,2.75
Ranchi,Maize,Loamy,6.29,Low,High,High,978,27,2.97
Ranchi,Rice,Loamy,6.45,High,Medium,Medium,1443,25,2.8
Ranchi,Maize,Loamy,6.07,High,Low,Medium,1188,29,3.8
Ranchi,Rice,Loamy,6.07,Medium,Medium,High,1511,23,3.84
Ranchi,Wheat,Clay Loam,7.15,Medium,Medium,Medium,1262,20,2.49
Ranchi,Wheat,Clay Loam,6.63,Medium,Low,High,1365,20,3.24
Ranchi,Rice,Clay Loam,6.7,Medium,Medium,High,1579,26,4.45
Ranchi,Maize,Loamy,5.99,Low,Low,Medium,902,26,2.76
Ranchi,Maize,Sandy Loam,5.92,Low,Low,Low,993,19,3.0
Ranchi,Pulses,Loamy,6.75,High,Medium,Low,1000,21,1.63
Ranchi,Pulses,Loamy,6.43,Medium,Low,Medium,886,21,1.16
Ranchi,Rice,Clay Loam,5.74,Medium,High,Low,1247,25,4.22
Ranchi,Maize,Sandy Loam,6.22,Medium,Low,Low,1135,23,3.54
Ranchi,Wheat,Loamy,7.33,High,Medium,High,1195,25,3.3
Ranchi,Rice,Clayey,5.97,Low,Low,Low,1432,28,3.25
Ranchi,Rice,Clayey,6.0,Medium,High,Medium,1587,30,3.35
Ranchi,Wheat,Loamy,7.1,Low,High,Low,1300,25,1.77
Ranchi,Wheat,Loamy,6.96,Medium,High,High,1249,18,1.99
Ranchi,Pulses,Loamy,7.3,High,Low,High,1079,18,1.54
Ranchi,Wheat,Loamy,7.42,Medium,Medium,Low,1071,25,1.84
Ranchi,Maize,Sandy Loam,6.34,High,Medium,Low,1128,30,2.3
Ranchi,Rice,Clayey,6.96,Medium,Low,High,1559,23,3.48
Ranchi,Maize,Loamy,6.07,Medium,Low,Low,955,26,3.71
Ranchi,Rice,Clayey,6.7,Low,Medium,Low,1482,25,3.96
Ranchi,Maize,Sandy Loam,6.57,High,Medium,High,1024,20,3.21
Ranchi,Rice,Clayey,6.58,High,Low,Low,1284,25,3.85
Ranchi,Rice,Loamy,6.36,High,Medium,Low,1464,24,3.88
Ranchi,Wheat,Clay Loam,7.01,Low,High,Low,923,20,2.61
Ranchi,Rice,Clay Loam,6.81,Medium,High,Low,1429,32,3.9
Ranchi,Wheat,Clay Loam,6.45,Low,High,Low,1248,18,1.94
Ranchi,Pulses,Sandy Loam,6.95,Medium,Low,High,904,20,1.62
Ranchi,Pulses,Loamy,6.55,Low,Low,Low,1019,18,1.41
Ranchi,Pulses,Loamy,6.49,High,High,High,870,25,1.57
Ranchi,Maize,Loamy,6.01,Medium,Medium,High,953,24,2.11
Ranchi,Wheat,Loamy,6.41,High,Low,High,1177,19,2.33
Ranchi,Rice,Clay Loam,6.31,Low,High,Low,1508,30,3.97
Ranchi,Wheat,Loamy,6.57,High,Medium,High,965,19,2.42
Ranchi,Maize,Loamy,6.71,High,Low,Low,1056,26,2.66
Ranchi,Wheat,Clay Loam,6.16,Low,Low,High,1053,21,2.62
Ranchi,Rice,Clay Loam,6.92,Low,Low,High,1513,30,3.16
Ranchi,Maize,Sandy Loam,7.01,Low,Low,High,913,26,2.87
Ranchi,Pulses,Sandy Loam,6.87,High,Low,Medium,892,24,1.26
Ranchi,Maize,Sandy Loam,7.38,Medium,High,Low,916,20,3.96
Ranchi,Pulses,Loamy,6.85,High,High,Medium,1057,26,1.46
Ranchi,Wheat,Clay Loam,6.99,Medium,High,Low,1398,19,2.98
Ranchi,Pulses,Sandy Loam,6.86,Low,Medium,Low,958,27,1.49
Ranchi,Wheat,Loamy,6.73,Low,Medium,High,1050,21,2.38
Ranchi,Rice,Clay Loam,6.12,Medium,Low,High,1232,26,2.56
Ranchi,Maize,Loamy,6.55,Medium,Medium,High,929,28,3.97
Ranchi,Pulses,Loamy,7.45,Medium,High,High,1099,23,1.94
Ranchi,Maize,Sandy Loam,7.14,Medium,High,Low,1102,19,3.96
Ranchi,Pulses,Sandy Loam,7.39,High,Low,Low,877,25,1.03
Ranchi,Rice,Clay Loam,6.11,Medium,High,Low,1311,29,3.97
Ranchi,Wheat,Loamy,7.49,High,Low,Low,1154,20,2.25
Ranchi,Rice,Clayey,6.31,High,Low,Medium,1508,23,3.21
Ranchi,Wheat,Clay Loam,6.09,High,Low,Medium,1256,18,2.32
Ranchi,Maize,Sandy Loam,6.77,Low,Low,Low,939,30,3.07
Ranchi,Rice,Loamy,6.99,Medium,Low,High,1350,22,4.05
Ranchi,Wheat,Clay Loam,6.8,High,High,Medium,1206,18,2.21
Ranchi,Rice,Clay Loam,5.64,Low,High,Low,1236,29,4.1
Ranchi,Maize,Sandy Loam,6.31,Medium,Medium,Low,1037,29,2.67
Ranchi,Wheat,Loamy,6.43,Low,High,Low,1051,20,2.43
Ranchi,Maize,Loamy,6.52,High,High,Medium,966,30,3.08
Ranchi,Maize,Sandy Loam,6.72,Medium,Medium,High,1067,27,2.33
Ranchi,Maize,Sandy Loam,6.42,Medium,Medium,Medium,954,28,2.98
Ranchi,Pulses,Loamy,7.05,Low,High,High,852,19,1.49
Ranchi,Maize,Loamy,6.02,Low,Low,Low,945,21,3.89
Ranchi,Pulses,Sandy Loam,7.19,Low,High,Medium,1084,20,1.56
Ranchi,Wheat,Clay Loam,7.34,Low,High,High,1304,22,1.8
Ranchi,Rice,Clay Loam,6.05,Low,Medium,Low,1446,26,3.87
Ranchi,Pulses,Loamy,7.03,Low,Medium,Low,916,19,1.91
Ranchi,Rice,Clayey,5.9,Medium,Medium,High,1342,23,4.48
Ranchi,Rice,Clayey,6.69,High,Low,Low,1321,27,3.33
Ranchi,Pulses,Sandy Loam,6.23,Low,Medium,High,992,22,1.87
Ranchi,Rice,Loamy,6.21,Medium,High,Low,1228,30,4.48
Ranchi,Maize,Loamy,5.99,Low,High,Medium,953,20,2.86
Ranchi,Rice,Clay Loam,5.93,Medium,Medium,High,1432,23,3.46
Ranchi,Pulses,Sandy Loam,6.7,High,High,High,1082,22,1.72
Ranchi,Maize,Loamy,7.43,Medium,High,Low,942,22,2.98
Ranchi,Wheat,Clay Loam,7.26,Medium,High,High,1338,18,2.17
Ranchi,Pulses,Sandy Loam,7.35,Medium,Medium,Medium,835,28,1.46
Ranchi,Maize,Loamy,6.06,Medium,Low,High,907,20,2.88
Ranchi,Pulses,Sandy Loam,6.14,High,Medium,Low,924,20,1.77
Ranchi,Pulses,Sandy Loam,6.3,High,High,High,862,25,1.2
Ranchi,Wheat,Loamy,6.02,High,Low,Medium,1124,18,2.61
Ranchi,Pulses,Sandy Loam,6.32,Medium,Medium,Low,814,22,1.2
Ranchi,Maize,Loamy,7.08,Low,Low,High,1119,25,3.56
Ranchi,Maize,Sandy Loam,6.54,Medium,High,Low,1195,20,2.68
Ranchi,Wheat,Loamy,7.43,Low,High,Low,1269,19,2.65
Ranchi,Maize,Loamy,7.23,High,Low,High,1069,29,3.14
Ranchi,Rice,Clay Loam,6.65,Low,Low,Low,1544,25,3.75
Ranchi,Maize,Loamy,5.98,High,High,Low,963,22,3.0
Ranchi,Maize,Sandy Loam,6.84,Low,Low,High,1136,26,3.37
Ranchi,Wheat,Clay Loam,6.27,Low,Low,Low,1322,20,3.19
Ranchi,Pulses,Sandy Loam,6.28,Low,Medium,High,801,27,1.14
Ranchi,Pulses,Loamy,6.56,High,Low,High,924,21,1.43
Ranchi,Rice,Loamy,5.56,High,Medium,Medium,1303,28,3.35
Ranchi,Wheat,Loamy,6.75,Low,Medium,High,1238,21,1.81
Ranchi,Rice,Clayey,6.1,Low,Medium,High,1319,24,3.97
Ranchi,Maize,Sandy Loam,6.67,Medium,Medium,High,1175,21,2.58
Ranchi,Wheat,Loamy,6.75,Medium,Medium,High,1249,22,2.01
Ranchi,Rice,Clayey,6.07,Low,High,High,1280,29,2.56
Ranchi,Maize,Sandy Loam,6.58,Medium,Medium,High,1180,28,2.08
Ranchi,Wheat,Clay Loam,7.16,Low,High,High,1315,20,1.75
Ranchi,Maize,Loamy,6.86,Medium,Medium,Low,1061,29,3.99
Ranchi,Rice,Loamy,6.1,Medium,High,Medium,1335,24,3.12
Ranchi,Maize,Loamy,6.71,Low,Low,High,966,25,2.4
Ranchi,Wheat,Clay Loam,6.87,High,High,Medium,989,20,1.76
Ranchi,Rice,Clay Loam,6.99,Low,Low,Medium,1434,31,2.83
Ranchi,Rice,Clayey,5.92,High,Medium,High,1444,29,3.61
Ranchi,Rice,Loamy,5.9,Medium,Medium,High,1262,23,4.3
Ranchi,Rice,Clayey,6.13,High,Low,Medium,1462,32,4.14
Ranchi,Maize,Loamy,7.19,Low,High,High,1075,18,2.22
Ranchi,Maize,Sandy Loam,6.75,Medium,Medium,High,1086,21,3.9
Ranchi,Pulses,Sandy Loam,7.36,High,Low,Low,837,22,1.74
Ranchi,Maize,Loamy,6.99,Low,High,Medium,1013,28,2.86
Ranchi,Pulses,Loamy,6.1,High,High,Medium,1079,25,1.5
Ranchi,Pulses,Loamy,7.15,Low,High,High,885,27,1.4
Ranchi,Maize,Sandy Loam,6.06,Medium,High,Medium,949,23,2.55
Ranchi,Pulses,Loamy,6.41,High,Medium,High,1088,18,1.49
Ranchi,Maize,Loamy,7.09,High,Low,Medium,1070,24,2.9
Ranchi,Pulses,Sandy Loam,7.16,Medium,Medium,Medium,1046,22,1.96
Ranchi,Maize,Sandy Loam,6.75,High,Low,Medium,946,18,3.34
Ranchi,Wheat,Clay Loam,6.54,Low,Low,High,944,25,3.4
Ranchi,Rice,Clayey,6.63,High,Medium,Low,1412,29,3.64
Ranchi,Rice,Clayey,6.25,Medium,Low,Low,1214,27,3.43
Ranchi,Rice,Clayey,6.84,Medium,Medium,Low,1307,22,4.2
Ranchi,Maize,Sandy Loam,5.93,Medium,High,High,1010,29,2.37
Ranchi,Wheat,Loamy,7.11,High,Medium,Medium,1178,20,1.85
Ranchi,Wheat,Loamy,6.31,High,High,Medium,1222,19,3.33
Ranchi,Pulses,Sandy Loam,6.43,Low,High,Medium,970,28,1.68
Ranchi,Maize,Sandy Loam,7.21,Medium,High,Medium,1186,24,2.32
Ranchi,Wheat,Loamy,6.48,Medium,Medium,High,1291,24,1.85
Ranchi,Wheat,Loamy,6.12,Low,High,High,1150,18,3.27
Ranchi,Rice,Clay Loam,5.97,Low,Low,Low,1272,29,3.15
Ranchi,Wheat,Clay Loam,6.32,Medium,Medium,Medium,1080,24,2.87
Ranchi,Maize,Sandy Loam,6.49,Medium,High,Low,1175,30,2.76
Ranchi,Rice,Clay Loam,6.9,Low,Medium,High,1451,26,3.31
Ranchi,Rice,Clayey,5.75,Medium,Low,Medium,1527,27,2.93
Ranchi,Pulses,Sandy Loam,6.95,Medium,Medium,High,1007,24,1.29
Ranchi,Rice,Clay Loam,6.53,Medium,High,Low,1319,32,2.51
Ranchi,Maize,Loamy,7.26,Medium,Low,Low,1045,19,2.56
Ranchi,Pulses,Loamy,6.22,Low,High,Medium,820,26,1.74
Ranchi,Rice,Loamy,5.7,Medium,Medium,Low,1408,28,2.77
Ranchi,Rice,Clay Loam,6.22,Medium,High,Low,1551,26,4.1
Ranchi,Wheat,Loamy,6.39,Medium,High,Medium,1331,22,3.18
Ranchi,Pulses,Sandy Loam,7.49,Low,Medium,Low,879,19,1.34
Ranchi,Maize,Sandy Loam,6.73,Medium,Medium,High,1091,26,3.97
Ranchi,Maize,Loamy,6.16,Low,High,Medium,1074,25,2.19
Ranchi,Rice,Clayey,6.58,High,High,Low,1485,30,2.96
Ranchi,Pulses,Sandy Loam,6.62,Medium,Low,Medium,988,27,1.52
Ranchi,Wheat,Clay Loam,6.02,Medium,Medium,High,1211,24,1.88
Ranchi,Rice,Loamy,6.25,Medium,Medium,High,1527,25,4.47
Ranchi,Rice,Clayey,6.48,Medium,High,High,1290,25,3.72
Ranchi,Pulses,Loamy,6.86,Medium,Low,Low,996,23,1.87
Ranchi,Maize,Sandy Loam,7.05,Medium,High,Low,1093,18,3.41
Ranchi,Rice,Loamy,6.43,Low,Medium,Medium,1564,22,2.9
Ranchi,Pulses,Loamy,6.8,Low,Medium,High,1028,22,1.49
Ranchi,Rice,Loamy,6.3,High,High,High,1569,28,3.78
Ranchi,Pulses,Sandy Loam,7.07,High,Low,High,1047,21,1.07
Ranchi,Pulses,Loamy,7.41,Low,Low,High,881,25,1.68
Ranchi,Pulses,Sandy Loam,6.99,Low,High,Medium,931,19,1.29
Ranchi,Rice,Loamy,6.64,High,High,Low,1382,31,3.98
Ranchi,Wheat,Clay Loam,7.3,High,Medium,Medium,1241,20,2.68
Ranchi,Maize,Loamy,7.0,Medium,High,Low,1088,19,3.24
Ranchi,Wheat,Clay Loam,6.73,High,Medium,Low,1125,18,3.06
Ranchi,Wheat,Loamy,6.18,Low,Medium,Low,998,25,2.74
Ranchi,Pulses,Sandy Loam,6.91,Low,Medium,Medium,1067,20,1.3
Ranchi,Maize,Loamy,7.22,Low,Medium,High,1009,21,3.46
Ranchi,Maize,Sandy Loam,5.93,Low,High,High,1004,20,3.21
Ranchi,Rice,Clay Loam,6.98,Medium,High,Medium,1478,23,3.52
Ranchi,Wheat,Loamy,6.06,High,High,High,1356,21,2.14
Ranchi,Rice,Clay Loam,6.18,High,High,Medium,1499,24,4.47
Ranchi,Wheat,Loamy,6.97,Medium,High,Low,989,25,3.03
Ranchi,Rice,Loamy,6.04,High,High,Medium,1335,24,3.47
Ranchi,Pulses,Sandy Loam,6.31,High,Low,Medium,1038,26,1.56
Ranchi,Pulses,Sandy Loam,6.0,Medium,High,High,891,25,1.59
Ranchi,Rice,Loamy,6.49,Low,High,Low,1204,26,2.73
Ranchi,Wheat,Loamy,7.02,High,Medium,Low,1290,19,2.43
Ranchi,Pulses,Sandy Loam,7.11,Low,Medium,Medium,1043,19,1.95
Ranchi,Wheat,Clay Loam,6.56,Medium,Medium,High,1387,24,3.25
Ranchi,Pulses,Sandy Loam,6.17,High,High,High,946,21,1.27
Ranchi,Wheat,Clay Loam,6.68,High,Medium,High,1188,21,2.13
Ranchi,Pulses,Sandy Loam,7.29,Low,High,High,995,28,1.25
Ranchi,Wheat,Loamy,7.08,Low,Low,Medium,1310,25,3.24
Ranchi,Pulses,Loamy,6.28,High,Medium,Low,1060,25,1.3
Ranchi,Wheat,Clay Loam,6.03,Low,High,Low,953,25,1.79
Ranchi,Maize,Loamy,6.22,Low,Medium,Low,1192,21,3.01
Ranchi,Wheat,Loamy,7.43,Low,High,Low,1169,25,3.28
Ranchi,Pulses,Sandy Loam,7.05,Medium,High,High,879,25,1.04
Ranchi,Rice,Clay Loam,6.9,Medium,High,Medium,1473,26,3.02
Ranchi,Wheat,Clay Loam,6.94,Low,Low,High,1066,22,2.7
Ranchi,Rice,Clayey,6.25,High,High,Low,1314,28,2.66
Ranchi,Rice,Clay Loam,5.59,High,Medium,High,1249,31,3.97
Ranchi,Maize,Sandy Loam,6.32,Medium,Low,High,1149,26,3.23
Ranchi,Pulses,Sandy Loam,6.45,Low,Low,Low,1038,24,1.43
Ranchi,Wheat,Loamy,6.37,Medium,High,Medium,1068,20,3.32
Ranchi,Wheat,Loamy,6.04,Low,Medium,Low,1075,18,2.6
Ranchi,Maize,Sandy Loam,6.24,High,High,Low,1165,19,3.14
Ranchi,Wheat,Loamy,7.46,High,High,High,1156,25,3.38
Ranchi,Wheat,Loamy,6.94,Medium,Low,Medium,1230,21,3.06
Ranchi,Pulses,Sandy Loam,7.38,Low,Medium,Medium,934,26,1.76
Ranchi,Maize,Loamy,7.49,Low,Medium,High,1015,25,3.95
Ranchi,Pulses,Sandy Loam,7.36,Low,Low,High,920,21,1.35
Ranchi,Rice,Loamy,6.08,High,Medium,High,1321,26,4.02
Ranchi,Pulses,Loamy,6.33,High,Medium,Medium,1083,18,1.03
Ranchi,Rice,Clay Loam,5.85,High,High,Medium,1265,28,3.12
Ranchi,Rice,Clayey,6.15,Medium,High,Low,1514,22,4.18
Ranchi,Maize,Loamy,6.97,Medium,High,Low,922,30,3.5
Ranchi,Maize,Loamy,6.12,Medium,Medium,Low,1168,29,2.23
Ranchi,Maize,Sandy Loam,6.57,Low,Low,Medium,1137,21,3.97
Ranchi,Wheat,Loamy,6.37,Medium,Medium,Medium,979,23,1.82
Ranchi,Rice,Clayey,5.89,Medium,Medium,High,1390,23,2.92
Ranchi,Wheat,Loamy,6.58,Low,Low,High,1238,18,2.82
Ranchi,Maize,Sandy Loam,6.92,Medium,Medium,Medium,1041,29,2.54
Ranchi,Wheat,Clay Loam,6.27,Low,Low,Medium,1220,22,2.77
Ranchi,Wheat,Loamy,6.63,Medium,High,High,1059,23,2.55
Ranchi,Wheat,Loamy,7.49,High,High,Low,1235,25,2.38
Ranchi,Maize,Sandy Loam,6.6,Medium,Medium,Medium,1069,21,2.3
Ranchi,Wheat,Loamy,6.6,Low,Medium,High,1309,19,2.44
Ranchi,Maize,Sandy Loam,6.21,High,Medium,Low,1186,18,2.43
Ranchi,Maize,Loamy,6.41,Low,Medium,Medium,1051,22,2.49
Ranchi,Rice,Clayey,6.58,Low,Medium,High,1482,26,3.49
Ranchi,Pulses,Loamy,6.13,High,High,Low,953,24,1.09
Ranchi,Rice,Clayey,6.92,Medium,Low,Low,1202,28,3.86
Ranchi,Pulses,Loamy,7.29,Low,Medium,Medium,1051,28,1.25
Ranchi,Pulses,Loamy,7.0,Low,High,High,983,20,1.76
Ranchi,Wheat,Loamy,7.23,High,High,High,1143,20,3.03
Ranchi,Wheat,Clay Loam,6.41,High,Low,Medium,1014,18,2.1
Ranchi,Rice,Clayey,6.25,High,Medium,Medium,1368,22,4.12
Ranchi,Pulses,Loamy,7.44,Medium,High,High,905,20,1.57
Ranchi,Rice,Loamy,6.88,Medium,Medium,Medium,1399,32,3.82
Ranchi,Maize,Sandy Loam,6.84,Medium,Low,High,940,30,2.55
Ranchi,Wheat,Loamy,7.44,High,Medium,Medium,958,24,2.31
Ranchi,Pulses,Loamy,6.15,Low,Medium,Low,988,18,1.51
Ranchi,Rice,Clayey,6.96,Medium,Medium,Medium,1468,29,2.99
Ranchi,Rice,Clayey,6.02,Low,High,High,1323,29,4.47
Ranchi,Rice,Clayey,5.81,Low,High,Medium,1449,22,3.08
Ranchi,Pulses,Sandy Loam,6.92,Medium,Low,Low,979,19,1.51
Ranchi,Rice,Clay Loam,6.96,High,High,Medium,1320,23,2.84
Ranchi,Maize,Sandy Loam,6.25,Low,Medium,High,906,28,2.15
Ranchi,Rice,Loamy,6.72,High,Medium,High,1467,27,2.53
Ranchi,Wheat,Loamy,7.25,High,High,Low,1005,24,2.33
Ranchi,Pulses,Loamy,7.15,High,Low,Low,831,28,1.21
Ranchi,Maize,Sandy Loam,7.02,High,High,Medium,969,27,3.68
Ranchi,Rice,Clay Loam,6.69,Medium,High,Medium,1291,22,3.06
Ranchi,Wheat,Loamy,6.35,Low,Low,Low,937,21,2.5
Ranchi,Maize,Loamy,6.89,Low,Medium,Medium,1090,28,2.84
Ranchi,Rice,Loamy,6.71,Medium,High,Medium,1327,22,4.34
Ranchi,Maize,Loamy,6.59,High,High,Medium,1108,24,3.98
Ranchi,Rice,Loamy,6.89,Medium,High,High,1337,22,3.68
Ranchi,Wheat,Clay Loam,6.41,High,Low,High,1256,19,2.75
Ranchi,Rice,Clay Loam,5.87,Medium,High,Low,1455,24,4.07
Ranchi,Pulses,Sandy Loam,6.56,Low,High,Medium,839,21,1.07
Ranchi,Wheat,Loamy,6.01,Low,Medium,Low,1363,23,2.5
Ranchi,Maize,Loamy,6.88,High,High,Low,1027,24,2.35
Ranchi,Maize,Sandy Loam,7.2,Medium,Medium,Medium,1020,18,2.01
Ranchi,Pulses,Loamy,6.3,Low,High,Low,1030,28,1.89
